forecast_date,bdi_index,bunker_vlsfo_usd_ton,bunker_rolling_mean_7d,bunker_rolling_mean_30d,bunker_volatility_30d,bdi_rolling_mean_7d,bdi_rolling_mean_30d,bdi_momentum_14d,bdi_pct_change_14d,month,quarter,month_sin,month_cos,is_monsoon
2023-01-01,1412.4,619.4,619.4,619.4,0.0,1412.4,1412.4,,0.0,1,1,0.49999999999999994,0.8660254037844387,0
2023-01-02,1450.5,618.5,619.2714285714285,619.3181818181819,0.00043815960533133343,1417.8428571428574,1415.8636363636363,,0.0,1,1,0.49999999999999994,0.8660254037844387,0
2023-01-03,1490.0,621.6,618.9428571428572,619.0761904761905,0.0011835988279637983,1456.142857142857,1434.2380952380952,77.59999999999991,5.494194279241001,1,1,0.49999999999999994,0.8660254037844387,0
2023-01-04,1503.6,619.7,621.3285714285714,619.8433333333334,0.002133024868903117,1491.9428571428568,1454.0066666666667,53.09999999999991,3.6608066184074395,1,1,0.49999999999999994,0.8660254037844387,0
2023-01-05,1509.6,612.1,618.6142857142858,619.72,0.003096758799280587,1504.4571428571428,1483.3366666666666,19.59999999999991,1.3154362416107321,1,1,0.49999999999999994,0.8660254037844387,0
2023-01-06,1495.6,608.0,611.5142857142857,617.3466666666667,0.007249334808968523,1507.6,1501.2533333333333,-8.0,-0.5320563979781857,1,1,0.49999999999999994,0.8660254037844387,0
2023-01-07,1472.9,602.4,607.1999999999999,612.69,0.008418847833229956,1492.3571428571427,1501.91,-36.69999999999982,-2.43110757816639,1,1,0.49999999999999994,0.8660254037844387,0
2023-01-08,1467.2,602.6,602.4285714285714,607.1833333333333,0.006658699517065451,1472.0857142857144,1491.2866666666666,-28.399999999999864,-1.8989034501203441,1,1,0.49999999999999994,0.8660254037844387,0
2023-01-09,1453.7,603.1,602.6714285714286,604.1700000000001,0.004227046068133807,1465.2714285714285,1477.1699999999998,-19.200000000000045,-1.303550818113928,1,1,0.49999999999999994,0.8660254037844387,0
2023-01-10,1463.1,600.7,602.7571428571429,602.6433333333333,0.0007803579099856569,1455.0428571428572,1464.2733333333333,-4.100000000000136,-0.2794438386041532,1,1,0.49999999999999994,0.8660254037844387,0
2023-01-11,1448.0,608.1,601.7571428571429,602.3166666666667,0.002513022513864081,1460.9428571428568,1460.6933333333334,-5.7000000000000455,-0.3921029098163339,1,1,0.49999999999999994,0.8660254037844387,0
2023-01-12,1421.6,611.4,608.5714285714286,604.2433333333333,0.005643913520296816,1444.2285714285715,1453.8633333333335,-41.5,-2.836443168614586,1,1,0.49999999999999994,0.8660254037844387,0
2023-01-13,1426.9,603.5,610.2714285714285,606.8266666666666,0.007333142472667117,1422.3571428571427,1443.0266666666669,-21.09999999999991,-1.4571823204419827,1,1,0.49999999999999994,0.8660254037844387,0
2023-01-14,1431.8,606.5,603.9285714285714,607.6133333333332,0.005432329355839058,1427.6000000000001,1431.6266666666666,10.200000000000045,0.7175014068655069,1,1,0.49999999999999994,0.8660254037844387,0
2023-01-15,1428.9,605.3,606.3285714285714,606.9300000000001,0.005316840643971616,1431.3857142857144,1427.01,2.0,0.14016399187048847,1,1,0.49999999999999994,0.8660254037844387,0
2023-01-16,1411.0,603.5,605.0428571428571,605.1,0.002072317380576504,1426.3428571428574,1428.6699999999998,-20.799999999999955,-1.4527168598966305,1,1,0.49999999999999994,0.8660254037844387,0
2023-01-17,1419.6,596.4,602.4857142857143,604.7633333333334,0.0033060760731081803,1412.2285714285713,1423.4933333333333,-9.300000000000182,-0.6508503044299938,1,1,0.49999999999999994,0.8660254037844387,0
2023-01-18,1410.0,593.7,596.0142857142857,601.3466666666666,0.006836918202350418,1418.2285714285713,1419.2033333333334,-1.0,-0.07087172218284904,1,1,0.49999999999999994,0.8660254037844387,0
2023-01-19,1435.8,597.4,594.2285714285715,597.6633333333334,0.006805086084493835,1413.6857142857145,1414.36,16.200000000000045,1.1411665257819137,1,1,0.49999999999999994,0.8660254037844387,0
2023-01-20,1428.1,598.7,597.5857142857143,595.91,0.0028043226744107574,1434.7,1422.0833333333333,18.09999999999991,1.2836879432624049,1,1,0.49999999999999994,0.8660254037844387,0
2023-01-21,1416.2,598.0,598.6000000000001,596.7433333333333,0.0035141949329790135,1426.3999999999999,1424.84,-19.59999999999991,-1.3650926312856881,1,1,0.49999999999999994,0.8660254037844387,0
2023-01-22,1386.3,601.2,598.4571428571428,598.16,0.0013028306641234416,1411.9285714285713,1425.05,-41.799999999999955,-2.9269658987465834,1,1,0.49999999999999994,0.8660254037844387,0
2023-01-23,1384.5,605.3,601.7857142857143,599.5200000000001,0.0029512877132790456,1386.042857142857,1408.7466666666667,-31.700000000000045,-2.2383844089817853,1,1,0.49999999999999994,0.8660254037844387,0
2023-01-24,1368.4,606.7,605.5,601.7900000000001,0.005164009160386871,1382.2000000000003,1394.0733333333333,-17.899999999999864,-1.291206809492885,1,1,0.49999999999999994,0.8660254037844387,0
2023-01-25,1367.6,613.0,607.6000000000001,604.7933333333334,0.004579712258701986,1368.2857142857144,1379.1100000000001,-16.90000000000009,-1.2206572769953117,1,1,0.49999999999999994,0.8660254037844387,0
2023-01-26,1388.2,613.3,613.0428571428572,608.6,0.005706620019267384,1370.542857142857,1373.6233333333332,19.799999999999955,1.4469453376205754,1,1,0.49999999999999994,0.8660254037844387,0
2023-01-27,1390.5,605.4,612.1714285714286,610.9566666666667,0.005181417766407635,1388.5285714285715,1375.4700000000003,22.90000000000009,1.6744662181924608,1,1,0.49999999999999994,0.8660254037844387,0
2023-01-28,1399.5,611.3,606.2428571428571,610.5100000000001,0.0060481062505504165,1391.7857142857142,1383.1633333333334,11.299999999999955,0.8140037458579422,1,1,0.49999999999999994,0.8660254037844387,0
2023-01-29,1379.3,609.3,611.0142857142856,609.8666666666666,0.005501555856576889,1396.6142857142856,1392.4366666666667,-11.200000000000045,-0.8054656598345952,1,1,0.49999999999999994,0.8660254037844387,0
2023-01-30,1387.6,607.2,609.0,608.7266666666667,0.003994229949914225,1380.4857142857143,1389.6699999999998,-11.900000000000091,-0.8503036798856799,1,1,0.49999999999999994,0.8660254037844387,0
2023-01-31,1390.1,611.0,607.7428571428572,609.2566666666665,0.002775659217573292,1387.9571428571428,1388.4866666666667,10.799999999999955,0.7830058725440409,1,1,0.49999999999999994,0.8660254037844387,0
2023-02-01,1381.9,609.5,610.7857142857143,609.1733333333334,0.002596598273928968,1388.9285714285713,1385.7533333333333,-5.699999999999818,-0.4107812049581881,2,1,0.8660254037844386,0.5000000000000001,0
2023-02-02,1389.4,610.5,609.6428571428571,609.3433333333334,0.0025564895795750224,1382.9714285714288,1386.5933333333332,-0.6999999999998181,-0.05035608948995167,2,1,0.8660254037844386,0.5000000000000001,0
2023-02-03,1383.6,604.8,609.6857142857143,610.1266666666667,0.001938308180944892,1388.5714285714287,1386.9166666666667,1.699999999999818,0.1230190317678427,2,1,0.8660254037844386,0.5000000000000001,0
2023-02-04,1375.1,601.6,604.342857142857,608.0033333333333,0.004592557533507135,1382.3857142857141,1384.7400000000002,-14.300000000000182,-1.0292212465812711,2,1,0.8660254037844386,0.5000000000000001,0
2023-02-05,1385.2,609.2,602.6857142857143,605.59,0.00609770554265741,1376.542857142857,1382.5600000000002,1.6000000000001364,0.11564035848512118,2,1,0.8660254037844386,0.5000000000000001,0
2023-02-06,1391.7,608.9,609.157142857143,605.3366666666667,0.005350100879864867,1386.1285714285714,1381.57,16.600000000000136,1.207184932004955,2,1,0.8660254037844386,0.5000000000000001,0
2023-02-07,1391.1,609.1,608.9285714285714,606.8166666666668,0.005727820459457037,1391.6142857142859,1384.5333333333333,5.899999999999864,0.4259312734623061,2,1,0.8660254037844386,0.5000000000000001,0
2023-02-08,1386.4,610.3,609.2714285714285,609.1033333333332,0.000423497813355637,1390.4285714285713,1389.3733333333332,-5.2999999999999545,-0.3808292016957645,2,1,0.8660254037844386,0.5000000000000001,0
2023-02-09,1357.2,614.9,610.9571428571428,609.6333333333333,0.0019232567189132366,1382.2285714285717,1388.5833333333333,-33.899999999999864,-2.4369204226870727,2,1,0.8660254037844386,0.5000000000000001,0
2023-02-10,1377.1,611.3,614.3857142857142,611.5066666666665,0.0040953468141251195,1360.042857142857,1377.7666666666667,-9.300000000000182,-0.6708020773225751,2,1,0.8660254037844386,0.5000000000000001,0
2023-02-11,1342.1,613.6,611.6285714285714,612.2766666666666,0.0032562545363990576,1372.1000000000001,1372.0900000000001,-15.100000000000136,-1.1125847332743986,2,1,0.8660254037844386,0.5000000000000001,0
2023-02-12,1317.4,611.3,613.2714285714285,613.1466666666666,0.002483323266532004,1338.5714285714287,1357.4733333333331,-59.69999999999982,-4.335197153438372,2,1,0.8660254037844386,0.5000000000000001,0
2023-02-13,1304.9,605.1,610.4142857142857,611.86,0.002747107893765678,1315.6142857142859,1343.1266666666666,-37.19999999999982,-2.771775575590479,2,1,0.8660254037844386,0.5000000000000001,0
2023-02-14,1278.4,607.0,605.3714285714286,609.7800000000001,0.00594562392090296,1301.1142857142859,1319.3433333333332,-39.0,-2.960376499165022,2,1,0.8660254037844386,0.5000000000000001,0
2023-02-15,1317.2,603.9,606.5571428571428,607.5533333333334,0.0043540630568238365,1283.9428571428573,1300.2266666666667,12.299999999999955,0.9426009655912295,2,1,0.8660254037844386,0.5000000000000001,0
2023-02-16,1337.6,599.0,603.1999999999999,605.13,0.0028734921640060384,1320.1142857142856,1301.256666666667,59.19999999999982,4.6307884856069945,2,1,0.8660254037844386,0.5000000000000001,0
2023-02-17,1370.4,592.5,598.0714285714286,602.8166666666667,0.0063231422814504865,1342.2857142857142,1314.1333333333334,53.200000000000045,4.038870331005166,2,1,0.8660254037844386,0.5000000000000001,0
2023-02-18,1376.9,595.7,592.9571428571428,598.1933333333333,0.007791399263405563,1371.3285714285716,1343.7233333333336,39.30000000000018,2.9380980861244157,2,1,0.8660254037844386,0.5000000000000001,0
2023-02-19,1344.0,597.8,596.0,595.6933333333333,0.004461316438895663,1372.2000000000003,1361.8466666666668,-26.40000000000009,-1.9264448336252256,2,1,0.8660254037844386,0.5000000000000001,0
2023-02-20,1350.3,599.1,597.9857142857143,595.5533333333333,0.003782656208906476,1344.8999999999999,1363.0966666666668,-26.600000000000136,-1.931875953228276,2,1,0.8660254037844386,0.5000000000000001,0
2023-02-21,1356.2,600.3,599.2714285714285,597.6866666666666,0.0024553300601062077,1351.142857142857,1356.3766666666666,12.200000000000045,0.9077380952380986,2,1,0.8660254037844386,0.5000000000000001,0
2023-02-22,1402.9,602.2,600.5714285714286,599.2133333333334,0.0019312092080234961,1362.8714285714286,1352.13,52.600000000000136,3.895430645041853,2,1,0.8660254037844386,0.5000000000000001,0
2023-02-23,1419.4,598.3,601.6428571428571,600.5066666666667,0.0022251464477644656,1405.257142857143,1372.1033333333335,63.200000000000045,4.660079634272234,2,1,0.8660254037844386,0.5000000000000001,0
2023-02-24,1448.5,595.0,597.8285714285713,600.09,0.0031385037256801657,1423.5571428571432,1395.91,45.59999999999991,3.250409865279058,2,1,0.8660254037844386,0.5000000000000001,0
2023-02-25,1458.9,598.3,595.4714285714284,598.37,0.004863885983335349,1449.9857142857143,1425.4666666666667,39.5,2.7828659997181906,2,1,0.8660254037844386,0.5000000000000001,0
2023-02-26,1452.8,595.3,597.8714285714285,597.1,0.0026879069533563074,1458.0285714285715,1443.38,4.2999999999999545,0.29685881946841247,2,1,0.8660254037844386,0.5000000000000001,0
2023-02-27,1432.5,595.0,595.2571428571428,596.2,0.0025418279092180936,1449.8999999999999,1452.8666666666666,-26.40000000000009,-1.8095825622044068,2,1,0.8660254037844386,0.5000000000000001,0
2023-02-28,1439.5,598.3,595.4714285714284,596.2,0.0025418279092180936,1433.5,1447.4199999999998,-13.299999999999955,-0.9154735682819352,2,1,0.8660254037844386,0.5000000000000001,0
2023-03-01,1476.0,597.2,598.1428571428571,596.2633333333332,0.00254288686961639,1444.7142857142858,1442.3733333333332,43.5,3.0366492146596857,3,1,1.0,6.123233995736766e-17,0
2023-03-02,1491.7,593.8,596.7142857142857,596.7933333333333,0.0024551438652464794,1478.2428571428572,1451.3066666666668,52.200000000000045,3.626259117749222,3,1,1.0,6.123233995736766e-17,0
2023-03-03,1503.8,592.9,593.6714285714286,596.2533333333333,0.0033844283430731065,1493.4285714285713,1471.21,27.799999999999955,1.8834688346883437,3,1,1.0,6.123233995736766e-17,0
2023-03-04,1515.8,592.6,592.8571428571429,594.48,0.003119096097058766,1505.5142857142857,1491.8266666666668,24.09999999999991,1.6156063551652418,3,1,1.0,6.123233995736766e-17,0
2023-03-05,1478.0,590.8,592.342857142857,593.0,0.0010982440609212593,1510.3999999999999,1503.31,-25.799999999999955,-1.7156536773507085,3,1,1.0,6.123233995736766e-17,0
2023-03-06,1483.4,585.9,590.1,591.8666666666667,0.0024697681570899233,1478.7714285714285,1498.52,-32.399999999999864,-2.1374851563530717,3,1,1.0,6.123233995736766e-17,0
2023-03-07,1493.1,582.3,585.3857142857142,589.4233333333333,0.0053153524637056465,1484.7857142857142,1491.6433333333332,15.099999999999909,1.021650879566976,3,1,1.0,6.123233995736766e-17,0
2023-03-08,1494.7,577.8,581.6571428571427,585.8999999999999,0.006427718634452639,1493.3285714285714,1485.39,11.299999999999955,0.7617635162464578,3,1,1.0,6.123233995736766e-17,0
2023-03-09,1508.8,582.1,578.4142857142857,581.8733333333332,0.005652528060321069,1496.714285714286,1491.2466666666667,15.700000000000045,1.051503583149156,3,1,1.0,6.123233995736766e-17,0
2023-03-10,1474.4,578.3,581.5571428571428,580.6,0.0036773900539484707,1503.8857142857141,1498.2433333333333,-20.299999999999955,-1.3581320666354422,3,1,1.0,6.123233995736766e-17,0
2023-03-11,1487.4,580.4,578.5999999999999,579.4866666666668,0.003342729786154784,1476.257142857143,1492.3899999999999,-21.399999999999864,-1.4183457051961734,3,1,1.0,6.123233995736766e-17,0
2023-03-12,1501.8,584.9,581.0428571428571,580.36,0.0030407187983606835,1489.457142857143,1489.9666666666667,27.399999999999864,1.858383071079752,3,1,1.0,6.123233995736766e-17,0
2023-03-13,1518.1,583.7,584.7285714285714,581.38,0.004783266392354259,1504.1285714285711,1489.3233333333333,30.699999999999818,2.0640043028102606,3,1,1.0,6.123233995736766e-17,0
2023-03-14,1498.9,582.7,583.5571428571429,583.0766666666666,0.0032125535277087005,1515.357142857143,1502.8166666666666,-2.8999999999998636,-0.19310161139964466,3,1,1.0,6.123233995736766e-17,0
2023-03-15,1501.0,592.0,584.0285714285716,584.0033333333334,0.0030012304362245904,1499.2000000000003,1506.24,-17.09999999999991,-1.1264080100125096,3,1,1.0,6.123233995736766e-17,0
2023-03-16,1518.3,585.5,591.0714285714286,586.1933333333333,0.007193377703307187,1503.4714285714285,1506.0066666666667,19.399999999999864,1.2942824738141212,3,1,1.0,6.123233995736766e-17,0
2023-03-17,1545.6,585.8,585.5428571428572,586.8366666666666,0.006634187428524312,1522.2,1507.6233333333332,44.59999999999991,2.971352431712186,3,1,1.0,6.123233995736766e-17,0
2023-03-18,1527.8,588.5,586.1857142857142,587.65,0.005011060763436649,1543.0571428571425,1522.5266666666669,9.5,0.6256997958242771,3,1,1.0,6.123233995736766e-17,0
2023-03-19,1533.3,588.7,588.5285714285714,586.7066666666667,0.0023991519229546393,1528.5857142857142,1531.0666666666666,-12.299999999999955,-0.7958074534161462,3,1,1.0,6.123233995736766e-17,0
2023-03-20,1587.0,591.2,589.0571428571429,587.8466666666667,0.002456945285549524,1540.9714285714285,1536.9466666666667,59.200000000000045,3.8748527294148483,3,1,1.0,6.123233995736766e-17,0
2023-03-21,1591.8,588.6,590.8285714285714,589.47,0.002115172043254594,1587.6857142857145,1551.5,58.5,3.8153003326159265,3,1,1.0,6.123233995736766e-17,0
2023-03-22,1572.1,588.1,588.5285714285714,589.48,0.0021063209497112906,1588.9857142857143,1571.993333333333,-14.900000000000091,-0.9388783868935154,3,1,1.0,6.123233995736766e-17,0
2023-03-23,1593.8,583.3,587.4142857142857,589.0366666666666,0.002918593253697082,1575.2,1583.86,2.0,0.12564392511622063,3,1,1.0,6.123233995736766e-17,0
2023-03-24,1582.1,580.7,582.9285714285713,586.4033333333333,0.004490102440330657,1592.1285714285714,1585.5766666666666,10.0,0.6360918516633802,3,1,1.0,6.123233995736766e-17,0
2023-03-25,1592.3,575.7,579.9857142857144,583.62,0.005776916062676672,1583.5571428571425,1583.34,-1.5,-0.09411469444095873,3,1,1.0,6.123233995736766e-17,0
2023-03-26,1645.4,579.8,576.2857142857143,579.7833333333333,0.0054206750073014605,1599.8857142857141,1591.12,63.30000000000018,4.00101131407624,3,1,1.0,6.123233995736766e-17,0
2023-03-27,1633.4,584.9,580.5285714285714,578.8733333333333,0.004251356487400393,1643.685714285714,1608.3100000000002,41.100000000000136,2.5811718897192826,3,1,1.0,6.123233995736766e-17,0
2023-03-28,1644.6,588.0,585.342857142857,580.5433333333333,0.006875631131720367,1635.0,1625.4433333333334,-0.8000000000001819,-0.048620396256240546,3,1,1.0,6.123233995736766e-17,0
2023-03-29,1643.2,575.0,586.1428571428571,584.0733333333333,0.006419530524378171,1644.3999999999999,1641.0600000000002,9.799999999999955,0.5999755112036215,3,1,1.0,6.123233995736766e-17,0
2023-03-30,1637.0,570.0,574.2857142857143,582.1366666666667,0.010430166388759378,1642.314285714286,1640.5200000000002,-7.599999999999909,-0.4621184482548893,3,1,1.0,6.123233995736766e-17,0
2023-03-31,1601.4,568.2,569.7428571428571,577.0066666666667,0.013255290541433857,1631.9142857142856,1640.16,-41.799999999999955,-2.543816942551117,3,1,1.0,6.123233995736766e-17,0
2023-04-01,1637.5,562.5,567.3857142857144,570.65,0.005645421735577072,1606.5571428571432,1627.01,0.5,0.030543677458766037,4,2,0.8660254037844387,-0.4999999999999998,0
2023-04-02,1637.8,558.6,561.9428571428572,566.5200000000001,0.006232592551145035,1637.542857142857,1625.3266666666666,36.399999999999864,2.2730111152741266,4,2,0.8660254037844387,-0.4999999999999998,0
2023-04-03,1642.9,556.2,558.2571428571429,562.7,0.007252665557285897,1638.5285714285712,1626.95,5.400000000000091,0.32977099236641777,4,2,0.8660254037844387,-0.4999999999999998,0
2023-04-04,1633.4,556.6,556.257142857143,558.9033333333333,0.004648283730992864,1641.542857142857,1639.2633333333333,-4.399999999999864,-0.2686530711930556,4,2,0.8660254037844387,-0.4999999999999998,0
2023-04-05,1673.1,551.7,555.9,556.9033333333333,0.0025579566920505793,1639.0714285714287,1639.21,30.199999999999818,1.8382129161847842,4,2,0.8660254037844387,-0.4999999999999998,0
2023-04-06,1624.4,551.1,551.6142857142858,554.6633333333334,0.004225110575044525,1666.142857142857,1649.1833333333334,-9.0,-0.550997918452308,4,2,0.8660254037844387,-0.4999999999999998,0
2023-04-07,1631.6,548.6,550.7428571428571,552.8666666666667,0.004611029167849638,1625.4285714285713,1643.5733333333333,-41.5,-2.4804255573486342,4,2,0.8660254037844387,-0.4999999999999998,0
2023-04-08,1619.3,546.2,548.2571428571429,550.2833333333333,0.002818128568498883,1629.8428571428572,1641.2400000000002,-5.100000000000136,-0.3139620783058444,4,2,0.8660254037844387,-0.4999999999999998,0
2023-04-09,1628.4,543.5,545.8142857142858,548.38,0.00398382259417607,1620.6,1625.2333333333333,-3.199999999999818,-0.19612650159351672,4,2,0.8660254037844387,-0.4999999999999998,0
2023-04-10,1636.1,546.7,543.9571428571428,546.0366666666667,0.0037898491600606267,1629.5,1626.5833333333333,16.799999999999955,1.0374853331686502,4,2,0.8660254037844387,-0.4999999999999998,0
2023-04-11,1615.5,544.5,546.3857142857144,545.4100000000001,0.0026277301776743037,1633.1571428571426,1627.8066666666666,-12.900000000000091,-0.7921886514369989,4,2,0.8660254037844387,-0.4999999999999998,0
2023-04-12,1630.9,544.4,544.4857142857143,544.93,0.0024540821731130354,1617.7,1626.75,-5.199999999999818,-0.3178289835584511,4,2,0.8660254037844387,-0.4999999999999998,0
2023-04-13,1662.9,542.0,544.0571428571428,545.0433333333333,0.0021829608396200214,1635.4714285714288,1628.3933333333334,47.40000000000009,2.9340761374187614,4,2,0.8660254037844387,-0.4999999999999998,0
2023-04-14,1658.0,541.1,541.8714285714286,543.52,0.0023007240932911527,1662.2000000000003,1637.85,27.09999999999991,1.6616592065730522,4,2,0.8660254037844387,-0.4999999999999998,0
2023-04-15,1678.7,544.4,541.5714285714287,542.5,0.002611335968933302,1660.957142857143,1652.1933333333334,15.799999999999955,0.9501473329725152,4,2,0.8660254037844387,-0.4999999999999998,0
2023-04-16,1679.3,547.1,544.7857142857143,542.67,0.003026829335851685,1678.7857142857144,1667.0800000000002,21.299999999999955,1.2846803377563303,4,2,0.8660254037844387,-0.4999999999999998,0
2023-04-17,1687.5,546.6,547.0285714285715,544.3833333333333,0.004522031163058434,1680.4714285714285,1672.9833333333333,8.799999999999955,0.5242151664978825,4,2,0.8660254037844387,-0.4999999999999998,0
2023-04-18,1702.5,543.3,546.1285714285715,545.9966666666667,0.0023074373841979992,1689.642857142857,1682.6266666666666,23.200000000000045,1.3815280176263947,4,2,0.8660254037844387,-0.4999999999999998,0
2023-04-19,1677.4,538.5,542.6142857142856,545.38,0.003913509138920109,1698.9142857142856,1689.7033333333334,-10.099999999999909,-0.5985185185185131,4,2,0.8660254037844387,-0.4999999999999998,0
2023-04-20,1697.3,541.0,538.8571428571429,542.6133333333333,0.00611762880289688,1680.2428571428572,1689.46,-5.2000000000000455,-0.3054331864904579,4,2,0.8660254037844387,-0.4999999999999998,0
2023-04-21,1697.1,537.4,540.4857142857143,540.7366666666666,0.00377736821522514,1697.2714285714285,1692.22,19.699999999999818,1.1744366281149288,4,2,0.8660254037844387,-0.4999999999999998,0
2023-04-22,1680.3,541.3,537.9571428571428,539.06,0.0029438826301385742,1694.7,1690.6966666666667,-17.0,-1.00159076179815,4,2,0.8660254037844387,-0.4999999999999998,0
2023-04-23,1659.7,540.0,541.1142857142856,539.8666666666667,0.0033164856112325477,1677.357142857143,1690.313333333333,-37.399999999999864,-2.2037593541924383,4,2,0.8660254037844387,-0.4999999999999998,0
2023-04-24,1645.7,536.7,539.5285714285714,539.5433333333333,0.003123696775770585,1657.7,1677.32,-34.59999999999991,-2.059156103076826,4,2,0.8660254037844387,-0.4999999999999998,0
2023-04-25,1651.9,534.7,536.4142857142858,539.1133333333333,0.0039063052415481275,1646.5857142857144,1660.9533333333334,-7.7999999999999545,-0.469964451406878,4,2,0.8660254037844387,-0.4999999999999998,0
2023-04-26,1657.8,528.9,533.8714285714286,536.7633333333333,0.004876963573996529,1652.7428571428572,1652.3700000000001,12.099999999999909,0.7352494379291432,4,2,0.8660254037844387,-0.4999999999999998,0
2023-04-27,1640.0,528.0,528.7714285714285,533.1433333333333,0.006465627253274383,1655.2571428571428,1651.6100000000001,-11.900000000000091,-0.7203825897451474,4,2,0.8660254037844387,-0.4999999999999998,0
2023-04-28,1676.9,531.5,528.5,530.4266666666666,0.005509820947137654,1645.2714285714287,1650.7333333333333,19.100000000000136,1.1521293280251017,4,2,0.8660254037844387,-0.4999999999999998,0
2023-04-29,1676.6,527.5,530.9285714285714,529.42,0.0029251152366690874,1676.857142857143,1658.8600000000001,36.59999999999991,2.231707317073165,4,2,0.8660254037844387,-0.4999999999999998,0
2023-04-30,1669.4,528.7,527.6714285714286,529.0233333333333,0.0034045538609049765,1675.5714285714287,1665.48,-7.5,-0.4472538612916691,4,2,0.8660254037844387,-0.4999999999999998,0
2023-05-01,1682.5,534.9,529.5857142857143,529.3466666666667,0.003693497493137249,1671.2714285714287,1674.4866666666667,5.900000000000091,0.35190266014553806,5,2,0.49999999999999994,-0.8660254037844387,0
2023-05-02,1692.6,537.6,535.2857142857142,530.7033333333334,0.006603552736997198,1683.9428571428568,1676.7,23.199999999999818,1.389720857793208,5,2,0.49999999999999994,-0.8660254037844387,0
2023-05-03,1698.3,537.7,537.6142857142858,534.0333333333333,0.0069905747122020025,1693.4142857142856,1682.4633333333334,15.799999999999955,0.9390787518573523,5,2,0.49999999999999994,-0.8660254037844387,0
2023-05-04,1679.1,537.8,537.7142857142858,536.83,0.0023956170371412034,1695.5571428571427,1691.02,-13.5,-0.7975895072669267,5,2,0.49999999999999994,-0.8660254037844387,0
2023-05-05,1715.4,541.6,538.342857142857,537.8333333333334,0.0013312514318605255,1684.2857142857142,1690.7599999999998,17.100000000000136,1.006889242183368,5,2,0.49999999999999994,-0.8660254037844387,0
2023-05-06,1696.3,545.1,542.1,539.28,0.0039571771024116435,1712.6714285714286,1697.5333333333333,17.200000000000045,1.0243582871776573,5,2,0.49999999999999994,-0.8660254037844387,0
2023-05-07,1751.2,541.9,544.6428571428571,541.6366666666667,0.005447935393009601,1704.1428571428569,1699.3366666666666,35.799999999999955,2.0869767984143612,5,2,0.49999999999999994,-0.8660254037844387,0
2023-05-08,1736.3,533.4,540.6857142857142,542.5933333333334,0.004343018013383069,1749.0714285714287,1721.6633333333334,40.0,2.3580734539880917,5,2,0.49999999999999994,-0.8660254037844387,0
2023-05-09,1717.4,534.0,533.4857142857143,539.7633333333333,0.009359349393263593,1733.6,1728.6366666666665,-33.799999999999955,-1.9301050708085858,5,2,0.49999999999999994,-0.8660254037844387,0
2023-05-10,1764.3,537.8,534.5428571428572,536.2966666666666,0.007108686622633413,1724.1000000000001,1735.4033333333334,28.0,1.6126245464493463,5,2,0.49999999999999994,-0.8660254037844387,0
2023-05-11,1742.0,539.8,538.0857142857142,535.28,0.0039876535066365616,1761.1142857142856,1739.5233333333333,24.59999999999991,1.4323978106439914,5,2,0.49999999999999994,-0.8660254037844387,0
2023-05-12,1787.8,544.5,540.4714285714284,537.55,0.005041345339993432,1748.542857142857,1743.5800000000002,23.5,1.331973020461373,5,2,0.49999999999999994,-0.8660254037844387,0
2023-05-13,1745.1,549.9,545.2714285714285,541.1033333333332,0.006022276077980749,1781.6999999999996,1764.06,3.099999999999909,0.17795637198621753,5,2,0.49999999999999994,-0.8660254037844387,0
2023-05-14,1776.1,543.5,548.9857142857143,544.8566666666667,0.007525714868176754,1749.5285714285712,1759.4366666666667,-11.700000000000045,-0.6544356191967807,5,2,0.49999999999999994,-0.8660254037844387,0
2023-05-15,1776.3,543.7,543.5285714285714,545.9399999999999,0.005269757826487384,1776.1285714285714,1769.283333333333,31.200000000000045,1.7878631597043178,5,2,0.49999999999999994,-0.8660254037844387,0
2023-05-16,1791.9,539.4,543.0857142857143,545.35,0.005729980423010897,1778.5285714285715,1767.3933333333334,15.800000000000182,0.8895895501379529,5,2,0.49999999999999994,-0.8660254037844387,0
2023-05-17,1795.0,541.5,539.6999999999999,542.1333333333333,0.0036965425795182994,1792.3428571428574,1782.0633333333333,18.700000000000045,1.052750098519397,5,2,0.49999999999999994,-0.8660254037844387,0
2023-05-18,1767.0,535.4,540.6285714285715,541.2566666666667,0.0038064102718512655,1791.0,1787.4233333333334,-24.90000000000009,-1.3895864724594056,5,2,0.49999999999999994,-0.8660254037844387,0
2023-05-19,1775.3,532.4,534.9714285714285,538.5333333333333,0.005235843678256739,1768.185714285714,1784.0799999999997,-19.700000000000045,-1.0974930362117017,5,2,0.49999999999999994,-0.8660254037844387,0
2023-05-20,1778.3,537.1,533.0714285714286,536.2866666666666,0.006961443310541642,1775.7285714285713,1778.5433333333333,11.299999999999955,0.6395019807583449,5,2,0.49999999999999994,-0.8660254037844387,0
2023-05-21,1829.9,544.1,538.1,535.2566666666667,0.004831815064590324,1785.6714285714286,1775.63,54.600000000000136,3.0755365290373535,5,2,0.49999999999999994,-0.8660254037844387,0
2023-05-22,1854.2,546.7,544.4714285714286,538.3433333333334,0.009349001977729554,1833.3714285714289,1797.13,75.90000000000009,4.268121239385936,5,2,0.49999999999999994,-0.8660254037844387,0
2023-05-23,1830.2,549.4,547.0857142857143,543.0433333333334,0.007670684101600619,1850.7714285714287,1822.53,0.2999999999999545,0.016394338488439505,5,2,0.49999999999999994,-0.8660254037844387,0
2023-05-24,1786.3,544.7,548.7285714285714,546.7533333333333,0.0039847862593403865,1823.9285714285713,1836.6466666666668,-67.90000000000009,-3.661956638981776,5,2,0.49999999999999994,-0.8660254037844387,0
2023-05-25,1779.6,547.6,545.1142857142858,546.9633333333334,0.003587010115389997,1785.3428571428572,1821.0800000000002,-50.600000000000136,-2.764725166648461,5,2,0.49999999999999994,-0.8660254037844387,0
2023-05-26,1781.5,554.1,548.5285714285715,547.39,0.004212384645478465,1779.8714285714286,1797.0766666666668,-4.7999999999999545,-0.26871186250909446,5,2,0.49999999999999994,-0.8660254037844387,0
2023-05-27,1739.0,553.9,554.0714285714287,549.1066666666667,0.007329779837167191,1775.4285714285713,1780.8899999999999,-40.59999999999991,-2.281411553158008,5,2,0.49999999999999994,-0.8660254037844387,0
2023-05-28,1738.2,545.6,552.7142857142857,551.8,0.005772190279226251,1738.8857142857141,1765.32,-43.299999999999955,-2.4305360651136656,5,2,0.49999999999999994,-0.8660254037844387,0
2023-05-29,1705.7,548.3,545.9857142857144,551.0066666666667,0.007302172344258537,1733.5571428571432,1750.3733333333332,-33.299999999999955,-1.9148936170212738,5,2,0.49999999999999994,-0.8660254037844387,0
2023-05-30,1682.2,546.2,548.0,549.01,0.006277248773170353,1702.3428571428574,1725.74,-56.0,-3.221723622137844,5,2,0.49999999999999994,-0.8660254037844387,0
2023-05-31,1680.7,550.0,546.7428571428571,546.8466666666667,0.0023827086025665217,1681.9857142857143,1706.7833333333333,-25.0,-1.4656739168669755,5,2,0.49999999999999994,-0.8660254037844387,0
2023-06-01,1693.4,547.9,549.7,548.1533333333333,0.0028847744910788214,1682.5142857142857,1689.1233333333334,11.200000000000045,0.6657947925335896,6,2,1.2246467991473532e-16,-1.0,1
2023-06-02,1690.7,543.8,547.3142857142857,547.9533333333333,0.0031579409039158035,1693.0142857142857,1685.716666666667,10.0,0.5949901826619861,6,2,1.2246467991473532e-16,-1.0,1
2023-06-03,1660.8,551.6,544.9142857142857,547.2866666666666,0.004919228311113299,1686.4285714285713,1687.6033333333335,-32.600000000000136,-1.925121058226062,6,2,1.2246467991473532e-16,-1.0,1
2023-06-04,1643.4,552.5,551.7285714285715,547.92,0.006120560676442023,1658.314285714286,1679.9666666666667,-47.299999999999955,-2.7976577748861393,6,2,1.2246467991473532e-16,-1.0,1
2023-06-05,1637.9,554.9,552.8428571428572,549.67,0.007204612492776296,1642.6142857142859,1663.2066666666665,-22.899999999999864,-1.378853564547198,6,2,1.2246467991473532e-16,-1.0,1
2023-06-06,1624.7,552.6,554.5714285714286,553.0333333333333,0.002520930477722115,1636.0142857142857,1646.1633333333334,-18.700000000000045,-1.1378848728246345,6,2,1.2246467991473532e-16,-1.0,1
2023-06-07,1567.2,546.6,551.7428571428571,553.1366666666668,0.003009266098561276,1616.4857142857143,1632.7933333333335,-70.70000000000005,-4.316502839001163,6,2,1.2246467991473532e-16,-1.0,1
2023-06-08,1608.3,545.6,546.4571428571429,551.0566666666667,0.0066133538217220365,1573.0714285714287,1608.9466666666667,-16.40000000000009,-1.0094171231612046,6,2,1.2246467991473532e-16,-1.0,1
2023-06-09,1616.2,557.9,547.3571428571429,548.4433333333333,0.006422022958597849,1609.4285714285713,1599.7833333333333,49.0,3.1265952016334864,6,2,1.2246467991473532e-16,-1.0,1
2023-06-10,1613.0,554.1,557.3571428571429,550.2833333333333,0.01032488990709252,1615.7428571428572,1598.76,4.7000000000000455,0.2922340359385715,6,2,1.2246467991473532e-16,-1.0,1
2023-06-11,1618.1,551.0,553.657142857143,552.7133333333334,0.009179894375142824,1613.7285714285713,1612.8266666666668,1.8999999999998636,0.11755970795692759,6,2,1.2246467991473532e-16,-1.0,1
2023-06-12,1602.0,546.7,550.3857142857142,553.9599999999999,0.005611532178054279,1615.7999999999997,1615.2933333333333,-11.0,-0.6819590824550528,6,2,1.2246467991473532e-16,-1.0,1
2023-06-13,1624.1,546.7,546.7,550.3533333333334,0.005619031666299563,1605.1571428571428,1611.4033333333332,6.0,0.37080526543476916,6,2,1.2246467991473532e-16,-1.0,1
2023-06-14,1626.0,543.2,546.2,547.8733333333333,0.003972362485152747,1624.3714285714286,1614.9966666666664,24.0,1.4981273408239701,6,2,1.2246467991473532e-16,-1.0,1
2023-06-15,1639.5,539.1,542.6142857142858,545.2800000000001,0.0037269351072777065,1627.9285714285713,1618.6166666666666,15.400000000000091,0.9482174742934606,6,2,1.2246467991473532e-16,-1.0,1
2023-06-16,1617.7,533.6,538.3142857142858,542.5633333333334,0.006478941563328687,1636.3857142857141,1629.6533333333332,-8.299999999999955,-0.5104551045510427,6,2,1.2246467991473532e-16,-1.0,1
2023-06-17,1665.4,528.0,532.8000000000001,538.1266666666667,0.008082318197963392,1624.5142857142857,1629.0466666666666,25.90000000000009,1.5797499237572485,6,2,1.2246467991473532e-16,-1.0,1
2023-06-18,1649.2,526.0,527.7142857142857,533.13,0.008790868839752317,1663.0857142857144,1641.19,31.5,1.947209000432713,6,2,1.2246467991473532e-16,-1.0,1
2023-06-19,1627.6,526.2,526.0285714285714,528.9533333333334,0.006062449615139016,1646.1142857142856,1644.43,-37.80000000000018,-2.269724990993166,6,2,1.2246467991473532e-16,-1.0,1
2023-06-20,1634.4,526.0,526.1714285714286,526.6666666666666,0.0016933923309076298,1628.5714285714287,1646.3666666666666,-14.799999999999955,-0.8974048023283989,6,2,1.2246467991473532e-16,-1.0,1
2023-06-21,1611.7,523.7,525.6714285714286,525.99,0.0008419089517826672,1631.1571428571428,1635.8166666666666,-15.899999999999864,-0.9768985008601538,6,2,1.2246467991473532e-16,-1.0,1
2023-06-22,1624.2,519.8,523.1428571428571,525.0866666666667,0.002887689123220821,1613.4857142857145,1624.4533333333334,-10.200000000000045,-0.6240822320117502,6,2,1.2246467991473532e-16,-1.0,1
2023-06-23,1643.0,513.1,518.842857142857,522.7366666666667,0.005988978303338268,1626.8857142857144,1623.7200000000003,31.299999999999955,1.9420487683812093,6,2,1.2246467991473532e-16,-1.0,1
2023-06-24,1626.5,515.4,513.4285714285714,518.59,0.008482935037859848,1640.642857142857,1626.7933333333335,2.2999999999999545,0.1416081763329611,6,2,1.2246467991473532e-16,-1.0,1
2023-06-25,1581.4,508.9,514.4714285714285,515.7366666666667,0.005872261332202842,1620.0571428571432,1629.8066666666666,-61.59999999999991,-3.749239196591595,6,2,1.2246467991473532e-16,-1.0,1
2023-06-26,1587.9,505.3,508.38571428571424,512.2066666666666,0.005915053978759364,1582.3285714285716,1615.13,-38.59999999999991,-2.373193974792494,6,2,1.2246467991473532e-16,-1.0,1
2023-06-27,1546.3,505.0,505.25714285714287,509.52000000000004,0.008258892806330258,1581.957142857143,1595.9266666666667,-35.100000000000136,-2.219552295434434,6,2,1.2246467991473532e-16,-1.0,1
2023-06-28,1530.1,505.2,505.0285714285714,506.27666666666664,0.00345896516384153,1543.9857142857143,1570.1566666666668,-57.80000000000018,-3.6400277095535096,6,2,1.2246467991473532e-16,-1.0,1
2023-06-29,1520.4,509.2,505.7714285714286,505.2966666666667,0.0014795907572185466,1528.7142857142858,1552.5166666666667,-25.899999999999864,-1.674966047985505,6,2,1.2246467991473532e-16,-1.0,1
2023-06-30,1541.3,504.7,508.5571428571429,506.45666666666665,0.0039016337025110847,1523.3857142857144,1532.0999999999997,11.200000000000045,0.7319783020717631,6,2,1.2246467991473532e-16,-1.0,1
2023-07-01,1577.4,494.8,503.2857142857143,506.02000000000004,0.0058080023222611115,1546.4571428571428,1532.1766666666667,57.0,3.7490134175217045,7,3,-0.4999999999999997,-0.8660254037844388,1
2023-07-02,1591.8,494.0,494.6857142857143,502.3933333333334,0.012354529904909818,1579.457142857143,1548.7466666666667,50.5,3.2764549406345296,7,3,-0.4999999999999997,-0.8660254037844388,1
2023-07-03,1576.7,494.3,494.04285714285714,497.4866666666667,0.00967758705431685,1589.642857142857,1571.3466666666668,-0.7000000000000455,-0.04437682261950332,7,3,-0.4999999999999997,-0.8660254037844388,1
2023-07-04,1605.9,495.4,494.45714285714286,494.38666666666666,0.0007637557665223519,1580.8714285714289,1582.9166666666667,14.100000000000136,0.8857896720693641,7,3,-0.4999999999999997,-0.8660254037844388,1
2023-07-05,1595.6,493.4,495.1142857142857,494.5466666666667,0.0012950002725879539,1604.4285714285713,1591.5933333333332,18.899999999999864,1.1987061584321599,7,3,-0.4999999999999997,-0.8660254037844388,1
2023-07-06,1605.4,491.7,493.15714285714284,494.28,0.0019502542468527713,1597.0,1593.69,-0.5,-0.031135188990597168,7,3,-0.4999999999999997,-0.8660254037844388,1
2023-07-07,1657.3,495.2,492.2,493.4933333333333,0.003100176089370071,1612.814285714286,1604.0133333333333,61.700000000000045,3.8668839308097303,7,3,-0.4999999999999997,-0.8660254037844388,1
2023-07-08,1687.3,493.6,494.97142857142853,493.43999999999994,0.0029462428761086326,1661.5857142857144,1622.4900000000002,81.89999999999986,5.101532328391669,7,3,-0.4999999999999997,-0.8660254037844388,1
2023-07-09,1662.1,486.1,492.52857142857147,493.31333333333333,0.003981475287021905,1683.7,1651.8899999999999,4.7999999999999545,0.2896277077173689,7,3,-0.4999999999999997,-0.8660254037844388,1
2023-07-10,1662.6,492.8,487.05714285714294,491.55333333333334,0.008106849091412726,1662.1714285714286,1669.0766666666666,-24.700000000000045,-1.4638772002607743,7,3,-0.4999999999999997,-0.8660254037844388,1
2023-07-11,1657.1,496.1,493.27142857142866,490.9166666666667,0.007168464209155702,1661.8142857142855,1669.6599999999999,-5.0,-0.3008242584682029,7,3,-0.4999999999999997,-0.8660254037844388,1
2023-07-12,1663.0,499.2,496.54285714285714,492.10333333333335,0.008763221651410583,1657.9428571428573,1660.63,0.40000000000009095,0.024058703235901056,7,3,-0.4999999999999997,-0.8660254037844388,1
2023-07-13,1691.5,500.6,499.40000000000003,496.2933333333333,0.0054638093726942965,1667.0714285714287,1661.8633333333335,34.40000000000009,2.0759157564419826,7,3,-0.4999999999999997,-0.8660254037844388,1
2023-07-14,1707.3,509.6,501.8857142857143,499.08333333333337,0.005440942036658276,1693.7571428571428,1672.2066666666665,44.299999999999955,2.663860493084784,7,3,-0.4999999999999997,-0.8660254037844388,1
2023-07-15,1713.5,507.8,509.34285714285716,503.42,0.009338312044953327,1708.185714285714,1688.95,22.0,1.300620750812888,7,3,-0.4999999999999997,-0.8660254037844388,1
2023-07-16,1734.2,504.4,507.3142857142857,506.1266666666667,0.007577235801575832,1716.457142857143,1705.5233333333333,26.90000000000009,1.5755871844432785,7,3,-0.4999999999999997,-0.8660254037844388,1
2023-07-17,1722.3,506.3,504.6714285714285,507.15666666666664,0.004247869581896236,1732.5,1718.8333333333333,8.799999999999955,0.5135687189962039,7,3,-0.4999999999999997,-0.8660254037844388,1
2023-07-18,1748.2,504.3,506.0142857142857,506.05,0.0028060324370075256,1726.0,1724.49,14.0,0.8072886633606273,7,3,-0.4999999999999997,-0.8660254037844388,1
2023-07-19,1723.7,502.5,504.04285714285714,504.93666666666667,0.0020531948732986083,1744.7,1734.55,1.400000000000091,0.08128665157057952,7,3,-0.4999999999999997,-0.8660254037844388,1
2023-07-20,1742.6,498.8,501.97142857142853,504.1166666666667,0.0036398839475746923,1726.4,1732.0766666666668,-5.600000000000136,-0.3203294817526677,7,3,-0.4999999999999997,-0.8660254037844388,1
2023-07-21,1776.4,500.4,499.02857142857147,501.7366666666667,0.004577793624967633,1747.4285714285713,1739.1066666666666,52.700000000000045,3.0573765736497096,7,3,-0.4999999999999997,-0.8660254037844388,1
2023-07-22,1757.1,495.5,499.69999999999993,500.3333333333333,0.0035046352862367646,1773.6428571428573,1748.68,14.5,0.8320899804889247,7,3,-0.4999999999999997,-0.8660254037844388,1
2023-07-23,1794.4,498.1,495.8714285714286,498.21000000000004,0.004159634735313233,1762.4285714285713,1760.4266666666665,18.0,1.013285296104481,7,3,-0.4999999999999997,-0.8660254037844388,1
2023-07-24,1801.4,493.6,497.4571428571429,497.77333333333337,0.004290238582385406,1795.4,1776.8,44.30000000000018,2.5211997040578327,7,3,-0.4999999999999997,-0.8660254037844388,1
2023-07-25,1804.6,494.0,493.6571428571429,495.68333333333334,0.003837696827181961,1801.857142857143,1785.8833333333334,10.199999999999818,0.5684351315202751,7,3,-0.4999999999999997,-0.8660254037844388,1
2023-07-26,1816.6,494.9,494.1285714285714,495.12666666666667,0.004032725506159428,1806.3142857142855,1800.8733333333334,15.199999999999818,0.8437881647607315,7,3,-0.4999999999999997,-0.8660254037844388,1
2023-07-27,1828.3,502.4,495.97142857142853,494.46,0.0032252006412444773,1818.2714285714285,1808.43,23.700000000000045,1.3133104289039148,7,3,-0.4999999999999997,-0.8660254037844388,1
2023-07-28,1868.1,500.4,502.1142857142857,497.31333333333333,0.0077006268198994135,1833.9857142857143,1818.6166666666666,51.5,2.834966420786084,7,3,-0.4999999999999997,-0.8660254037844388,1
2023-07-29,1864.9,500.6,500.4285714285714,499.42333333333335,0.006262412678153244,1867.642857142857,1839.2766666666664,36.600000000000136,2.001859651041959,7,3,-0.4999999999999997,-0.8660254037844388,1
2023-07-30,1822.5,506.7,501.4714285714286,501.27666666666664,0.0026977353245023683,1858.8428571428572,1853.5733333333333,-45.59999999999991,-2.4409828167656933,7,3,-0.4999999999999997,-0.8660254037844388,1
2023-07-31,1811.8,502.7,506.12857142857143,502.6433333333333,0.005860142644919485,1820.9714285714288,1849.9566666666665,-53.100000000000136,-2.84733765885571,7,3,-0.4999999999999997,-0.8660254037844388,1
2023-08-01,1832.3,503.0,502.74285714285713,503.4133333333333,0.005010623068193608,1814.7285714285713,1831.98,9.799999999999955,0.5377229080932759,8,3,-0.8660254037844385,-0.5000000000000004,1
2023-08-02,1799.9,501.6,502.8,503.96333333333337,0.003651938005036887,1827.6714285714284,1821.4466666666667,-11.899999999999864,-0.6568053869080397,8,3,-0.8660254037844385,-0.5000000000000004,1
2023-08-03,1793.4,495.6,500.7428571428572,502.1966666666667,0.0027623702591063454,1798.9714285714285,1814.0533333333333,-38.899999999999864,-2.1230147901544436,8,3,-0.8660254037844385,-0.5000000000000004,1
2023-08-04,1786.5,484.8,494.05714285714294,499.46,0.008498457577282889,1792.4142857142858,1807.006666666667,-13.400000000000091,-0.7444858047669365,8,3,-0.8660254037844385,-0.5000000000000004,1
2023-08-05,1780.7,487.6,485.2000000000001,493.53333333333336,0.014209698948945276,1785.6714285714284,1792.6266666666668,-12.700000000000045,-0.7081521133043407,8,3,-0.8660254037844385,-0.5000000000000004,1
2023-08-06,1808.8,486.6,487.4571428571429,489.03333333333336,0.009252741843045231,1784.7142857142858,1787.38,22.299999999999955,1.2482507696613465,8,3,-0.8660254037844385,-0.5000000000000004,1
2023-08-07,1873.1,486.8,486.62857142857143,486.40000000000003,0.0023534188790291853,1817.985714285714,1794.8866666666665,92.39999999999986,5.188970629527706,8,3,-0.8660254037844385,-0.5000000000000004,1
2023-08-08,1872.4,487.6,486.9142857142857,487.0,0.0009023313632877827,1873.0,1823.9233333333332,63.600000000000136,3.5161432994250412,8,3,-0.8660254037844385,-0.5000000000000004,1
2023-08-09,1858.0,485.4,487.28571428571433,486.96000000000004,0.001075340239871742,1870.3428571428574,1853.0733333333335,-15.099999999999909,-0.8061502322353271,8,3,-0.8660254037844385,-0.5000000000000004,1
2023-08-10,1844.3,482.5,484.9857142857142,486.45666666666665,0.002442886204520929,1856.042857142857,1866.8733333333332,-28.100000000000136,-1.500747703482169,8,3,-0.8660254037844385,-0.5000000000000004,1
2023-08-11,1837.9,488.6,483.3714285714286,485.2,0.004474705586064433,1843.3857142857144,1857.0833333333333,-20.09999999999991,-1.0818083961248606,8,3,-0.8660254037844385,-0.5000000000000004,1
2023-08-12,1865.1,493.5,489.30000000000007,485.7699999999999,0.006020031696727726,1841.7857142857144,1846.97,20.799999999999955,1.1277991649948467,8,3,-0.8660254037844385,-0.5000000000000004,1
2023-08-13,1856.5,492.1,493.3,488.52000000000004,0.009209911543082658,1863.8714285714284,1849.5066666666667,18.59999999999991,1.0120245932858103,8,3,-0.8660254037844385,-0.5000000000000004,1
2023-08-14,1837.0,487.6,491.4571428571429,491.3666666666667,0.0043741501344286195,1853.7142857142858,1853.1366666666668,-28.09999999999991,-1.5066216288670802,8,3,-0.8660254037844385,-0.5000000000000004,1
2023-08-15,1860.3,492.7,488.3285714285715,491.03999999999996,0.005168485069367692,1840.3285714285716,1852.7066666666665,3.7999999999999545,0.20468623754376272,8,3,-0.8660254037844385,-0.5000000000000004,1
2023-08-16,1832.0,490.6,492.4,490.75,0.004690750177328504,1856.2571428571428,1850.45,-5.0,-0.2721829069134458,8,3,-0.8660254037844385,-0.5000000000000004,1
2023-08-17,1801.4,493.5,491.0142857142857,490.4966666666667,0.004369182713381187,1827.6285714285716,1841.9133333333334,-58.899999999999864,-3.1661559963446684,8,3,-0.8660254037844385,-0.5000000000000004,1
2023-08-18,1791.9,496.3,493.90000000000003,492.38666666666666,0.0029337630844595984,1800.0428571428572,1828.9533333333334,-40.09999999999991,-2.188864628820956,8,3,-0.8660254037844385,-0.5000000000000004,1
2023-08-19,1782.8,500.9,496.95714285714286,493.81000000000006,0.005396844964736614,1790.6000000000001,1806.7933333333335,-18.600000000000136,-1.0325302542467045,8,3,-0.8660254037844385,-0.5000000000000004,1
2023-08-20,1798.2,503.3,501.24285714285713,497.22666666666663,0.006526497217756266,1785.0,1791.9266666666667,6.2999999999999545,0.35158211953791807,8,3,-0.8660254037844385,-0.5000000000000004,1
2023-08-21,1806.2,498.3,502.58571428571435,500.23333333333335,0.0057684212317628235,1799.3428571428574,1791.4433333333334,23.40000000000009,1.3125420686560518,8,3,-0.8660254037844385,-0.5000000000000004,1
2023-08-22,1801.5,496.2,498.0,500.6766666666666,0.0044782978820434765,1805.5285714285715,1796.3566666666668,3.2999999999999545,0.18351685018351432,8,3,-0.8660254037844385,-0.5000000000000004,1
2023-08-23,1783.8,490.6,495.40000000000003,498.84333333333336,0.00665418912132477,1798.9714285714285,1801.4866666666667,-22.40000000000009,-1.240172738345703,8,3,-0.8660254037844385,-0.5000000000000004,1
2023-08-24,1798.9,485.5,489.8714285714286,494.6066666666667,0.007429724797495946,1785.957142857143,1796.9233333333332,-2.599999999999909,-0.14432417429919006,8,3,-0.8660254037844385,-0.5000000000000004,1
2023-08-25,1746.8,492.2,486.45714285714286,490.6333333333334,0.008834644335526009,1791.457142857143,1792.9099999999999,-37.0,-2.0742235676645366,8,3,-0.8660254037844385,-0.5000000000000004,1
2023-08-26,1744.3,490.1,491.90000000000003,489.4166666666667,0.0059260490195662124,1746.4428571428573,1775.1833333333334,-54.600000000000136,-3.035188170548676,8,3,-0.8660254037844385,-0.5000000000000004,1
2023-08-27,1743.3,494.5,490.72857142857146,489.56666666666666,0.005941511504670726,1744.1571428571428,1761.48,-3.5,-0.20036638424547745,8,3,-0.8660254037844385,-0.5000000000000004,1
2023-08-28,1746.9,493.0,494.2857142857143,492.2933333333333,0.0037222793101404313,1743.8142857142855,1744.8033333333333,2.6000000000001364,0.1490569282806935,8,3,-0.8660254037844385,-0.5000000000000004,1
2023-08-29,1754.6,486.2,492.0285714285714,492.40333333333336,0.00436140453645171,1748.0,1745.1766666666667,11.299999999999955,0.6481959502093704,8,3,-0.8660254037844385,-0.5000000000000004,1
2023-08-30,1773.0,486.9,486.2999999999999,490.97999999999996,0.007540104370531525,1757.2285714285713,1749.256666666667,26.09999999999991,1.494075218959294,8,3,-0.8660254037844385,-0.5000000000000004,1
2023-08-31,1773.4,488.3,487.09999999999997,488.5433333333333,0.0061375701054963965,1773.0571428571427,1759.05,18.800000000000182,1.071469280747759,8,3,-0.8660254037844385,-0.5000000000000004,1
2023-09-01,1753.9,489.0,488.40000000000003,487.22666666666663,0.0019139518669476678,1770.6142857142859,1766.9766666666667,-19.09999999999991,-1.0772701635645747,9,3,-1.0,-1.8369701987210297e-16,1
2023-09-02,1764.0,482.2,488.0285714285714,487.90999999999997,0.0028273506593625088,1755.3428571428574,1766.4666666666667,-9.400000000000091,-0.5300552610804157,9,3,-1.0,-1.8369701987210297e-16,1
2023-09-03,1775.7,483.3,482.35714285714283,486.3333333333333,0.006456909069443411,1765.6714285714286,1763.8433333333335,21.799999999999955,1.2429442955698702,9,3,-1.0,-1.8369701987210297e-16,1
2023-09-04,1817.3,487.3,483.87142857142857,484.77666666666664,0.006117995187820441,1781.6428571428573,1766.6466666666668,53.299999999999955,3.021541950113376,9,3,-1.0,-1.8369701987210297e-16,1
2023-09-05,1785.2,484.8,486.9428571428571,484.35333333333335,0.004533954832619758,1812.7142857142858,1786.3733333333332,9.5,0.5350002815790955,9,3,-1.0,-1.8369701987210297e-16,1
2023-09-06,1798.0,481.9,484.3857142857143,485.0866666666667,0.0036052087496663415,1787.0285714285715,1793.4766666666667,-19.299999999999955,-1.0620150773124941,9,3,-1.0,-1.8369701987210297e-16,1
2023-09-07,1779.1,479.5,481.5571428571428,484.4066666666667,0.004906209291913122,1795.3,1798.8933333333332,-6.100000000000136,-0.34169840914184046,9,3,-1.0,-1.8369701987210297e-16,1
2023-09-08,1755.9,474.1,478.72857142857146,481.71000000000004,0.005356077684973796,1775.7857142857142,1786.4566666666667,-42.09999999999991,-2.3414905450500503,9,3,-1.0,-1.8369701987210297e-16,1
2023-09-09,1782.1,470.3,473.55714285714294,478.11333333333334,0.007474850450614597,1759.642857142857,1777.1366666666665,3.0,0.16862458546456074,9,3,-1.0,-1.8369701987210297e-16,1
2023-09-10,1794.4,471.0,470.40000000000003,474.35,0.007970831911224491,1783.857142857143,1772.8766666666668,38.5,2.1926077794863033,9,3,-1.0,-1.8369701987210297e-16,1
2023-09-11,1811.8,468.7,470.67142857142863,471.62,0.0036332561119908477,1796.8857142857144,1779.3300000000002,29.700000000000045,1.666573144043547,9,3,-1.0,-1.8369701987210297e-16,1
2023-09-12,1875.7,468.3,468.64285714285717,469.93333333333334,0.002181108247401603,1820.9285714285713,1799.22,81.29999999999995,4.530762371823448,9,3,-1.0,-1.8369701987210297e-16,1
2023-09-13,1858.0,468.2,468.28571428571433,469.24,0.002525033787507169,1873.1714285714286,1829.4199999999998,46.200000000000045,2.5499503256430094,9,3,-1.0,-1.8369701987210297e-16,1
2023-09-14,1842.3,475.4,469.2285714285714,468.6233333333333,0.0027685209082655574,1855.757142857143,1849.5166666666667,-33.40000000000009,-1.7806685504078525,9,3,-1.0,-1.8369701987210297e-16,1
2023-09-15,1828.1,477.9,475.7571428571428,470.9533333333333,0.007738213503385547,1840.2714285714285,1857.0800000000002,-29.90000000000009,-1.6092572658772926,9,3,-1.0,-1.8369701987210297e-16,1
2023-09-16,1843.5,471.7,477.0142857142856,473.94999999999993,0.008581081278528732,1830.2999999999997,1842.3166666666666,1.2000000000000455,0.06513597134017508,9,3,-1.0,-1.8369701987210297e-16,1
2023-09-17,1837.3,471.4,471.6571428571428,474.8666666666667,0.005624378948020144,1842.6142857142859,1837.7999999999997,9.200000000000045,0.5032547453640417,9,3,-1.0,-1.8369701987210297e-16,1
2023-09-18,1841.6,466.0,470.6285714285714,473.27000000000004,0.006856913557545161,1837.9142857142856,1836.75,-1.900000000000091,-0.10306482234879799,9,3,-1.0,-1.8369701987210297e-16,1
2023-09-19,1856.8,468.3,466.3285714285715,469.5866666666667,0.005639410011049503,1843.7714285714285,1841.243333333333,19.5,1.0613400097969847,9,3,-1.0,-1.8369701987210297e-16,1
2023-09-20,1877.5,470.1,468.5571428571429,468.5233333333333,0.0047085272581781044,1859.7571428571428,1846.5733333333333,35.90000000000009,1.949391833188537,9,3,-1.0,-1.8369701987210297e-16,1
2023-09-21,1835.9,471.8,470.3428571428572,468.32666666666665,0.003808102433794359,1871.5571428571432,1858.4433333333332,-20.899999999999864,-1.125592417061604,9,3,-1.0,-1.8369701987210297e-16,1
2023-09-22,1842.6,466.7,471.0714285714286,470.0133333333333,0.0032911969344705883,1836.8571428571431,1856.26,-34.90000000000009,-1.8588548601864228,9,3,-1.0,-1.8369701987210297e-16,1
2023-09-23,1868.8,466.6,466.68571428571425,469.41666666666674,0.00472626291907967,1846.3428571428572,1851.7099999999998,32.899999999999864,1.792036603300826,9,3,-1.0,-1.8369701987210297e-16,1
2023-09-24,1869.4,466.7,466.61428571428576,468.19666666666666,0.005125278656307541,1868.8857142857144,1850.2166666666667,26.800000000000182,1.4544665147074884,9,3,-1.0,-1.8369701987210297e-16,1
2023-09-25,1856.4,467.1,466.75714285714287,466.68000000000006,0.00019815618859803227,1867.5428571428572,1860.7266666666665,-12.399999999999864,-0.6635273972602667,9,3,-1.0,-1.8369701987210297e-16,1
2023-09-26,1845.5,465.8,466.9142857142857,466.7733333333333,0.0006083858795763768,1854.8428571428572,1864.0900000000001,-23.90000000000009,-1.278485075425275,9,3,-1.0,-1.8369701987210297e-16,1
2023-09-27,1833.4,470.8,466.5142857142858,466.67,0.002047739502035302,1843.7714285714287,1855.9,-23.0,-1.2389571213100625,9,3,-1.0,-1.8369701987210297e-16,1
2023-09-28,1828.6,469.1,470.55714285714294,467.96666666666664,0.004615103824988348,1832.7142857142858,1844.1733333333334,-16.90000000000009,-0.9157409916011969,9,3,-1.0,-1.8369701987210297e-16,1
2023-09-29,1833.4,473.2,469.6857142857143,468.8133333333334,0.0047076313742107495,1829.2857142857142,1835.4299999999998,0.0,0.0,9,3,-1.0,-1.8369701987210297e-16,1
2023-09-30,1840.0,476.8,473.7142857142857,471.2333333333334,0.0042600071327579606,1834.3428571428574,1832.0200000000002,11.400000000000091,0.6234277589412716,9,3,-1.0,-1.8369701987210297e-16,1
2023-10-01,1866.6,474.7,476.5,473.22,0.006602817906421876,1843.7999999999997,1835.2666666666667,33.19999999999982,1.810843242063915,10,4,-0.8660254037844386,0.5000000000000001,0
2023-10-02,1923.9,473.3,474.5,474.90333333333336,0.0031541698354777626,1874.7857142857142,1849.6833333333334,83.90000000000009,4.559782608695657,10,4,-0.8660254037844386,0.5000000000000001,0
2023-10-03,1960.2,479.6,474.2,475.02666666666664,0.003498610973938452,1929.0857142857144,1880.84,93.60000000000014,5.014464802314376,10,4,-0.8660254037844386,0.5000000000000001,0
2023-10-04,1949.6,478.4,479.42857142857144,475.99,0.005831897356060662,1958.6857142857145,1919.6666666666667,25.699999999999818,1.3358282655023554,10,4,-0.8660254037844386,0.5000000000000001,0
2023-10-05,1926.5,474.4,477.8285714285715,477.1366666666666,0.005727922402534397,1946.2999999999997,1944.6533333333334,-33.700000000000045,-1.7192123252729337,10,4,-0.8660254037844386,0.5000000000000001,0
2023-10-06,1925.5,475.4,474.5428571428571,477.32666666666665,0.004723153725631888,1926.357142857143,1944.2766666666669,-24.09999999999991,-1.236151005334423,10,4,-0.8660254037844386,0.5000000000000001,0
2023-10-07,1900.5,479.3,475.95714285714286,476.0966666666666,0.003733974133098448,1921.9285714285713,1932.23,-26.0,-1.3495977160654036,10,4,-0.8660254037844386,0.5000000000000001,0
2023-10-08,1899.1,482.0,479.6857142857143,476.62,0.004928327806743302,1900.3,1916.5866666666666,-26.40000000000009,-1.3710724487146242,10,4,-0.8660254037844386,0.5000000000000001,0
2023-10-09,1908.6,482.7,482.09999999999997,479.1433333333334,0.005756410511517026,1900.4571428571428,1907.8033333333333,8.099999999999909,0.4262036306235153,10,4,-0.8660254037844386,0.5000000000000001,0
2023-10-10,1915.7,492.5,484.09999999999997,481.77333333333337,0.005160001933462862,1909.6142857142856,1903.24,16.600000000000136,0.8740982570691452,10,4,-0.8660254037844386,0.5000000000000001,0
2023-10-11,1902.3,490.0,492.14285714285717,486.0,0.010046838459029091,1913.7857142857142,1907.9066666666665,-6.2999999999999545,-0.33008487896887534,10,4,-0.8660254037844386,0.5000000000000001,0
2023-10-12,1886.3,494.8,490.68571428571425,488.8033333333333,0.008681224331291561,1900.0142857142857,1908.1233333333332,-29.40000000000009,-1.5346870595604787,10,4,-0.8660254037844386,0.5000000000000001,0
2023-10-13,1871.9,491.4,494.31428571428575,492.39666666666665,0.004066834129723278,1884.2428571428572,1899.9733333333331,-30.399999999999864,-1.598065499658301,10,4,-0.8660254037844386,0.5000000000000001,0
2023-10-14,1858.0,494.0,491.77142857142854,492.2,0.004146606831060793,1869.9142857142858,1885.3566666666668,-28.299999999999955,-1.5002915761013602,10,4,-0.8660254037844386,0.5000000000000001,0
2023-10-15,1820.1,500.1,494.8714285714286,493.5766666666667,0.0038587014387776284,1852.5857142857142,1869.8600000000001,-51.80000000000018,-2.7672418398418817,10,4,-0.8660254037844386,0.5000000000000001,0
2023-10-16,1804.6,498.6,499.8857142857143,495.4066666666667,0.007447216669339769,1817.8857142857141,1847.756666666667,-53.40000000000009,-2.874058127018304,10,4,-0.8660254037844386,0.5000000000000001,0
2023-10-17,1812.9,501.2,498.9714285714286,497.8066666666667,0.005286184686366786,1805.7857142857142,1826.063333333333,-7.199999999999818,-0.3955826602933805,10,4,-0.8660254037844386,0.5000000000000001,0
2023-10-18,1808.4,498.0,500.74285714285713,499.89666666666665,0.002282928638075744,1812.2571428571428,1812.1433333333332,3.800000000000182,0.21057298016181877,10,4,-0.8660254037844386,0.5000000000000001,0
2023-10-19,1790.0,497.9,497.9857142857143,499.2433333333333,0.002863647935170437,1805.7714285714287,1808.1466666666668,-22.90000000000009,-1.2631695074190572,10,4,-0.8660254037844386,0.5000000000000001,0
2023-10-20,1777.0,498.8,498.0285714285714,498.95333333333326,0.003015141613465483,1788.142857142857,1802.5700000000002,-31.40000000000009,-1.73634151736342,10,4,-0.8660254037844386,0.5000000000000001,0
2023-10-21,1806.6,508.9,500.2428571428572,498.59666666666664,0.003987494940865541,1781.2285714285713,1791.7400000000002,16.59999999999991,0.9273743016759727,10,4,-0.8660254037844386,0.5000000000000001,0
2023-10-22,1794.3,513.1,509.5,502.37333333333333,0.010769161341189765,1804.8428571428572,1791.3433333333332,17.299999999999955,0.9735509285312298,10,4,-0.8660254037844386,0.5000000000000001,0
2023-10-23,1840.3,515.4,513.4285714285714,507.4866666666667,0.012007341035376167,1800.8714285714284,1794.743333333333,33.700000000000045,1.8653824864386166,10,4,-0.8660254037844386,0.5000000000000001,0
2023-10-24,1855.0,519.9,516.0428571428571,512.8333333333334,0.005790908820761014,1842.3999999999999,1815.3466666666666,60.700000000000045,3.3829348492448332,10,4,-0.8660254037844386,0.5000000000000001,0
2023-10-25,1867.6,524.1,520.4999999999999,516.5,0.006117232105740277,1856.7999999999997,1832.3100000000002,27.299999999999955,1.4834537847090123,10,4,-0.8660254037844386,0.5000000000000001,0
2023-10-26,1902.1,526.7,524.4714285714286,520.1766666666666,0.007162812832373713,1872.5285714285712,1856.36,47.09999999999991,2.5390835579514777,10,4,-0.8660254037844386,0.5000000000000001,0
2023-10-27,1905.6,531.5,527.3857142857144,523.9533333333334,0.005935471358972464,1902.6000000000001,1876.5866666666666,38.0,2.034696937245663,10,4,-0.8660254037844386,0.5000000000000001,0
2023-10-28,1914.8,530.0,531.2857142857143,527.63,0.005848843376180958,1906.9142857142856,1893.34,12.700000000000045,0.6676830871142445,10,4,-0.8660254037844386,0.5000000000000001,0
2023-10-29,1946.6,530.7,530.1,529.5333333333333,0.003751865107376226,1919.3428571428572,1908.9833333333333,41.0,2.1515533165407223,10,4,-0.8660254037844386,0.5000000000000001,0
2023-10-30,1912.6,533.7,531.1285714285715,530.8066666666667,0.001537634825604787,1941.742857142857,1922.5666666666666,-2.2000000000000455,-0.11489450595362678,10,4,-0.8660254037844386,0.5000000000000001,0
2023-10-31,1966.6,532.5,533.5285714285716,531.5500000000001,0.003045034607900258,1920.3142857142855,1926.3933333333332,20.0,1.0274324463166549,10,4,-0.8660254037844386,0.5000000000000001,0
2023-11-01,1972.7,538.8,533.4,532.57,0.0031785763908597124,1967.4714285714285,1942.8033333333333,60.100000000000136,3.142319355850682,11,4,-0.5000000000000004,0.8660254037844384,0
2023-11-02,1979.6,541.2,539.1428571428571,535.25,0.005579837534249792,1973.685714285714,1952.8666666666666,13.0,0.661039357266348,11,4,-0.5000000000000004,0.8660254037844384,0
2023-11-03,1968.4,542.0,541.3142857142858,537.8166666666667,0.006871272690694631,1978.0,1973.0266666666664,-4.2999999999999545,-0.21797536371470344,11,4,-0.5000000000000004,0.8660254037844384,0
2023-11-04,1942.6,542.5,542.0714285714286,540.7900000000001,0.002543941356730285,1964.7142857142858,1972.5633333333333,-37.0,-1.869064457466155,11,4,-0.5000000000000004,0.8660254037844384,0
2023-11-05,1972.4,536.4,541.6285714285715,541.74,0.0021016375219123497,1946.857142857143,1963.2933333333333,4.0,0.203210729526519,11,4,-0.5000000000000004,0.8660254037844384,0
2023-11-06,1981.7,542.7,537.3,540.3233333333333,0.005237554656182254,1973.7285714285715,1961.5766666666668,39.100000000000136,2.0127663955523594,11,4,-0.5000000000000004,0.8660254037844384,0
2023-11-07,1967.8,550.2,543.7714285714286,540.79,0.0063693315919954195,1979.7142857142858,1966.4066666666665,-4.600000000000136,-0.2332184141147909,11,4,-0.5000000000000004,0.8660254037844384,0
2023-11-08,1912.7,552.0,550.4571428571429,543.62,0.010697876368139137,1959.928571428571,1971.9766666666667,-69.0,-3.4818590099409596,11,4,-0.5000000000000004,0.8660254037844384,0
2023-11-09,1887.1,554.8,552.4,548.7033333333334,0.007511295840780469,1909.0428571428572,1950.9133333333334,-80.70000000000005,-4.101026527086089,11,4,-0.5000000000000004,0.8660254037844384,0
2023-11-10,1873.0,549.7,554.0714285714286,552.3166666666667,0.0035236795774235305,1885.0857142857142,1919.3733333333332,-39.700000000000045,-2.0755999372614653,11,4,-0.5000000000000004,0.8660254037844384,0
2023-11-11,1889.1,549.3,549.6428571428571,552.0766666666666,0.003957228202734117,1875.3,1890.1466666666668,2.0,0.10598272481585502,11,4,-0.5000000000000004,0.8660254037844384,0
2023-11-12,1862.3,543.2,548.4285714285714,550.88,0.0051802953523145635,1885.2714285714283,1882.24,-10.700000000000045,-0.5712760277629496,11,4,-0.5000000000000004,0.8660254037844384,0
2023-11-13,1861.1,544.2,543.3428571428573,547.2166666666667,0.005569208231104627,1862.1285714285711,1874.4033333333334,-28.0,-1.4821872849505056,11,4,-0.5000000000000004,0.8660254037844384,0
2023-11-14,1869.8,539.2,543.4857142857144,545.23,0.005246096389792483,1862.3428571428572,1870.1899999999998,7.5,0.4027278096976857,11,4,-0.5000000000000004,0.8660254037844384,0
2023-11-15,1867.7,543.6,539.8285714285714,542.2133333333334,0.0040660296154390015,1869.5,1864.5800000000002,6.600000000000136,0.35462898285960653,11,4,-0.5000000000000004,0.8660254037844384,0
2023-11-16,1879.0,545.9,543.9285714285714,542.39,0.0043062791076360464,1869.314285714286,1866.7966666666664,9.200000000000045,0.492031233286985,11,4,-0.5000000000000004,0.8660254037844384,0
2023-11-17,1895.0,551.2,546.6571428571427,543.3,0.0057416907925768425,1881.2857142857142,1873.0066666666667,27.299999999999955,1.4616908497081949,11,4,-0.5000000000000004,0.8660254037844384,0
2023-11-18,1912.7,550.9,551.157142857143,547.1433333333333,0.005947899220934749,1897.5285714285715,1882.0666666666666,33.700000000000045,1.7935071846727009,11,4,-0.5000000000000004,0.8660254037844384,0
2023-11-19,1895.7,558.1,551.9285714285714,549.74,0.005204253074313841,1910.2714285714285,1896.1233333333334,0.7000000000000455,0.03693931398417127,11,4,-0.5000000000000004,0.8660254037844384,0
2023-11-20,1859.9,558.6,558.1714285714286,553.6466666666668,0.006294298973245488,1890.5857142857144,1899.9633333333334,-52.799999999999955,-2.7604956344434544,11,4,-0.5000000000000004,0.8660254037844384,0
2023-11-21,1880.8,556.0,558.2285714285715,556.0366666666666,0.0062098120381953465,1862.8857142857144,1888.37,-14.900000000000091,-0.7859893443055384,11,4,-0.5000000000000004,0.8660254037844384,0
2023-11-22,1833.5,554.2,555.7428571428571,557.4366666666667,0.002322559188667583,1874.042857142857,1876.7266666666665,-26.40000000000009,-1.4194311522124894,11,4,-0.5000000000000004,0.8660254037844384,0
2023-11-23,1793.9,557.2,554.6285714285715,556.2199999999999,0.0032234993282508734,1827.8428571428572,1855.8666666666666,-86.89999999999986,-4.620374308804757,11,4,-0.5000000000000004,0.8660254037844384,0
2023-11-24,1804.5,553.3,556.6428571428572,555.7099999999999,0.0023995992757213044,1795.4142857142858,1833.5233333333333,-29.0,-1.5816743932369783,11,4,-0.5000000000000004,0.8660254037844384,0
2023-11-25,1804.3,548.7,552.6428571428571,554.7166666666667,0.003672296995968084,1804.4714285714285,1809.66,10.399999999999864,0.5797424605607817,11,4,-0.5000000000000004,0.8660254037844384,0
2023-11-26,1826.2,547.8,548.5714285714287,552.7533333333333,0.00646008463664967,1807.4285714285713,1801.9766666666667,21.700000000000045,1.2025491825990604,11,4,-0.5000000000000004,0.8660254037844384,0
2023-11-27,1831.3,539.7,546.6428571428571,549.4799999999999,0.0054627187814143266,1826.9285714285713,1812.5600000000002,27.0,1.4964252064512553,11,4,-0.5000000000000004,0.8660254037844384,0
2023-11-28,1814.2,535.7,539.1285714285715,544.9666666666667,0.008127827423924735,1828.857142857143,1820.93,-12.0,-0.6571021793888949,11,4,-0.5000000000000004,0.8660254037844384,0
2023-11-29,1859.1,538.2,536.0571428571429,540.7466666666667,0.009213732413878541,1820.6142857142856,1824.9966666666667,27.799999999999955,1.5180472888112246,11,4,-0.5000000000000004,0.8660254037844384,0
2023-11-30,1873.4,543.8,539.0000000000001,538.0033333333333,0.0036682464960265497,1861.1428571428569,1836.27,59.200000000000045,3.2631462903759254,11,4,-0.5000000000000004,0.8660254037844384,0
2023-12-01,1874.8,541.2,543.4285714285713,539.4166666666666,0.006295595693072338,1873.6000000000001,1850.9199999999998,15.700000000000045,0.8444946479479344,12,4,-2.4492935982947064e-16,1.0,0
2023-12-02,1884.6,544.8,541.7142857142858,541.2866666666666,0.0043575012433811205,1876.2,1869.95,11.199999999999818,0.5978434931141143,12,4,-2.4492935982947064e-16,1.0,0
2023-12-03,1910.8,542.7,544.4999999999999,543.23,0.0028407955229748896,1888.3428571428572,1878.8466666666668,36.0,1.920204821847664,12,4,-2.4492935982947064e-16,1.0,0
2023-12-04,1915.7,551.0,543.8857142857144,543.2266666666667,0.003820617758916461,1911.5,1891.43,31.100000000000136,1.6502175527963565,12,4,-2.4492935982947064e-16,1.0,0
2023-12-05,1959.1,551.8,551.1142857142858,546.4,0.006802992334236076,1921.8999999999999,1906.1833333333334,48.299999999999955,2.5277370734770757,12,4,-2.4492935982947064e-16,1.0,0
2023-12-06,1946.9,550.5,551.6142857142856,548.76,0.00738383934567085,1957.357142857143,1929.7366666666667,31.200000000000045,1.6286474917784646,12,4,-2.4492935982947064e-16,1.0,0
2023-12-07,1960.0,548.2,550.1714285714286,551.0066666666667,0.0013788104870969167,1948.7714285714287,1942.0433333333333,0.900000000000091,0.0459394619978608,12,4,-2.4492935982947064e-16,1.0,0
2023-12-08,2013.5,555.1,549.1857142857144,550.2766666666666,0.0031615643345214214,1967.642857142857,1957.1466666666665,66.59999999999991,3.4208228465766046,12,4,-2.4492935982947064e-16,1.0,0
2023-12-09,2014.4,555.6,555.1714285714286,551.4366666666666,0.0054734767070183845,2013.6285714285714,1975.7166666666667,54.40000000000009,2.775510204081637,12,4,-2.4492935982947064e-16,1.0,0
2023-12-10,1988.8,554.5,555.4428571428572,553.1766666666667,0.006008492921905295,2010.7428571428572,1996.9266666666667,-24.700000000000045,-1.22671964241371,12,4,-2.4492935982947064e-16,1.0,0
2023-12-11,1998.7,557.1,554.8714285714285,555.1333333333333,0.0010613204668195935,1990.2142857142858,2005.0733333333335,-15.700000000000045,-0.7793884034948394,12,4,-2.4492935982947064e-16,1.0,0
2023-12-12,2038.1,552.2,556.4,555.62,0.002270385334737149,2004.3285714285716,2001.4233333333334,49.299999999999955,2.478881737731293,12,4,-2.4492935982947064e-16,1.0,0
2023-12-13,2043.6,556.4,552.8000000000001,554.6633333333334,0.0037176637403476933,2038.8857142857144,2010.3600000000001,44.899999999999864,2.2464601991294275,12,4,-2.4492935982947064e-16,1.0,0
2023-12-14,2032.1,560.7,557.0142857142857,555.3533333333332,0.004313735508961295,2041.9571428571428,2027.9133333333332,-6.0,-0.29439183553309456,12,4,-2.4492935982947064e-16,1.0,0
2023-12-15,2027.8,564.3,561.2142857142858,556.8366666666666,0.00667256651378437,2031.4857142857143,2037.59,-15.799999999999955,-0.773145429633977,12,4,-2.4492935982947064e-16,1.0,0
2023-12-16,1988.4,570.2,565.1428571428571,560.9266666666666,0.0064933160742532995,2022.1714285714286,2032.6599999999999,-43.69999999999982,-2.1504847202401365,12,4,-2.4492935982947064e-16,1.0,0
2023-12-17,1972.7,571.8,570.4285714285714,565.4366666666666,0.007211805338868436,1986.157142857143,2014.1200000000001,-55.09999999999991,-2.717230496104148,12,4,-2.4492935982947064e-16,1.0,0
2023-12-18,1979.2,569.6,571.4857142857143,568.9433333333333,0.005576085767330375,1973.6285714285716,1994.68,-9.200000000000045,-0.46268356467511795,12,4,-2.4492935982947064e-16,1.0,0
2023-12-19,1978.5,574.2,570.2571428571429,570.6666666666666,0.002023423840406614,1979.1000000000001,1979.77,5.7999999999999545,0.29401328128960075,12,4,-2.4492935982947064e-16,1.0,0
2023-12-20,1969.2,577.3,574.6428571428571,572.05,0.0037629309557615834,1977.1714285714284,1976.6833333333334,-10.0,-0.5052546483427648,12,4,-2.4492935982947064e-16,1.0,0
2023-12-21,1997.9,570.4,576.3142857142857,573.7266666666667,0.0055521423989773775,1973.3,1976.2566666666667,19.40000000000009,0.9805408137477933,12,4,-2.4492935982947064e-16,1.0,0
2023-12-22,1969.9,565.2,569.6571428571428,573.6666666666666,0.00572651532914734,1993.8999999999999,1981.5800000000002,0.7000000000000455,0.035547430428602755,12,4,-2.4492935982947064e-16,1.0,0
2023-12-23,1958.2,566.6,565.4000000000001,570.61,0.008683678865900588,1968.2285714285715,1978.6333333333334,-39.700000000000045,-1.987086440762803,12,4,-2.4492935982947064e-16,1.0,0
2023-12-24,1970.1,566.9,566.6428571428572,567.2833333333333,0.0038123918765843325,1959.9,1974.4066666666668,0.1999999999998181,0.010152799634489978,12,4,-2.4492935982947064e-16,1.0,0
2023-12-25,1995.0,564.9,566.6142857142856,566.2233333333334,0.0013590791610316776,1973.6571428571426,1966.9033333333334,36.799999999999955,1.8792768869369807,12,4,-2.4492935982947064e-16,1.0,0
2023-12-26,1984.3,570.9,565.7571428571429,566.2766666666666,0.002203529379743682,1993.4714285714288,1975.3033333333333,14.200000000000045,0.7207755951474568,12,4,-2.4492935982947064e-16,1.0,0
2023-12-27,1975.6,569.5,570.6999999999999,567.6533333333333,0.0045059996425185,1983.0571428571427,1983.3166666666666,-19.40000000000009,-0.9724310776942401,12,4,-2.4492935982947064e-16,1.0,0
2023-12-28,2027.5,571.0,569.7142857142857,568.6366666666667,0.004500518422103915,1983.0142857142857,1986.05,43.200000000000045,2.1770901577382475,12,4,-2.4492935982947064e-16,1.0,0
2023-12-29,2053.3,572.0,571.1428571428571,570.5033333333333,0.0013096696645430506,2031.185714285714,1998.1,77.70000000000027,3.932982385098212,12,4,-2.4492935982947064e-16,1.0,0
2023-12-30,2048.4,571.7,571.9571428571429,570.9066666666666,0.0017957003557008313,2052.6,2021.2266666666665,20.90000000000009,1.0308261405672055,12,4,-2.4492935982947064e-16,1.0,0
2023-12-31,2066.6,571.9,571.7285714285715,571.5966666666667,0.0007285861564196452,2051.0,2044.3700000000001,13.299999999999727,0.6477377879510897,12,4,-2.4492935982947064e-16,1.0,0
2024-01-01,2064.5,572.2,571.9428571428571,571.8733333333333,0.0002427043341990325,2066.3,2056.4733333333334,16.09999999999991,0.785979300917785,1,1,0.49999999999999994,0.8660254037844387,0
2024-01-02,2087.4,573.6,572.4,571.9966666666667,0.0006386225960721618,2067.7714285714287,2061.133333333333,20.800000000000182,1.006484080131626,1,1,0.49999999999999994,0.8660254037844387,0
2024-01-03,2015.0,582.0,574.8000000000001,572.9033333333333,0.00326728610067748,2077.057142857143,2071.1133333333332,-49.5,-2.3976749818357956,1,1,0.49999999999999994,0.8660254037844387,0
2024-01-04,2042.8,577.8,581.4,576.1200000000001,0.007561616305379917,2018.9714285714288,2054.91,-44.600000000000136,-2.1366292996071734,1,1,0.49999999999999994,0.8660254037844387,0
2024-01-05,2016.4,575.3,577.4428571428571,577.8566666666666,0.005936872363927639,2039.0285714285712,2046.0333333333333,1.400000000000091,0.06947890818859012,1,1,0.49999999999999994,0.8660254037844387,0
2024-01-06,2011.7,576.2,575.4285714285713,578.1733333333334,0.004759894677972711,2015.7285714285715,2024.6233333333332,-31.09999999999991,-1.522420207558249,1,1,0.49999999999999994,0.8660254037844387,0
2024-01-07,2024.1,576.8,576.2857142857143,576.4,0.001773365858884862,2013.4714285714285,2023.01,7.699999999999818,0.38186867684982234,1,1,0.49999999999999994,0.8660254037844387,0
2024-01-08,2084.2,576.6,576.7714285714285,576.1433333333333,0.0010667194658108602,2032.685714285714,2019.66,72.49999999999977,3.603917085052432,1,1,0.49999999999999994,0.8660254037844387,0
2024-01-09,2110.5,581.0,577.2285714285715,576.6933333333333,0.0014734336421168915,2087.9571428571426,2043.2933333333333,86.40000000000009,4.268563806136065,1,1,0.49999999999999994,0.8660254037844387,0
2024-01-10,2126.4,576.4,580.3428571428572,578.12,0.003586702342925493,2112.7714285714287,2076.3433333333332,42.20000000000027,2.024757700796482,1,1,0.49999999999999994,0.8660254037844387,0
2024-01-11,2097.8,577.6,576.5714285714286,578.0333333333333,0.003709981686751246,2122.3142857142857,2107.4866666666667,-12.699999999999818,-0.6017531390665634,1,1,0.49999999999999994,0.8660254037844387,0
2024-01-12,2096.2,578.9,577.7857142857143,578.2633333333334,0.003320660316817414,2097.5714285714284,2111.09,-30.200000000000273,-1.4202407825432783,1,1,0.49999999999999994,0.8660254037844387,0
2024-01-13,2106.8,585.4,579.8285714285714,577.9333333333333,0.003003282187174363,2097.7142857142853,2106.1466666666665,9.0,0.4290208790161121,1,1,0.49999999999999994,0.8660254037844387,0
2024-01-14,2100.7,589.3,585.9571428571428,581.0233333333332,0.006476257787517897,2105.9285714285716,2100.3633333333332,4.5,0.2146741723118023,1,1,0.49999999999999994,0.8660254037844387,0
2024-01-15,2070.0,591.6,589.6285714285714,584.9566666666666,0.007545024579922931,2096.3142857142857,2100.36,-36.80000000000018,-1.7467248908297028,1,1,0.49999999999999994,0.8660254037844387,0
2024-01-16,2062.6,597.1,592.3857142857142,589.1566666666665,0.004983702155966664,2068.942857142857,2091.0266666666666,-38.09999999999991,-1.8136811539010766,1,1,0.49999999999999994,0.8660254037844387,0
2024-01-17,2065.8,596.5,597.0142857142857,592.9066666666666,0.005627918418033616,2063.057142857143,2076.6033333333335,-4.199999999999818,-0.2028985507246289,1,1,0.49999999999999994,0.8660254037844387,0
2024-01-18,2038.4,590.7,595.6714285714286,595.0366666666667,0.004291322671080817,2061.8857142857146,2065.08,-24.199999999999818,-1.173276447202551,1,1,0.49999999999999994,0.8660254037844387,0
2024-01-19,2017.3,586.7,590.1285714285715,594.4200000000001,0.005463724689299556,2035.3857142857144,2054.0899999999997,-48.50000000000023,-2.347758737535106,1,1,0.49999999999999994,0.8660254037844387,0
2024-01-20,2001.3,581.4,585.9428571428572,590.7966666666667,0.007364396091073767,2015.0142857142857,2038.35,-37.100000000000136,-1.8200549450549517,1,1,0.49999999999999994,0.8660254037844387,0
2024-01-21,2026.6,578.7,581.0142857142857,585.8666666666667,0.006857346089989105,2004.9142857142856,2018.6066666666668,9.299999999999955,0.46101224408863106,1,1,0.49999999999999994,0.8660254037844387,0
2024-01-22,2051.2,577.4,578.5142857142857,581.9566666666667,0.005817679457241481,2030.1142857142856,2016.1966666666667,49.899999999999864,2.493379303452749,1,1,0.49999999999999994,0.8660254037844387,0
2024-01-23,2108.5,571.8,576.6,578.8466666666667,0.003650310982945035,2059.385714285714,2029.9399999999998,81.90000000000009,4.041251356952536,1,1,0.49999999999999994,0.8660254037844387,0
2024-01-24,2134.1,581.6,573.1999999999999,576.0633333333334,0.005516366786683276,2112.157142857143,2065.6833333333334,82.90000000000009,4.041536661466464,1,1,0.49999999999999994,0.8660254037844387,0
2024-01-25,2148.3,584.0,581.9428571428572,577.1533333333333,0.00741920344848607,2136.1285714285714,2101.17,39.80000000000018,1.8875978183542892,1,1,0.49999999999999994,0.8660254037844387,0
2024-01-26,2167.3,585.1,584.1571428571428,579.5766666666666,0.009126534818828783,2151.014285714286,2132.26,33.20000000000027,1.5556909235743532,1,1,0.49999999999999994,0.8660254037844387,0
2024-01-27,2165.8,582.1,584.6714285714286,583.5833333333334,0.0025123915558638975,2167.0857142857144,2150.956666666667,17.5,0.8145975887911371,1,1,0.49999999999999994,0.8660254037844387,0
2024-01-28,2123.5,581.7,582.0428571428572,583.6566666666666,0.002248677820331138,2159.757142857143,2159.6400000000003,-43.80000000000018,-2.0209477229732933,1,1,0.49999999999999994,0.8660254037844387,0
2024-01-29,2095.9,582.4,581.8000000000001,582.8766666666667,0.0025604676889501416,2119.557142857143,2149.82,-69.90000000000009,-3.2274448240834834,1,1,0.49999999999999994,0.8660254037844387,0
2024-01-30,2118.9,576.1,581.4999999999999,581.8666666666667,0.0019377353342100053,2099.1857142857143,2126.836666666667,-4.599999999999909,-0.21662349894042426,1,1,0.49999999999999994,0.8660254037844387,0
2024-01-31,2142.5,572.2,575.5428571428572,579.75,0.005498343774041226,2122.2714285714287,2113.4,46.59999999999991,2.223388520444673,1,1,0.49999999999999994,0.8660254037844387,0
2024-02-01,2156.3,568.3,571.6428571428572,576.4300000000001,0.007670102051995972,2144.4714285714285,2121.1133333333332,37.40000000000009,1.7650667799329882,2,1,0.8660254037844386,0.5000000000000001,0
2024-02-02,2123.0,565.9,567.9571428571428,571.86,0.0058559122767233235,2151.5428571428574,2139.37,-19.5,-0.9101516919486581,2,1,0.8660254037844386,0.5000000000000001,0
2024-02-03,2083.3,567.7,566.1571428571427,568.65,0.0045151429739436165,2117.3285714285716,2138.6266666666666,-73.0,-3.3854287436813055,2,1,0.8660254037844386,0.5000000000000001,0
2024-02-04,2097.1,568.6,567.8285714285714,567.31,0.0018483635386510316,2085.2714285714287,2118.8933333333334,-25.90000000000009,-1.2199717381064574,2,1,0.8660254037844386,0.5000000000000001,0
2024-02-05,2100.3,566.8,568.3428571428572,567.4300000000001,0.0019603475775415214,2097.557142857143,2100.3766666666666,17.0,0.8160130562088993,2,1,0.8660254037844386,0.5000000000000001,0
2024-02-06,2114.0,567.0,566.8285714285713,567.6766666666667,0.0013357202643240096,2102.257142857143,2094.59,16.90000000000009,0.8058747794573502,2,1,0.8660254037844386,0.5000000000000001,0
2024-02-07,2096.5,564.4,566.6285714285714,567.3266666666666,0.0017007440560555698,2111.5,2103.78,-3.800000000000182,-0.1809265343046318,2,1,0.8660254037844386,0.5000000000000001,0
2024-02-08,2140.3,559.4,563.6857142857142,565.8199999999999,0.00300696161069688,2102.7571428571428,2104.9333333333334,26.300000000000182,1.2440870387890341,2,1,0.8660254037844386,0.5000000000000001,0
2024-02-09,2122.4,563.0,559.9142857142857,563.4666666666667,0.005579835170546974,2137.7428571428572,2117.2133333333336,25.90000000000009,1.235392320534228,2,1,0.8660254037844386,0.5000000000000001,0
2024-02-10,2153.6,560.3,562.6142857142858,562.13,0.003792799045401455,2126.8571428571427,2121.6366666666668,13.299999999999727,0.6214082138017907,2,1,0.8660254037844386,0.5000000000000001,0
2024-02-11,2132.8,568.9,561.5285714285714,561.2166666666667,0.003757223939504686,2150.6285714285714,2138.516666666667,10.400000000000091,0.4900113079532647,2,1,0.8660254037844386,0.5000000000000001,0
2024-02-12,2140.6,571.4,569.2571428571429,564.3466666666666,0.006879749039633542,2133.914285714286,2136.8733333333334,-13.0,-0.6036404160475484,2,1,0.8660254037844386,0.5000000000000001,0
2024-02-13,2136.1,570.9,571.3285714285714,567.2199999999999,0.008330261216464884,2139.9571428571426,2141.75,3.299999999999727,0.15472618154537354,2,1,0.8660254037844386,0.5000000000000001,0
2024-02-14,2132.5,574.8,571.4571428571428,570.5966666666667,0.002322963812122554,2135.5857142857144,2136.49,-8.099999999999909,-0.37839857983742453,2,1,0.8660254037844386,0.5000000000000001,0
2024-02-15,2118.6,569.3,574.0142857142856,572.2966666666667,0.003218507528032285,2130.5142857142855,2135.6666666666665,-17.5,-0.8192500351107159,2,1,0.8660254037844386,0.5000000000000001,0
2024-02-16,2183.2,566.1,568.842857142857,571.5066666666667,0.004475193717998861,2127.828571428571,2130.6366666666668,50.69999999999982,2.3774912075029224,2,1,0.8660254037844386,0.5000000000000001,0
2024-02-17,2225.2,563.8,565.7714285714286,569.7,0.006519871814699165,2189.2,2147.8566666666666,106.59999999999991,5.031624657792879,2,1,0.8660254037844386,0.5000000000000001,0
2024-02-18,2266.0,562.3,563.5857142857142,566.1666666666666,0.004140525360712199,2231.0285714285715,2180.58,82.80000000000018,3.792598021253215,2,1,0.8660254037844386,0.5000000000000001,0
2024-02-19,2251.5,558.3,561.7285714285714,563.8066666666666,0.003299500781709093,2263.9285714285716,2227.076666666667,26.300000000000182,1.1819162322487948,2,1,0.8660254037844386,0.5000000000000001,0
2024-02-20,2221.0,558.4,558.3142857142856,561.2866666666666,0.004245250261138428,2247.1428571428573,2247.4266666666667,-45.0,-1.9858781994704324,2,1,0.8660254037844386,0.5000000000000001,0
2024-02-21,2226.9,552.2,557.5142857142856,559.3299999999999,0.004059091020958754,2221.842857142857,2244.8633333333337,-24.59999999999991,-1.0926049300466316,2,1,0.8660254037844386,0.5000000000000001,0
2024-02-22,2247.8,544.2,551.0571428571429,555.8299999999999,0.0065805980745008985,2229.8857142857146,2233.01,26.800000000000182,1.206663665015767,2,1,0.8660254037844386,0.5000000000000001,0
2024-02-23,2278.6,539.4,543.5142857142857,550.9666666666667,0.011199354509296723,2252.2000000000003,2233.82,51.69999999999982,2.3216130046252554,2,1,0.8660254037844386,0.5000000000000001,0
2024-02-24,2289.1,536.5,538.9857142857143,544.7433333333333,0.009978317951551819,2280.1,2253.173333333333,41.29999999999973,1.8373520775869616,2,1,0.8660254037844386,0.5000000000000001,0
2024-02-25,2303.2,536.9,536.5571428571428,539.7900000000001,0.005890048805420623,2291.1142857142854,2273.68,24.59999999999991,1.0796102870183406,2,1,0.8660254037844386,0.5000000000000001,0
2024-02-26,2280.2,537.5,536.9857142857143,537.5366666666666,0.0023442620257521085,2299.9142857142856,2290.353333333333,-8.900000000000091,-0.3887990913459478,2,1,0.8660254037844386,0.5000000000000001,0
2024-02-27,2277.5,533.9,536.9857142857143,536.88,0.0012954529778030333,2279.8142857142857,2290.4466666666663,-25.699999999999818,-1.1158388329280922,2,1,0.8660254037844386,0.5000000000000001,0
2024-02-28,2308.5,538.3,534.5285714285714,536.1466666666666,0.0030693618663473607,2281.9285714285716,2287.1433333333334,28.300000000000182,1.2411192000701774,2,1,0.8660254037844386,0.5000000000000001,0
2024-02-29,2281.3,537.0,538.1142857142856,536.55,0.0036161996691353453,2304.6142857142854,2288.77,3.800000000000182,0.16684961580681368,2,1,0.8660254037844386,0.5000000000000001,0
2024-03-01,2284.9,546.3,538.3285714285714,536.8133333333333,0.004753555509679487,2281.8142857142857,2289.346666666667,-23.59999999999991,-1.0223088585661646,3,1,1.0,6.123233995736766e-17,0
2024-03-02,2289.8,545.1,546.1285714285714,540.76,0.007842633181943696,2285.6,2290.9433333333336,8.5,0.37259457326962697,3,1,1.0,6.123233995736766e-17,0
2024-03-03,2286.1,547.9,545.5000000000001,543.1633333333333,0.007646216598139365,2289.2714285714287,2285.4933333333333,1.199999999999818,0.052518709790354855,3,1,1.0,6.123233995736766e-17,0
2024-03-04,2266.5,542.6,547.1428571428571,546.31,0.002490556618234386,2283.3,2286.3199999999997,-23.300000000000182,-1.0175561184382995,3,1,1.0,6.123233995736766e-17,0
2024-03-05,2279.3,538.1,541.9571428571429,544.9666666666667,0.004689028033660641,2268.328571428571,2280.45,-6.799999999999727,-0.29744980534533605,3,1,1.0,6.123233995736766e-17,0
2024-03-06,2289.1,548.1,539.5285714285715,542.8733333333333,0.00752002486091724,2280.7000000000003,2277.4,22.59999999999991,0.9971321420692658,3,1,1.0,6.123233995736766e-17,0
2024-03-07,2310.2,548.4,548.1428571428572,543.1266666666667,0.007873509060709868,2292.1142857142854,2279.756666666667,30.899999999999636,1.3556793752467702,3,1,1.0,6.123233995736766e-17,0
2024-03-08,2333.3,547.3,548.2428571428571,545.1733333333333,0.008647774579134081,2313.5,2294.6666666666665,44.20000000000027,1.9308898693809913,3,1,1.0,6.123233995736766e-17,0
2024-03-09,2341.4,544.6,546.9142857142857,547.8166666666667,0.0014034349340753542,2334.457142857143,2312.61,31.200000000000273,1.3505324214353855,3,1,1.0,6.123233995736766e-17,0
2024-03-10,2337.1,541.6,544.1714285714286,546.5400000000001,0.0033798026086427776,2340.785714285714,2329.1966666666663,3.799999999999727,0.16285946942098004,3,1,1.0,6.123233995736766e-17,0
2024-03-11,2314.8,541.7,541.6142857142858,544.3133333333334,0.004336224730807447,2333.9142857142856,2336.65,-26.59999999999991,-1.1360724352951186,3,1,1.0,6.123233995736766e-17,0
2024-03-12,2342.0,543.6,541.9714285714286,542.6,0.002540370208350829,2318.6857142857143,2331.12,4.900000000000091,0.2096615463608785,3,1,1.0,6.123233995736766e-17,0
2024-03-13,2362.5,549.2,544.4,542.5533333333334,0.00287570618129871,2344.9285714285716,2332.1466666666665,47.69999999999982,2.0606531881803964,3,1,1.0,6.123233995736766e-17,0
2024-03-14,2362.9,543.9,548.4428571428572,544.9066666666666,0.0058527430838048134,2362.557142857143,2341.3700000000003,20.90000000000009,0.892399658411618,3,1,1.0,6.123233995736766e-17,0
2024-03-15,2355.4,541.5,543.5571428571428,545.4966666666667,0.004944694822805431,2361.8285714285716,2356.246666666667,-7.099999999999909,-0.30052910052909665,3,1,1.0,6.123233995736766e-17,0
2024-03-16,2356.9,543.6,541.8000000000001,544.68,0.005828212072044023,2355.6142857142854,2360.0800000000004,-6.0,-0.2539252613314148,3,1,1.0,6.123233995736766e-17,0
2024-03-17,2369.1,543.9,543.6428571428572,543.0,0.0019999273720102996,2358.6428571428573,2358.6066666666666,13.699999999999818,0.5816421839177982,3,1,1.0,6.123233995736766e-17,0
2024-03-18,2345.7,543.3,543.8142857142857,543.0600000000001,0.0019322630361855784,2365.7571428571428,2360.1433333333334,-11.200000000000273,-0.4752004752004868,3,1,1.0,6.123233995736766e-17,0
2024-03-19,2360.8,549.4,544.1714285714285,543.7933333333333,0.002000471300416175,2347.8571428571427,2357.3633333333332,-8.299999999999727,-0.3503440124941846,3,1,1.0,6.123233995736766e-17,0
2024-03-20,2355.6,555.4,550.2571428571429,545.9166666666666,0.006049964786322043,2360.057142857143,2358.0833333333335,9.900000000000091,0.4220488553523508,3,1,1.0,6.123233995736766e-17,0
2024-03-21,2347.3,552.9,555.0428571428571,549.6866666666666,0.00896768051696712,2354.414285714286,2354.0866666666666,-13.5,-0.5718400542189088,3,1,1.0,6.123233995736766e-17,0
2024-03-22,2337.7,553.6,552.9999999999999,552.7066666666667,0.004407783801918586,2345.9285714285716,2353.796666666667,-17.90000000000009,-0.759891322805234,3,1,1.0,6.123233995736766e-17,0
2024-03-23,2337.8,555.3,553.8428571428572,553.9633333333334,0.0019253466994832585,2337.7142857142853,2346.273333333333,-9.5,-0.40472031695991134,3,1,1.0,6.123233995736766e-17,0
2024-03-24,2361.7,549.4,554.4571428571428,553.8166666666667,0.0023600450118411807,2341.214285714286,2341.4133333333334,24.0,1.0266501261924112,3,1,1.0,6.123233995736766e-17,0
2024-03-25,2385.1,543.9,548.6142857142856,552.4433333333333,0.005412223438037806,2365.042857142857,2347.313333333333,47.29999999999973,2.02326974078192,3,1,1.0,6.123233995736766e-17,0
2024-03-26,2356.0,536.7,542.8714285714285,548.9133333333334,0.009387186345968333,2380.942857142857,2362.14,-5.699999999999818,-0.2413515687851894,3,1,1.0,6.123233995736766e-17,0
2024-03-27,2375.1,534.4,536.3714285714286,542.8333333333334,0.009954429373059903,2358.7285714285713,2368.0466666666666,-10.0,-0.4192696323005325,3,1,1.0,6.123233995736766e-17,0
2024-03-28,2361.5,536.0,534.6285714285714,538.0699999999999,0.00743111660330234,2373.157142857143,2371.2799999999997,5.5,0.23344651952461798,3,1,1.0,6.123233995736766e-17,0
2024-03-29,2366.2,535.9,535.9857142857143,535.6733333333334,0.0017952278008204435,2362.171428571429,2364.5400000000004,-8.900000000000091,-0.37472106437624064,3,1,1.0,6.123233995736766e-17,0
2024-03-30,2369.3,532.0,535.342857142857,535.3533333333332,0.0017887834392256118,2366.6428571428573,2367.4066666666668,7.800000000000182,0.33029853906416184,3,1,1.0,6.123233995736766e-17,0
2024-03-31,2365.4,531.9,531.9857142857143,534.4966666666667,0.003629005399687486,2368.7428571428572,2365.796666666667,-0.7999999999997272,-0.03380948356012709,3,1,1.0,6.123233995736766e-17,0
2024-04-01,2354.4,528.4,531.4,533.0166666666667,0.0037995067631305234,2363.828571428571,2366.5733333333333,-14.900000000000091,-0.6288777275988726,4,2,0.8660254037844387,-0.4999999999999998,0
2024-04-02,2397.3,522.9,527.6142857142856,530.4633333333334,0.004166621658855698,2360.5285714285715,2363.9666666666667,31.90000000000009,1.348609114737469,4,2,0.8660254037844387,-0.4999999999999998,0
2024-04-03,2434.2,522.1,522.7857142857142,527.4066666666666,0.007240069467509892,2402.5714285714284,2374.6600000000003,79.79999999999973,3.3893985728848,4,2,0.8660254037844387,-0.4999999999999998,0
2024-04-04,2460.3,519.6,521.7428571428571,524.1733333333334,0.005498487931700743,2437.9285714285716,2398.83,63.0,2.627956451007383,4,2,0.8660254037844387,-0.4999999999999998,0
2024-04-05,2477.3,517.7,519.3285714285714,521.36,0.0030052381260499057,2462.7285714285717,2433.266666666667,43.100000000000364,1.7706022512529933,4,2,0.8660254037844387,-0.4999999999999998,0
2024-04-06,2462.3,520.7,518.1285714285715,519.7533333333333,0.0034427507802015592,2475.1571428571433,2458.2033333333334,2.0,0.08129089948380278,4,2,0.8660254037844387,-0.4999999999999998,0
2024-04-07,2494.9,526.9,521.5857142857143,519.5766666666667,0.0036002116954046005,2466.957142857143,2467.786666666667,17.59999999999991,0.7104508941185931,4,2,0.8660254037844387,-0.4999999999999998,0
2024-04-08,2476.2,528.7,527.1571428571428,522.1333333333333,0.007691910397806836,2492.2285714285713,2478.13,13.899999999999636,0.5645128538358297,4,2,0.8660254037844387,-0.4999999999999998,0
2024-04-09,2526.6,529.3,528.7857142857143,525.72,0.006535523782049238,2483.4,2479.943333333333,31.699999999999818,1.2705920076956918,4,2,0.8660254037844387,-0.4999999999999998,0
2024-04-10,2531.4,523.9,528.5285714285714,528.2,0.002443296480973428,2527.285714285714,2500.45,55.20000000000027,2.22922219529926,4,2,0.8660254037844387,-0.4999999999999998,0
2024-04-11,2561.5,521.3,523.5285714285714,527.0533333333334,0.005074183492530202,2535.7000000000003,2514.2433333333333,34.90000000000009,1.3813029367529523,4,2,0.8660254037844387,-0.4999999999999998,0
2024-04-12,2575.0,526.0,521.9714285714285,524.7233333333332,0.006272115402312562,2563.4285714285716,2541.446666666667,43.59999999999991,1.7223670696057483,4,2,0.8660254037844387,-0.4999999999999998,0
2024-04-13,2600.0,523.0,525.5714285714286,523.7033333333333,0.0037416238352702773,2578.5714285714284,2558.2533333333336,38.5,1.5030255709545188,4,2,0.8660254037844387,-0.4999999999999998,0
2024-04-14,2637.6,521.7,522.8142857142857,523.4466666666666,0.0037495889399089153,2605.371428571428,2581.37,62.59999999999991,2.431067961165045,4,2,0.8660254037844387,-0.4999999999999998,0
2024-04-15,2670.9,523.9,522.0142857142857,523.4966666666667,0.0033895766481254956,2642.3571428571427,2607.3966666666665,70.90000000000009,2.72692307692308,4,2,0.8660254037844387,-0.4999999999999998,0
2024-04-16,2725.1,521.3,523.5285714285714,522.8100000000001,0.001838997852857773,2678.6428571428573,2640.3366666666666,87.5,3.3174097664543525,4,2,0.8660254037844387,-0.4999999999999998,0
2024-04-17,2726.7,522.4,521.4571428571428,522.3233333333333,0.002215469487174999,2725.328571428571,2680.836666666667,55.79999999999973,2.0891834213186464,4,2,0.8660254037844387,-0.4999999999999998,0
2024-04-18,2739.4,524.6,522.7142857142857,522.5566666666666,0.0021455479123659938,2728.5142857142855,2709.85,14.300000000000182,0.524751385270272,4,2,0.8660254037844387,-0.4999999999999998,0
2024-04-19,2730.4,521.2,524.1142857142858,522.7633333333333,0.002676418693531591,2738.1142857142863,2730.576666666667,3.700000000000273,0.13569516265083337,4,2,0.8660254037844387,-0.4999999999999998,0
2024-04-20,2681.4,529.4,522.3714285714286,522.9666666666667,0.003589067322828903,2723.4000000000005,2730.6566666666668,-58.0,-2.117251952982405,4,2,0.8660254037844387,-0.4999999999999998,0
2024-04-21,2675.9,528.3,529.2428571428571,525.19,0.006607708791843206,2680.6142857142854,2714.95,-54.5,-1.9960445355991796,4,2,0.8660254037844387,-0.4999999999999998,0
2024-04-22,2696.4,531.8,528.8,526.6533333333333,0.007022703690474233,2678.8285714285716,2694.766666666667,15.0,0.5594092638174089,4,2,0.8660254037844387,-0.4999999999999998,0
2024-04-23,2692.3,532.9,531.9571428571428,529.9499999999999,0.0029912684366473555,2695.8142857142857,2684.9300000000003,16.40000000000009,0.6128779102358118,4,2,0.8660254037844387,-0.4999999999999998,0
2024-04-24,2732.6,534.9,533.1857142857142,531.2199999999999,0.0038589702055563217,2698.057142857143,2690.0900000000006,36.19999999999982,1.3425307817831114,4,2,0.8660254037844387,-0.4999999999999998,0
2024-04-25,2749.3,539.6,535.5714285714286,533.4599999999999,0.003235084496708229,2734.985714285714,2708.8633333333337,57.0,2.1171489061397315,4,2,0.8660254037844387,-0.4999999999999998,0
2024-04-26,2716.9,541.2,539.8285714285714,536.0766666666666,0.005532098220186457,2744.671428571429,2725.5533333333337,-15.699999999999818,-0.5745443899582748,4,2,0.8660254037844387,-0.4999999999999998,0
2024-04-27,2703.8,543.5,541.5285714285716,538.8533333333334,0.005144939424038581,2715.0285714285715,2731.9733333333334,-45.5,-1.6549667188011492,4,2,0.8660254037844387,-0.4999999999999998,0
2024-04-28,2704.4,544.7,543.6714285714286,541.6033333333334,0.003129445343058059,2703.8857142857146,2721.836666666667,-12.5,-0.4600831830394936,4,2,0.8660254037844387,-0.4999999999999998,0
2024-04-29,2710.5,555.1,546.1857142857144,543.5966666666667,0.00478600265078874,2705.2714285714287,2708.153333333333,6.699999999999818,0.24779939344625407,4,2,0.8660254037844387,-0.4999999999999998,0
2024-04-30,2666.6,558.2,555.5428571428572,548.2566666666667,0.010145868308251331,2704.2285714285713,2704.9933333333333,-37.80000000000018,-1.3977222304392907,4,2,0.8660254037844387,-0.4999999999999998,0
2024-05-01,2698.9,560.9,558.5857142857143,553.2066666666667,0.010591670780546233,2671.214285714286,2693.65,-11.599999999999909,-0.4279653200516476,5,2,0.49999999999999994,-0.8660254037844387,0
2024-05-02,2668.4,560.0,560.7714285714285,558.23,0.004241818732799298,2694.5428571428574,2690.596666666667,1.800000000000182,0.06750168754219538,5,2,0.49999999999999994,-0.8660254037844387,0
2024-05-03,2654.0,562.4,560.3428571428572,559.84,0.0021560593494456643,2666.342857142857,2677.5466666666666,-44.90000000000009,-1.6636407425247357,5,2,0.49999999999999994,-0.8660254037844387,0
2024-05-04,2663.9,557.6,561.7142857142857,560.99,0.002125896243822967,2655.414285714286,2672.6,-4.5,-0.16864038375056212,5,2,0.49999999999999994,-0.8660254037844387,0
2024-05-05,2693.9,555.2,557.2571428571429,559.84,0.003889056041536548,2668.1857142857148,2662.95,39.90000000000009,1.5033911077618722,5,2,0.49999999999999994,-0.8660254037844387,0
2024-05-06,2694.4,552.0,554.7428571428572,558.0533333333333,0.0056681335507094656,2693.9714285714285,2671.946666666667,30.5,1.1449378730432824,5,2,0.49999999999999994,-0.8660254037844387,0
2024-05-07,2691.4,553.7,552.2428571428571,554.8033333333334,0.004123390153079958,2693.971428571429,2684.983333333333,-2.5,-0.09280225695088903,5,2,0.49999999999999994,-0.8660254037844387,0
2024-05-08,2680.6,556.6,554.1142857142858,553.6800000000001,0.0025442353486257604,2689.8571428571427,2692.79,-13.800000000000182,-0.512173396674591,5,2,0.49999999999999994,-0.8660254037844387,0
2024-05-09,2723.8,555.0,556.3714285714286,554.2,0.0034219734352657323,2686.7714285714287,2689.7799999999997,32.40000000000009,1.2038344356097233,5,2,0.49999999999999994,-0.8660254037844387,0
2024-05-10,2747.2,549.3,554.1857142857143,554.9533333333334,0.0028635376081416796,2727.1428571428573,2700.46,66.59999999999991,2.4845183914049063,5,2,0.49999999999999994,-0.8660254037844387,0
2024-05-11,2709.2,554.4,550.0285714285714,553.56,0.005673997724347224,2741.7714285714287,2718.1533333333336,-14.600000000000364,-0.5360158601953287,5,2,0.49999999999999994,-0.8660254037844387,0
2024-05-12,2773.2,552.1,554.0714285714286,552.8033333333333,0.004656398767694475,2718.3428571428567,2728.38,26.0,0.9464181712288876,5,2,0.49999999999999994,-0.8660254037844387,0
2024-05-13,2811.8,560.1,553.2428571428571,552.2933333333333,0.0045896830122192835,2778.714285714286,2745.353333333333,102.60000000000036,3.787095821644779,5,2,0.49999999999999994,-0.8660254037844387,0
2024-05-14,2842.1,564.2,560.6857142857143,555.86,0.006763481384363763,2816.128571428572,2769.163333333333,68.90000000000009,2.4844944468484096,5,2,0.49999999999999994,-0.8660254037844387,0
2024-05-15,2861.6,562.0,563.8857142857144,559.13,0.008908374674748542,2844.8857142857146,2811.98,49.79999999999973,1.7711074756383713,5,2,0.49999999999999994,-0.8660254037844387,0
2024-05-16,2861.6,561.3,561.9,562.14,0.0029692084736465045,2861.6,2840.1600000000003,19.5,0.6861123816895958,5,2,0.49999999999999994,-0.8660254037844387,0
2024-05-17,2879.1,565.2,561.8571428571428,562.5333333333333,0.0023380853549956667,2864.0999999999995,2856.3333333333335,17.5,0.6115459882583171,5,2,0.49999999999999994,-0.8660254037844387,0
2024-05-18,2916.1,560.6,564.5428571428572,562.7866666666666,0.0031423031137996064,2884.3857142857137,2869.25,54.5,1.9045289348616161,5,2,0.49999999999999994,-0.8660254037844387,0
2024-05-19,2898.2,553.1,559.5285714285715,562.0933333333335,0.004734227072527954,2913.542857142857,2886.8199999999997,19.09999999999991,0.663401757493658,5,2,0.49999999999999994,-0.8660254037844387,0
2024-05-20,2895.3,559.2,553.9714285714286,559.4333333333333,0.008869967760678468,2897.7857142857138,2898.3399999999997,-20.799999999999727,-0.7132814375364264,5,2,0.49999999999999994,-0.8660254037844387,0
2024-05-21,2869.7,566.6,560.257142857143,557.8333333333334,0.0065610510752937366,2891.6428571428573,2901.653333333333,-28.5,-0.9833689876475054,5,2,0.49999999999999994,-0.8660254037844387,0
2024-05-22,2884.3,565.7,566.4714285714286,560.0533333333334,0.009963000645933391,2871.7857142857138,2887.27,-11.0,-0.3799260871066901,5,2,0.49999999999999994,-0.8660254037844387,0
2024-05-23,2875.1,570.0,566.3142857142858,564.1933333333334,0.006057667586451303,2882.9857142857145,2882.4266666666667,5.400000000000091,0.18817297975398442,5,2,0.49999999999999994,-0.8660254037844387,0
2024-05-24,2913.7,568.1,569.7285714285714,567.4833333333333,0.0033135846977134713,2880.6142857142854,2877.8333333333335,29.399999999999636,1.0193114447179432,5,2,0.49999999999999994,-0.8660254037844387,0
2024-05-25,2917.3,561.0,567.0857142857143,567.7766666666666,0.0038030650613607372,2914.214285714286,2892.133333333333,42.20000000000027,1.4677750339118734,5,2,0.49999999999999994,-0.8660254037844387,0
2024-05-26,2913.7,559.2,560.7428571428571,566.0066666666667,0.007220279763451403,2916.785714285714,2903.3199999999997,0.0,0.0,5,2,0.49999999999999994,-0.8660254037844387,0
2024-05-27,2926.6,557.0,558.8857142857144,562.3966666666668,0.006954071998627972,2915.542857142857,2915.3300000000004,9.299999999999727,0.3187879203372888,5,2,0.49999999999999994,-0.8660254037844387,0
2024-05-28,2854.8,556.9,556.9857142857143,558.9300000000001,0.0029838759602176254,2916.342857142857,2917.116666666667,-58.899999999999636,-2.021484710162324,5,2,0.49999999999999994,-0.8660254037844387,0
2024-05-29,2896.4,555.1,556.6428571428571,557.5633333333334,0.0020462719721416733,2860.7428571428572,2897.7900000000004,-30.199999999999818,-1.0319141666097116,5,2,0.49999999999999994,-0.8660254037844387,0
2024-05-30,2908.2,551.1,554.5285714285715,556.1366666666668,0.0023289459306943634,2898.085714285714,2891.986666666666,53.399999999999636,1.8705338377469398,5,2,0.49999999999999994,-0.8660254037844387,0
2024-05-31,2927.4,556.0,551.8000000000001,554.3366666666666,0.004399556876083113,2910.942857142857,2888.8866666666663,31.0,1.070294158265433,5,2,0.49999999999999994,-0.8660254037844387,0
2024-06-01,2922.3,552.5,555.5,553.98,0.00392670505958359,2926.671428571429,2911.53,14.100000000000364,0.48483598101919967,6,2,1.2246467991473532e-16,-1.0,1
2024-06-02,2916.7,554.0,552.7142857142857,553.2966666666667,0.003727450950825215,2921.5,2919.5833333333335,-10.700000000000273,-0.36551205848193863,6,2,1.2246467991473532e-16,-1.0,1
2024-06-03,2896.7,559.9,554.8428571428572,554.2966666666667,0.003189993099965181,2913.8428571428567,2921.11,-25.600000000000364,-0.8760223111932506,6,2,1.2246467991473532e-16,-1.0,1
2024-06-04,2896.2,556.9,559.4714285714285,555.6133333333333,0.00577600467013241,2896.628571428571,2911.0299999999997,-20.5,-0.7028491102958824,6,2,1.2246467991473532e-16,-1.0,1
2024-06-05,2918.3,559.9,557.3285714285714,557.13,0.0043852741973214645,2899.357142857142,2903.2533333333336,21.600000000000364,0.7456761141989285,6,2,1.2246467991473532e-16,-1.0,1
2024-06-06,2920.1,561.9,560.1857142857142,558.9666666666667,0.0027368018231415923,2918.557142857143,2904.513333333334,23.90000000000009,0.8252192528140354,6,2,1.2246467991473532e-16,-1.0,1
2024-06-07,2906.9,565.1,562.3571428571428,559.8399999999999,0.004034299536292707,2918.214285714286,2911.89,-11.400000000000091,-0.39063838536134365,6,2,1.2246467991473532e-16,-1.0,1
2024-06-08,2914.3,559.7,564.3285714285714,562.2933333333333,0.00388792244119263,2907.957142857143,2914.9666666666667,-5.799999999999727,-0.19862333481729144,6,2,1.2246467991473532e-16,-1.0,1
2024-06-09,2913.4,553.2,558.7714285714286,561.9433333333334,0.00497254792318107,2914.171428571429,2913.543333333333,6.5,0.22360590319584436,6,2,1.2246467991473532e-16,-1.0,1
2024-06-10,2895.1,550.0,552.7428571428572,558.83,0.009138500549805516,2910.785714285714,2911.1400000000003,-19.200000000000273,-0.6588202999005,6,2,1.2246467991473532e-16,-1.0,1
2024-06-11,2923.8,545.9,549.4142857142857,553.84,0.007672520645775818,2899.2,2907.9166666666665,10.400000000000091,0.3569712363561506,6,2,1.2246467991473532e-16,-1.0,1
2024-06-12,2934.6,548.7,546.3,549.55,0.0054051495765420465,2925.342857142857,2911.473333333334,39.5,1.3643742875893752,6,2,1.2246467991473532e-16,-1.0,1
2024-06-13,2925.4,545.4,548.2285714285715,548.0466666666666,0.0032445576741901667,2933.285714285714,2918.8433333333332,1.599999999999909,0.05472330528763626,6,2,1.2246467991473532e-16,-1.0,1
2024-06-14,2898.6,533.7,543.7285714285714,546.26,0.005108737299347056,2921.5714285714284,2927.0933333333332,-36.0,-1.2267429973420567,6,2,1.2246467991473532e-16,-1.0,1
2024-06-15,2921.3,524.3,532.3571428571429,541.7866666666666,0.013364618612569386,2901.842857142857,2919.0899999999997,-4.099999999999909,-0.14015177411635704,6,2,1.2246467991473532e-16,-1.0,1
2024-06-16,2936.8,532.5,525.4714285714284,534.0366666666666,0.01598624362947946,2923.514285714286,2915.48,38.20000000000027,1.3178775960808762,6,2,1.2246467991473532e-16,-1.0,1
2024-06-17,2918.6,531.8,532.4,530.1033333333334,0.007938221902705024,2934.2000000000003,2919.5666666666666,-2.700000000000273,-0.09242460548386926,6,2,1.2246467991473532e-16,-1.0,1
2024-06-18,2902.5,528.6,531.342857142857,529.6766666666666,0.006889044558081109,2916.2999999999997,2924.94,-34.30000000000018,-1.167937891582681,6,2,1.2246467991473532e-16,-1.0,1
2024-06-19,2878.7,529.0,528.657142857143,530.85,0.0032735520624809404,2899.1,2917.3633333333337,-39.90000000000009,-1.3670938121016958,6,2,1.2246467991473532e-16,-1.0,1
2024-06-20,2886.8,528.0,528.8571428571429,529.6733333333334,0.0027056111227002524,2879.8571428571427,2898.8733333333334,-15.699999999999818,-0.5409130060292788,6,2,1.2246467991473532e-16,-1.0,1
2024-06-21,2847.7,531.6,528.5142857142857,528.6333333333333,0.0013221486750453798,2881.214285714286,2887.506666666667,-31.0,-1.076874978288811,6,2,1.2246467991473532e-16,-1.0,1
2024-06-22,2843.2,544.3,533.4142857142857,530.0433333333333,0.005852183395169054,2847.0571428571425,2869.8833333333328,-43.600000000000364,-1.5103228488291658,6,2,1.2246467991473532e-16,-1.0,1
2024-06-23,2824.4,542.6,544.0571428571428,535.12,0.013344694948733244,2840.5142857142855,2857.1533333333336,-23.299999999999727,-0.8182041647645373,6,2,1.2246467991473532e-16,-1.0,1
2024-06-24,2827.3,536.9,541.7857142857143,539.6766666666667,0.01028820095510415,2824.8142857142857,2837.753333333333,-15.899999999999636,-0.5592290377039827,6,2,1.2246467991473532e-16,-1.0,1
2024-06-25,2810.6,544.4,537.9714285714285,541.27,0.005952921580374815,2824.914285714286,2830.546666666667,-13.800000000000182,-0.4885993485342084,6,2,1.2246467991473532e-16,-1.0,1
2024-06-26,2799.4,549.5,545.1285714285714,541.53,0.0066009965680195815,2809.0,2819.933333333334,-27.90000000000009,-0.9868072012167116,6,2,1.2246467991473532e-16,-1.0,1
2024-06-27,2820.7,551.4,549.7714285714286,544.0833333333333,0.009727582960523635,2802.4428571428575,2812.213333333333,10.099999999999909,0.35935387461751617,6,2,1.2246467991473532e-16,-1.0,1
2024-06-28,2804.6,555.6,552.0,548.8066666666666,0.005791614167249882,2818.4,2810.0333333333333,5.199999999999818,0.18575409016217112,6,2,1.2246467991473532e-16,-1.0,1
2024-06-29,2794.5,551.7,555.0428571428572,552.24,0.004608237029733044,2803.157142857143,2808.0699999999997,-26.199999999999818,-0.9288474492147276,6,2,1.2246467991473532e-16,-1.0,1
2024-06-30,2846.1,547.5,551.1,552.7700000000001,0.003920575962029,2801.871428571428,2807.446666666667,41.5,1.4797119018754903,6,2,1.2246467991473532e-16,-1.0,1
2024-07-01,2881.4,547.2,547.4571428571428,551.32,0.006111283680159947,2851.1428571428573,2817.626666666666,86.90000000000009,3.1096797280372193,7,3,-0.4999999999999997,-0.8660254037844388,1
2024-07-02,2854.8,548.9,547.4428571428572,548.7066666666667,0.0036752667963844852,2877.6,2842.6766666666667,8.700000000000273,0.30568145883842,7,3,-0.4999999999999997,-0.8660254037844388,1
2024-07-03,2879.5,553.6,549.5714285714286,548.0699999999999,0.002346486934194167,2858.3285714285716,2861.8799999999997,-1.900000000000091,-0.06594016797390473,7,3,-0.4999999999999997,-0.8660254037844388,1
2024-07-04,2894.0,554.9,553.7857142857143,550.1566666666666,0.0051801354706205996,2881.5714285714284,2872.32,39.19999999999982,1.3731259632898913,7,3,-0.4999999999999997,-0.8660254037844388,1
2024-07-05,2885.1,556.3,555.1,552.7133333333334,0.004744381547421459,2892.7285714285713,2877.11,5.599999999999909,0.19447820802222293,7,3,-0.4999999999999997,-0.8660254037844388,1
2024-07-06,2889.3,561.5,557.0428571428571,555.1966666666667,0.002910631154793951,2885.7000000000003,2886.5266666666666,-4.699999999999818,-0.1624049758120186,7,3,-0.4999999999999997,-0.8660254037844388,1
2024-07-07,2917.8,566.8,562.2571428571429,557.9633333333333,0.005909492823802526,2893.371428571429,2890.26,32.70000000000027,1.1334095871893617,7,3,-0.4999999999999997,-0.8660254037844388,1
2024-07-08,2864.8,564.4,566.4571428571428,561.8033333333333,0.00760882525909561,2910.2285714285717,2896.7233333333334,-24.5,-0.8479562523794689,7,3,-0.4999999999999997,-0.8660254037844388,1
2024-07-09,2864.2,560.4,563.8285714285714,564.1966666666667,0.004004738860423232,2864.7142857142862,2889.796666666667,-53.600000000000364,-1.8370004798135706,7,3,-0.4999999999999997,-0.8660254037844388,1
2024-07-10,2885.2,562.6,560.7142857142857,563.7266666666667,0.0046757034176489265,2867.2,2881.1800000000003,20.399999999999636,0.7120915945266558,7,3,-0.4999999999999997,-0.8660254037844388,1
2024-07-11,2876.0,561.0,562.3714285714286,562.3533333333332,0.0029218493296520476,2883.8857142857146,2871.773333333333,11.800000000000182,0.41198240346345166,7,3,-0.4999999999999997,-0.8660254037844388,1
2024-07-12,2916.3,559.7,560.8142857142857,561.31,0.00173949116705998,2881.7571428571428,2876.87,31.100000000000364,1.0779148759184933,7,3,-0.4999999999999997,-0.8660254037844388,1
2024-07-13,2954.4,563.7,560.2714285714286,561.1366666666667,0.0022607352319075876,2921.7428571428572,2894.8066666666664,78.40000000000009,2.726008344923508,7,3,-0.4999999999999997,-0.8660254037844388,1
2024-07-14,2964.4,563.6,563.6857142857143,561.5533333333334,0.0030910267070617726,2955.828571428571,2918.513333333334,48.09999999999991,1.6493502040256458,7,3,-0.4999999999999997,-0.8660254037844388,1
2024-07-15,2972.5,558.9,562.9285714285714,562.3066666666667,0.003446188665574589,2965.557142857143,2946.906666666667,18.09999999999991,0.6126455456268586,7,3,-0.4999999999999997,-0.8660254037844388,1
2024-07-16,2960.9,559.7,559.0142857142856,561.9333333333333,0.004085757664668018,2970.842857142857,2963.983333333333,-3.5,-0.11806773714748346,7,3,-0.4999999999999997,-0.8660254037844388,1
2024-07-17,2954.4,562.0,560.0285714285715,560.6800000000001,0.003624568693875024,2959.971428571429,2965.6,-18.09999999999991,-0.6089150546677851,7,3,-0.4999999999999997,-0.8660254037844388,1
2024-07-18,2976.1,556.7,561.2428571428571,560.1266666666667,0.0026146001955244615,2957.5,2962.72,15.199999999999818,0.5133574251072247,7,3,-0.4999999999999997,-0.8660254037844388,1
2024-07-19,3024.6,552.7,556.1285714285715,559.2333333333333,0.004520888243638794,2983.028571428571,2965.923333333333,70.19999999999982,2.376116978066606,7,3,-0.4999999999999997,-0.8660254037844388,1
2024-07-20,3037.4,553.4,552.8000000000001,556.8466666666667,0.006859044520875156,3026.4285714285716,2987.8,61.30000000000018,2.0597426161755377,7,3,-0.4999999999999997,-0.8660254037844388,1
2024-07-21,3049.6,555.9,553.7571428571429,554.24,0.0031428577850105346,3039.1428571428573,3015.15,25.0,0.8265555775970377,7,3,-0.4999999999999997,-0.8660254037844388,1
2024-07-22,3059.8,555.0,555.7714285714285,554.0766666666666,0.0025020152212339376,3051.0571428571425,3038.3733333333334,22.40000000000009,0.7374728386119738,7,3,-0.4999999999999997,-0.8660254037844388,1
2024-07-23,3107.2,554.4,554.9142857142857,554.8,0.0018424082210183096,3066.5714285714284,3051.26,57.59999999999991,1.8887722980062929,7,3,-0.4999999999999997,-0.8660254037844388,1
2024-07-24,3134.9,553.9,554.3285714285714,555.0333333333333,0.0011621858746961981,3111.157142857143,3075.0433333333335,75.09999999999991,2.454408784887898,7,3,-0.4999999999999997,-0.8660254037844388,1
2024-07-25,3156.0,551.8,553.6,554.3266666666666,0.0011767097320124291,3137.914285714286,3103.8400000000006,48.80000000000018,1.5705458290422307,7,3,-0.4999999999999997,-0.8660254037844388,1
2024-07-26,3164.3,552.6,551.9142857142857,553.3066666666667,0.0020545994337656643,3157.1857142857143,3134.603333333333,29.40000000000009,0.9378289578614977,7,3,-0.4999999999999997,-0.8660254037844388,1
2024-07-27,3153.3,554.6,552.8857142857144,552.7900000000001,0.0016636541146449976,3162.7285714285717,3152.346666666667,-2.699999999999818,-0.08555133079847332,7,3,-0.4999999999999997,-0.8660254037844388,1
2024-07-28,3171.8,557.1,554.9571428571429,553.1766666666666,0.002512821672683584,3155.942857142857,3158.3933333333334,7.5,0.23701924596277213,7,3,-0.4999999999999997,-0.8660254037844388,1
2024-07-29,3198.9,554.9,556.7857142857143,554.8433333333335,0.0032930548400117053,3175.671428571429,3164.286666666667,45.59999999999991,1.4461040814384902,7,3,-0.4999999999999997,-0.8660254037844388,1
2024-07-30,3208.0,562.3,555.9571428571428,555.7900000000001,0.0029922398937567147,3200.2000000000003,3176.49,36.19999999999982,1.141307774765112,7,3,-0.4999999999999997,-0.8660254037844388,1
2024-07-31,3199.2,562.2,562.2857142857143,558.27,0.00579708741857671,3206.7428571428572,3193.813333333333,0.29999999999972715,0.00937822376441049,7,3,-0.4999999999999997,-0.8660254037844388,1
2024-08-01,3219.2,555.7,561.2714285714286,559.8266666666666,0.006231916826830042,3202.0571428571425,3202.71,11.199999999999818,0.34912718204488213,8,3,-0.8660254037844385,-0.5000000000000004,1
2024-08-02,3192.4,559.5,556.2428571428571,559.9733333333334,0.00556024522258945,3215.371428571428,3208.2799999999997,-6.799999999999727,-0.21255313828456263,8,3,-0.8660254037844385,-0.5000000000000004,1
2024-08-03,3189.8,558.9,559.4142857142857,559.0233333333333,0.00473925994924191,3192.0285714285715,3203.286666666667,-29.399999999999636,-0.9132703777335872,8,3,-0.8660254037844385,-0.5000000000000004,1
2024-08-04,3218.8,555.2,558.3714285714285,558.0166666666667,0.003086798195272736,3193.9428571428575,3200.4533333333334,26.40000000000009,0.8269640395940386,8,3,-0.8660254037844385,-0.5000000000000004,1
2024-08-05,3243.1,557.2,555.4857142857144,557.7900000000001,0.003428628412394539,3222.2714285714287,3202.0233333333335,53.29999999999973,1.6709511568123305,8,3,-0.8660254037844385,-0.5000000000000004,1
2024-08-06,3268.0,546.3,555.6428571428572,556.6800000000001,0.004434283832100363,3246.657142857143,3219.8399999999997,49.19999999999982,1.528519945321232,8,3,-0.8660254037844385,-0.5000000000000004,1
2024-08-07,3251.6,539.0,545.2571428571428,552.36,0.009816220670988205,3265.657142857143,3244.3933333333334,8.5,0.26209490919182266,8,3,-0.8660254037844385,-0.5000000000000004,1
2024-08-08,3285.9,538.5,538.9285714285714,546.8766666666667,0.013805593567513182,3256.5,3255.6599999999994,17.90000000000009,0.5477356181150579,8,3,-0.8660254037844385,-0.5000000000000004,1
2024-08-09,3326.2,543.7,539.2428571428571,541.18,0.006525146811807374,3291.6571428571433,3270.44,74.59999999999991,2.2942551359330765,8,3,-0.8660254037844385,-0.5000000000000004,1
2024-08-10,3344.6,544.0,543.7428571428572,540.5666666666667,0.004541308867709374,3328.828571428571,3291.0,58.69999999999982,1.7864207675218302,8,3,-0.8660254037844385,-0.5000000000000004,1
2024-08-11,3338.4,540.7,543.5285714285715,542.14,0.0045986419387199036,3343.714285714286,3320.65,12.200000000000273,0.3667849197282266,8,3,-0.8660254037844385,-0.5000000000000004,1
2024-08-12,3334.0,541.2,540.7714285714286,542.7166666666667,0.0028244521267550902,3337.7714285714283,3336.6600000000003,-10.599999999999909,-0.31692878072115976,8,3,-0.8660254037844385,-0.5000000000000004,1
2024-08-13,3335.0,547.9,542.157142857143,542.0966666666667,0.0033181372875087265,3334.1428571428573,3338.68,-3.400000000000091,-0.10184519530314196,8,3,-0.8660254037844385,-0.5000000000000004,1
2024-08-14,3339.8,545.0,547.4857142857143,543.4100000000001,0.006103997110103239,3335.6857142857148,3335.846666666667,5.800000000000182,0.17396520695861373,8,3,-0.8660254037844385,-0.5000000000000004,1
2024-08-15,3324.4,544.8,544.9714285714286,544.82,0.0049758607025052835,3337.600000000001,3335.9466666666663,-10.599999999999909,-0.31784107946026713,8,3,-0.8660254037844385,-0.5000000000000004,1
2024-08-16,3307.0,539.2,544.0,545.61,0.003378970877846857,3321.914285714286,3332.133333333333,-32.80000000000018,-0.9820947362117546,8,3,-0.8660254037844385,-0.5000000000000004,1
2024-08-17,3269.3,542.2,539.6285714285715,542.9066666666666,0.004993990331180639,3301.6142857142854,3321.383333333333,-55.09999999999991,-1.6574419444110187,8,3,-0.8660254037844385,-0.5000000000000004,1
2024-08-18,3232.8,541.0,542.0285714285715,541.94,0.004200102845384404,3264.0857142857144,3297.1800000000003,-74.19999999999982,-2.2437254309041372,8,3,-0.8660254037844385,-0.5000000000000004,1
2024-08-19,3240.7,546.4,541.7714285714286,541.0400000000001,0.0029258710569821955,3233.9285714285716,3267.4900000000002,-28.600000000000364,-0.8748050041293355,8,3,-0.8660254037844385,-0.5000000000000004,1
2024-08-20,3243.5,545.7,546.3,543.3166666666667,0.004398785343181785,3241.1,3246.74,10.699999999999818,0.3309824300915558,8,3,-0.8660254037844385,-0.5000000000000004,1
2024-08-21,3248.8,542.7,545.2714285714286,544.4233333333334,0.004365553716489971,3244.2571428571428,3239.5333333333333,8.100000000000364,0.24994599932114556,8,3,-0.8660254037844385,-0.5000000000000004,1
2024-08-22,3228.8,547.0,543.3142857142858,544.9533333333334,0.003035866325334546,3245.942857142857,3243.9366666666665,-14.699999999999818,-0.4532141205487843,8,3,-0.8660254037844385,-0.5000000000000004,1
2024-08-23,3276.3,546.8,546.9714285714286,545.17,0.0034007883308228323,3235.5857142857144,3241.46,27.5,0.8464663875892637,8,3,-0.8660254037844385,-0.5000000000000004,1
2024-08-24,3238.3,539.6,545.7714285714285,545.3966666666666,0.004092105234683676,3270.871428571428,3250.95,9.5,0.29422695738354804,8,3,-0.8660254037844385,-0.5000000000000004,1
2024-08-25,3244.9,541.6,539.8857142857144,544.2866666666666,0.006439882837712255,3239.2428571428572,3248.336666666667,-31.40000000000009,-0.9583981930836643,8,3,-0.8660254037844385,-0.5000000000000004,1
2024-08-26,3267.2,539.7,541.3285714285714,542.43,0.005586571090092518,3248.0857142857144,3252.8633333333337,28.899999999999636,0.8924435660686049,8,3,-0.8660254037844385,-0.5000000000000004,1
2024-08-27,3307.4,543.3,540.2142857142858,540.4233333333334,0.0019874159537596444,3272.942857142857,3252.436666666667,62.5,1.9260994175475359,8,3,-0.8660254037844385,-0.5000000000000004,1
2024-08-28,3285.1,534.6,542.0571428571428,541.3,0.0036191831068396055,3304.214285714286,3274.5066666666667,17.90000000000009,0.5478697355533819,8,3,-0.8660254037844385,-0.5000000000000004,1
2024-08-29,3279.7,530.7,534.0428571428572,538.9,0.007321864623094392,3284.328571428571,3286.983333333333,-27.700000000000273,-0.8375158734958055,8,3,-0.8660254037844385,-0.5000000000000004,1
2024-08-30,3281.5,529.8,530.5714285714286,535.75,0.009905204628797138,3279.957142857143,3289.8700000000003,-3.599999999999909,-0.10958570515356943,8,3,-0.8660254037844385,-0.5000000000000004,1
2024-08-31,3285.7,531.6,530.0571428571428,531.6,0.003850385097010098,3282.1,3282.1200000000003,6.0,0.1829435619111504,8,3,-0.8660254037844385,-0.5000000000000004,1
2024-09-01,3320.9,531.2,531.5428571428572,530.7166666666667,0.0014187673778409983,3290.7285714285713,3283.673333333333,39.40000000000009,1.2006704251104705,9,3,-1.0,-1.8369701987210297e-16,1
2024-09-02,3338.5,532.1,531.3285714285715,530.9433333333334,0.001486880147947961,3323.414285714286,3297.933333333333,52.80000000000018,1.606963508536999,9,3,-1.0,-1.8369701987210297e-16,1
2024-09-03,3345.6,529.7,531.7571428571429,531.57,0.0009682911321009846,3339.5142857142855,3317.0299999999997,24.699999999999818,0.7437742780571477,9,3,-1.0,-1.8369701987210297e-16,1
2024-09-04,3316.9,530.1,529.7571428571429,530.9633333333334,0.0019197011867113705,3341.5,3334.866666666667,-21.59999999999991,-0.6469971544106607,9,3,-1.0,-1.8369701987210297e-16,1
2024-09-05,3311.6,529.6,530.0285714285715,530.55,0.001972956280763876,3316.1428571428573,3332.77,-34.0,-1.0162601626016259,9,3,-1.0,-1.8369701987210297e-16,1
2024-09-06,3297.8,529.9,529.6428571428572,529.8066666666667,0.0004145154218653278,3309.628571428572,3323.1066666666666,-19.09999999999991,-0.5758388857065305,9,3,-1.0,-1.8369701987210297e-16,1
2024-09-07,3272.0,535.0,530.6285714285714,530.03,0.0018124579787947629,3294.1142857142863,3307.27,-39.59999999999991,-1.195796593791518,9,3,-1.0,-1.8369701987210297e-16,1
2024-09-08,3296.1,536.7,535.2428571428571,531.7366666666667,0.00501169853117565,3275.442857142857,3293.2833333333333,-1.7000000000002728,-0.051549517860400046,9,3,-1.0,-1.8369701987210297e-16,1
2024-09-09,3340.4,531.9,536.0142857142857,533.9333333333333,0.005370661825092686,3302.4285714285716,3290.0533333333337,68.40000000000009,2.0904645476772643,9,3,-1.0,-1.8369701987210297e-16,1
2024-09-10,3365.3,529.3,531.5285714285714,534.3433333333334,0.004178257118900452,3343.957142857143,3305.943333333333,69.20000000000027,2.099450866175185,9,3,-1.0,-1.8369701987210297e-16,1
2024-09-11,3359.0,530.4,529.4571428571428,532.4233333333333,0.00572024919143261,3364.4,3336.03,18.59999999999991,0.5568195425697493,9,3,-1.0,-1.8369701987210297e-16,1
2024-09-12,3355.6,533.7,530.8714285714285,530.5933333333334,0.002271310555708934,3358.514285714286,3355.4066666666668,-9.700000000000273,-0.28823581850058755,9,3,-1.0,-1.8369701987210297e-16,1
2024-09-13,3311.7,538.9,534.4428571428572,531.4533333333334,0.004402497478648425,3349.328571428571,3358.1800000000003,-47.30000000000018,-1.4081571896397793,9,3,-1.0,-1.8369701987210297e-16,1
2024-09-14,3337.5,543.4,539.5428571428571,534.7666666666667,0.007186948067813079,3315.3857142857146,3341.3833333333328,-18.09999999999991,-0.5393968291810678,9,3,-1.0,-1.8369701987210297e-16,1
2024-09-15,3327.1,539.0,542.7714285714285,538.8433333333334,0.007276050285093983,3336.0142857142855,3333.983333333333,15.400000000000091,0.4650179666032579,9,3,-1.0,-1.8369701987210297e-16,1
2024-09-16,3319.3,542.1,539.4428571428572,540.54,0.003949208233807693,3325.9857142857145,3325.6866666666665,-18.199999999999818,-0.5453183520599196,9,3,-1.0,-1.8369701987210297e-16,1
2024-09-17,3354.1,539.8,541.7714285714286,541.38,0.003447963457035147,3324.2714285714287,3328.52,27.0,0.8115175377956779,9,3,-1.0,-1.8369701987210297e-16,1
2024-09-18,3311.9,536.6,539.342857142857,540.22,0.002741487137857158,3348.0714285714284,3332.9933333333333,-7.400000000000091,-0.2229385713855358,9,3,-1.0,-1.8369701987210297e-16,1
2024-09-19,3352.2,531.7,535.9,539.1533333333333,0.004908135919059918,3317.6571428571433,3329.53,-1.900000000000091,-0.0566470886377893,9,3,-1.0,-1.8369701987210297e-16,1
2024-09-20,3351.4,532.8,531.8571428571429,535.8,0.006271969589349354,3352.085714285714,3339.31,39.5,1.192668860774782,9,3,-1.0,-1.8369701987210297e-16,1
2024-09-21,3361.9,530.9,532.5285714285714,533.51,0.003976874490256985,3352.9,3340.1666666666665,9.700000000000273,0.2893622098920194,9,3,-1.0,-1.8369701987210297e-16,1
2024-09-22,3375.5,530.9,530.9,531.7733333333333,0.0015212734816713053,3363.842857142857,3355.9433333333336,24.09999999999991,0.7191024646416396,9,3,-1.0,-1.8369701987210297e-16,1
2024-09-23,3372.7,530.6,530.8571428571429,531.4599999999999,0.0016819465007502723,3375.1,3363.6433333333334,10.799999999999727,0.3212469139474621,9,3,-1.0,-1.8369701987210297e-16,1
2024-09-24,3366.1,537.0,531.5142857142857,531.0033333333333,0.0021497615166078564,3371.7571428571428,3370.173333333333,-9.400000000000091,-0.2784772626277615,9,3,-1.0,-1.8369701987210297e-16,1
2024-09-25,3358.6,539.7,537.3857142857142,533.1266666666667,0.006050026685657275,3365.028571428571,3370.87,-14.099999999999909,-0.4180626797521247,9,3,-1.0,-1.8369701987210297e-16,1
2024-09-26,3387.8,541.2,539.9142857142858,536.12,0.007231965354224666,3362.7714285714283,3366.303333333333,21.700000000000273,0.6446629630730006,9,3,-1.0,-1.8369701987210297e-16,1
2024-09-27,3398.9,534.9,540.3000000000001,539.23,0.00352073135503745,3389.3857142857146,3371.9266666666667,40.30000000000018,1.1999047222056862,9,3,-1.0,-1.8369701987210297e-16,1
2024-09-28,3369.0,535.5,534.9857142857143,538.4599999999999,0.005166192591758733,3394.628571428572,3382.1133333333332,-18.800000000000182,-0.554932404510307,9,3,-1.0,-1.8369701987210297e-16,1
2024-09-29,3424.7,538.1,535.8714285714286,537.0966666666667,0.005200928763427118,3376.9571428571426,3386.4633333333336,25.799999999999727,0.7590691105945961,9,3,-1.0,-1.8369701987210297e-16,1
2024-09-30,3379.5,535.9,537.7857142857143,536.2,0.0025985339111598248,3418.242857142857,3396.8866666666663,10.5,0.3116651825467498,9,3,-1.0,-1.8369701987210297e-16,1
2024-10-01,3363.9,535.2,535.8,536.49,0.002186024657490177,3377.2714285714287,3390.896666666667,-60.79999999999973,-1.7753379858089682,10,4,-0.8660254037844386,0.5000000000000001,0
2024-10-02,3314.3,538.2,535.6285714285715,536.4033333333333,0.002351764428960109,3356.8142857142857,3385.6866666666665,-65.19999999999982,-1.9292794792128958,10,4,-0.8660254037844386,0.5000000000000001,0
2024-10-03,3320.2,546.5,539.3857142857144,536.7866666666666,0.0041882127913780865,3315.142857142858,3350.5900000000006,-43.70000000000027,-1.2990873688278568,10,4,-0.8660254037844386,0.5000000000000001,0
2024-10-04,3256.9,545.4,546.3428571428572,540.3066666666667,0.009018696321881074,3311.157142857143,3329.233333333333,-57.40000000000009,-1.7318890866849739,10,4,-0.8660254037844386,0.5000000000000001,0
2024-10-05,3305.7,540.4,544.6857142857142,543.44,0.006734350542882731,3263.871428571428,3296.846666666667,-14.5,-0.43672067947714,10,4,-0.8660254037844386,0.5000000000000001,0
2024-10-06,3294.0,540.0,540.342857142857,543.8833333333333,0.005076125182768071,3304.028571428571,3293.393333333333,37.09999999999991,1.1391200221069087,10,4,-0.8660254037844386,0.5000000000000001,0
2024-10-07,3256.3,541.0,540.1428571428571,541.7866666666666,0.004459320343324654,3288.6142857142854,3285.5133333333333,-49.399999999999636,-1.494388480503362,10,4,-0.8660254037844386,0.5000000000000001,0
2024-10-08,3283.4,541.4,541.0571428571428,540.5,0.0008345095445256318,3260.171428571429,3284.5899999999997,-10.599999999999909,-0.32179720704310594,10,4,-0.8660254037844386,0.5000000000000001,0
2024-10-09,3273.5,542.5,541.5571428571428,540.8833333333333,0.0012109791961844702,3281.9857142857145,3277.216666666667,17.199999999999818,0.5282068605472413,10,4,-0.8660254037844386,0.5000000000000001,0
2024-10-10,3288.9,541.0,542.2857142857143,541.6333333333333,0.00119093833462102,3275.7000000000003,3272.1533333333336,5.5,0.16750928915148933,10,4,-0.8660254037844386,0.5000000000000001,0
2024-10-11,3288.1,545.5,541.6428571428571,541.77,0.0017612162591012404,3288.785714285714,3282.0899999999997,14.599999999999909,0.44600580418512015,10,4,-0.8660254037844386,0.5000000000000001,0
2024-10-12,3243.6,550.6,546.2285714285714,543.27,0.004327959549138892,3281.742857142857,3282.503333333333,-45.30000000000018,-1.3773602116209123,10,4,-0.8660254037844386,0.5000000000000001,0
2024-10-13,3227.2,548.2,550.2571428571429,545.9399999999999,0.0071658116923431015,3241.2571428571428,3271.476666666667,-60.90000000000009,-1.852133450929111,10,4,-0.8660254037844386,0.5000000000000001,0
2024-10-14,3173.7,560.7,549.9857142857144,548.6066666666667,0.005608026276201754,3219.5571428571425,3249.1533333333336,-69.90000000000009,-2.1550129485756595,10,4,-0.8660254037844386,0.5000000000000001,0
2024-10-15,3179.2,560.5,560.6714285714287,553.4966666666667,0.010198106627392954,3174.485714285714,3212.6866666666665,-48.0,-1.487357461576599,10,4,-0.8660254037844386,0.5000000000000001,0
2024-10-16,3192.1,563.1,560.8714285714286,556.9633333333334,0.010509082846335166,3181.0428571428565,3192.1966666666663,18.40000000000009,0.5797649431263223,10,4,-0.8660254037844386,0.5000000000000001,0
2024-10-17,3194.3,562.3,562.9857142857144,561.4866666666666,0.002143179874795012,3192.4142857142856,3182.353333333333,15.100000000000364,0.4749622546552707,10,4,-0.8660254037844386,0.5000000000000001,0
2024-10-18,3189.3,566.9,562.9571428571428,562.1800000000001,0.002478183828982227,3193.5857142857144,3188.8700000000003,-2.799999999999727,-0.08771655023338014,10,4,-0.8660254037844386,0.5000000000000001,0
2024-10-19,3115.7,569.5,567.2714285714285,564.3133333333333,0.003997753586859909,3178.7857142857147,3189.353333333333,-78.60000000000036,-2.4606330025357783,10,4,-0.8660254037844386,0.5000000000000001,0
2024-10-20,3115.1,567.9,569.2714285714286,566.42,0.005205625975034333,3115.6142857142854,3163.7933333333335,-74.20000000000027,-2.326529332455406,10,4,-0.8660254037844386,0.5000000000000001,0
2024-10-21,3138.7,564.8,567.4571428571428,568.0300000000001,0.002161152197988516,3118.4714285714285,3138.3466666666664,23.0,0.7381968738967167,10,4,-0.8660254037844386,0.5000000000000001,0
2024-10-22,3114.4,559.3,564.0142857142856,567.06,0.004293884369172954,3135.2285714285713,3123.1233333333334,-0.6999999999998181,-0.02247118872587776,10,4,-0.8660254037844386,0.5000000000000001,0
2024-10-23,3135.8,563.1,559.842857142857,563.84,0.006285418043383039,3117.457142857143,3123.423333333333,-2.899999999999636,-0.09239494058048352,10,4,-0.8660254037844386,0.5000000000000001,0
2024-10-24,3153.9,565.2,563.4,562.4133333333334,0.004185227754821603,3138.3857142857146,3130.1400000000003,39.5,1.2683020806575904,10,4,-0.8660254037844386,0.5000000000000001,0
2024-10-25,3164.6,568.4,565.657142857143,562.8366666666666,0.004666693122426571,3155.4285714285716,3136.373333333334,28.799999999999727,0.9184259200204006,10,4,-0.8660254037844386,0.5000000000000001,0
2024-10-26,3194.2,571.2,568.8,565.8366666666667,0.0042273862915159785,3168.828571428571,3153.3799999999997,40.29999999999973,1.277783062240392,10,4,-0.8660254037844386,0.5000000000000001,0
2024-10-27,3220.9,571.1,571.1857142857143,568.4633333333334,0.004354903208569133,3198.0142857142855,3173.1333333333328,56.30000000000018,1.77905580484106,10,4,-0.8660254037844386,0.5000000000000001,0
2024-10-28,3216.7,568.1,570.6714285714286,570.2233333333334,0.0023404889459156613,3220.3,3194.97,22.5,0.7044017281322398,10,4,-0.8660254037844386,0.5000000000000001,0
2024-10-29,3213.0,565.0,567.657142857143,569.9266666666666,0.0030215367587756664,3216.171428571429,3211.226666666667,-7.900000000000091,-0.24527306032475676,10,4,-0.8660254037844386,0.5000000000000001,0
2024-10-30,3165.6,565.8,565.1142857142858,567.89,0.004400038057098948,3206.2285714285713,3215.0233333333335,-51.09999999999991,-1.5885845742531137,10,4,-0.8660254037844386,0.5000000000000001,0
2024-10-31,3145.1,568.5,566.1857142857142,566.3133333333334,0.0023960349796274265,3162.671428571429,3196.0466666666666,-67.90000000000009,-2.1132897603485867,10,4,-0.8660254037844386,0.5000000000000001,0
2024-11-01,3104.8,565.4,568.0571428571428,566.4466666666666,0.0026687982955548887,3139.3428571428567,3170.96,-60.79999999999973,-1.9206469547637013,11,4,-0.5000000000000004,0.8660254037844384,0
2024-11-02,3081.2,568.7,565.8714285714285,566.6633333333334,0.0025499506023411314,3101.4285714285716,3135.6866666666665,-63.90000000000009,-2.0317319004165237,11,4,-0.5000000000000004,0.8660254037844384,0
2024-11-03,3074.5,560.7,567.5571428571429,567.2733333333333,0.003467388308555669,3080.242857142857,3108.0133333333333,-30.300000000000182,-0.9759082710641644,11,4,-0.5000000000000004,0.8660254037844384,0
2024-11-04,3043.4,561.0,560.7428571428572,564.7866666666667,0.006043581466643842,3070.057142857143,3084.7866666666664,-37.79999999999973,-1.226794755290138,11,4,-0.5000000000000004,0.8660254037844384,0
2024-11-05,3077.4,555.7,560.2428571428571,563.0333333333333,0.006906924421981205,3048.2571428571428,3066.24,2.900000000000091,0.09432428037079496,11,4,-0.5000000000000004,0.8660254037844384,0
2024-11-06,3081.9,562.9,556.7285714285715,559.2066666666667,0.004563248539130637,3078.042857142857,3065.3466666666664,38.5,1.265032529407899,11,4,-0.5000000000000004,0.8660254037844384,0
2024-11-07,3087.1,561.0,562.6285714285714,559.8666666666667,0.005534813580833073,3082.6428571428573,3069.0233333333335,9.699999999999818,0.31520114382270153,11,4,-0.5000000000000004,0.8660254037844384,0
2024-11-08,3062.6,562.9,561.2714285714286,560.1066666666667,0.005433329157410905,3083.6,3081.6400000000003,-19.300000000000182,-0.626237061552944,11,4,-0.5000000000000004,0.8660254037844384,0
2024-11-09,3089.1,573.9,564.4714285714285,562.6333333333333,0.004108607818958116,3066.3857142857146,3077.4400000000005,2.0,0.06478572122704156,11,4,-0.5000000000000004,0.8660254037844384,0
2024-11-10,3076.3,573.8,573.8857142857142,566.36,0.010379471164960515,3087.2714285714283,3079.24,13.700000000000273,0.4473323320054945,11,4,-0.5000000000000004,0.8660254037844384,0
2024-11-11,3058.8,572.2,573.5714285714286,570.51,0.008897418486202973,3073.8,3075.8733333333334,-30.299999999999727,-0.9808682140429164,11,4,-0.5000000000000004,0.8660254037844384,0
2024-11-12,3062.6,568.9,571.7285714285715,573.1333333333333,0.0019538763728807747,3059.342857142857,3073.85,-13.700000000000273,-0.44534018138673964,11,4,-0.5000000000000004,0.8660254037844384,0
2024-11-13,3062.5,568.8,568.8857142857142,571.4666666666667,0.003667228652884886,3062.585714285714,3065.44,3.699999999999818,0.12096246894206283,11,4,-0.5000000000000004,0.8660254037844384,0
2024-11-14,3066.3,572.1,569.2714285714285,569.9633333333333,0.0028107817193411045,3063.042857142857,3061.55,3.700000000000273,0.1208123816365269,11,4,-0.5000000000000004,0.8660254037844384,0
2024-11-15,3049.8,570.9,571.9285714285714,569.9999999999999,0.002729572923309788,3063.9428571428575,3063.3733333333334,-12.699999999999818,-0.4146938775510145,11,4,-0.5000000000000004,0.8660254037844384,0
2024-11-16,3029.2,569.0,570.6285714285714,570.6066666666667,0.002416092244393493,3046.8571428571436,3058.423333333333,-37.100000000000364,-1.209927273913197,11,4,-0.5000000000000004,0.8660254037844384,0
2024-11-17,3035.7,569.8,569.1142857142858,570.59,0.0022403014112740384,3030.128571428571,3047.413333333333,-14.100000000000364,-0.4623253983867913,11,4,-0.5000000000000004,0.8660254037844384,0
2024-11-18,3032.2,571.3,570.0142857142856,569.9133333333334,0.0014260326947409705,3035.2000000000003,3037.6466666666665,3.0,0.09903604912188037,11,4,-0.5000000000000004,0.8660254037844384,0
2024-11-19,3038.8,569.0,570.9714285714284,570.0333333333333,0.0017010488010749747,3033.1428571428573,3032.686666666667,3.100000000000364,0.10211812761473017,11,4,-0.5000000000000004,0.8660254037844384,0
2024-11-20,3035.4,574.7,569.8142857142857,570.1966666666666,0.002260753896356587,3038.314285714286,3035.5566666666664,3.200000000000273,0.1055339357562256,11,4,-0.5000000000000004,0.8660254037844384,0
2024-11-21,3059.4,579.7,575.4142857142858,571.9466666666667,0.004886451938545936,3038.8285714285716,3036.373333333334,20.59999999999991,0.6778991707252833,11,4,-0.5000000000000004,0.8660254037844384,0
2024-11-22,3064.3,577.2,579.3428571428573,574.74,0.007567670751262979,3060.1,3045.383333333333,28.90000000000009,0.9520985702049184,11,4,-0.5000000000000004,0.8660254037844384,0
2024-11-23,3079.7,582.0,577.8857142857144,577.4433333333334,0.0038051943552568366,3066.5000000000005,3054.51,20.299999999999727,0.663528796496036,11,4,-0.5000000000000004,0.8660254037844384,0
2024-11-24,3068.3,582.0,582.0,579.7100000000002,0.003519009627079075,3078.0714285714284,3068.096666666667,4.0,0.13053552197891852,11,4,-0.5000000000000004,0.8660254037844384,0
2024-11-25,3032.2,572.8,580.6857142857143,580.2533333333333,0.004531198699947696,3063.142857142858,3069.6966666666663,-47.5,-1.5423580218852486,11,4,-0.5000000000000004,0.8660254037844384,0
2024-11-26,3001.6,570.8,572.5142857142856,578.56,0.007971426472352239,3027.828571428571,3057.4633333333336,-66.70000000000027,-2.173842192745177,11,4,-0.5000000000000004,0.8660254037844384,0
2024-11-27,2990.2,576.6,571.6285714285714,575.02,0.008348710027180432,2999.9714285714285,3031.43,-42.0,-1.385132906800343,11,4,-0.5000000000000004,0.8660254037844384,0
2024-11-28,2997.7,579.1,576.9571428571429,573.61,0.004628413687220317,2991.2714285714283,3006.85,-3.900000000000091,-0.12993070362473652,11,4,-0.5000000000000004,0.8660254037844384,0
2024-11-29,3023.6,578.8,579.0571428571428,575.7666666666667,0.006027442172591565,3001.399999999999,2997.2333333333327,33.40000000000009,1.116982141662768,11,4,-0.5000000000000004,0.8660254037844384,0
2024-11-30,2996.8,572.6,577.9142857142857,578.0333333333333,0.002595337452075436,3019.7714285714283,3004.0533333333337,-0.8999999999996362,-0.03002301764685046,11,4,-0.5000000000000004,0.8660254037844384,0
2024-12-01,3006.1,569.0,572.0857142857143,576.4966666666667,0.005780861925611027,2998.128571428572,3006.313333333333,-17.5,-0.57878026193941,12,4,-2.4492935982947064e-16,1.0,0
2024-12-02,3034.2,564.2,568.3142857142857,572.98,0.007543557912400734,3010.1142857142854,3009.186666666667,37.399999999999636,1.2479978643886689,12,4,-2.4492935982947064e-16,1.0,0
2024-12-03,3011.7,566.8,564.5714285714286,568.4066666666666,0.006035619573261271,3030.985714285714,3012.8633333333332,5.599999999999909,0.18628788130800403,12,4,-2.4492935982947064e-16,1.0,0
2024-12-04,3026.7,564.6,566.4857142857143,566.52,0.003494352017327715,3013.8428571428567,3018.0199999999995,-7.5,-0.24718212378880758,12,4,-2.4492935982947064e-16,1.0,0
2024-12-05,3027.7,560.6,564.0285714285715,565.0799999999999,0.0025226204685750374,3026.8428571428567,3023.983333333333,16.0,0.5312614138194376,12,4,-2.4492935982947064e-16,1.0,0
2024-12-06,3014.8,559.7,560.4714285714286,563.7633333333334,0.004734100235779776,3025.857142857142,3022.1366666666663,-11.899999999999636,-0.3931674761291055,12,4,-2.4492935982947064e-16,1.0,0
2024-12-07,2950.7,558.9,559.5857142857143,561.4433333333334,0.003823714963385648,3005.6428571428573,3020.5333333333333,-77.0,-2.5431845955675927,12,4,-2.4492935982947064e-16,1.0,0
2024-12-08,2970.3,558.8,558.8857142857142,559.6733333333334,0.0012624979195855418,2953.4999999999995,2995.8199999999997,-44.5,-1.476051479368449,12,4,-2.4492935982947064e-16,1.0,0
2024-12-09,2970.8,561.0,559.1142857142856,559.1766666666666,0.0009377368832377765,2970.371428571429,2977.133333333333,20.100000000000364,0.681194292879668,12,4,-2.4492935982947064e-16,1.0,0
2024-12-10,2998.6,563.9,561.4142857142857,559.7333333333333,0.002307240726026743,2974.7714285714287,2965.5299999999997,28.299999999999727,0.9527657139009436,12,4,-2.4492935982947064e-16,1.0,0
2024-12-11,3009.6,563.9,563.9,561.4033333333333,0.003788574470287792,3000.1714285714284,2981.21,38.79999999999973,1.3060455096270271,12,4,-2.4492935982947064e-16,1.0,0
2024-12-12,3024.3,562.5,563.6999999999999,562.9833333333333,0.0023886015278281104,3011.7000000000003,2994.7833333333333,25.700000000000273,0.85706663109452,12,4,-2.4492935982947064e-16,1.0,0
2024-12-13,3026.9,568.7,563.3857142857144,563.5933333333334,0.0020791149943169933,3024.671428571429,3011.7766666666666,17.300000000000182,0.5748272195640678,12,4,-2.4492935982947064e-16,1.0,0
2024-12-14,2990.1,569.4,568.8000000000001,565.2166666666667,0.004963448345248343,3021.6428571428573,3019.616666666667,-34.20000000000027,-1.1308401944251651,12,4,-2.4492935982947064e-16,1.0,0
2024-12-15,2994.4,570.4,569.5428571428571,567.1299999999999,0.0054770229809149905,2990.714285714286,3012.77,-32.5,-1.073705771581486,12,4,-2.4492935982947064e-16,1.0,0
2024-12-16,3031.7,563.9,569.4714285714285,569.34,0.002177022444030691,2999.7285714285713,3003.96,41.59999999999991,1.3912578174642958,12,4,-2.4492935982947064e-16,1.0,0
2024-12-17,3029.1,557.4,562.9714285714285,567.5,0.006105897627504749,3031.328571428571,3006.7,34.69999999999982,1.158829815655885,12,4,-2.4492935982947064e-16,1.0,0
2024-12-18,3070.6,557.5,557.4142857142857,563.4699999999999,0.009541012069289985,3035.0285714285715,3020.94,38.90000000000009,1.2831084869875018,12,4,-2.4492935982947064e-16,1.0,0
2024-12-19,3039.1,555.0,557.1428571428571,559.3033333333333,0.005530062547978631,3066.1,3044.0466666666666,10.0,0.33013106203162657,12,4,-2.4492935982947064e-16,1.0,0
2024-12-20,3031.1,560.1,555.7285714285715,556.7233333333334,0.0023879435017451285,3037.9571428571426,3046.3333333333335,-39.5,-1.286393538722074,12,4,-2.4492935982947064e-16,1.0,0
2024-12-21,3003.3,561.1,560.2428571428571,557.6533333333334,0.003973036481652322,3027.128571428571,3044.69,-35.79999999999973,-1.1779803231219679,12,4,-2.4492935982947064e-16,1.0,0
2024-12-22,3031.8,567.4,562.0,559.1466666666668,0.005458198728080351,3007.371428571429,3024.2566666666667,0.7000000000002728,0.023093926297392788,12,4,-2.4492935982947064e-16,1.0,0
2024-12-23,3011.5,562.4,566.6857142857142,562.9433333333333,0.005767015593334748,3028.9000000000005,3021.4133333333334,8.199999999999818,0.273032997036587,12,4,-2.4492935982947064e-16,1.0,0
2024-12-24,3023.2,566.3,562.9571428571428,563.8066666666667,0.004896937569882124,3013.171428571429,3016.196666666667,-8.600000000000364,-0.2836598720232325,12,4,-2.4492935982947064e-16,1.0,0
2024-12-25,3015.1,567.0,566.3999999999999,565.3533333333332,0.0038388214714129283,3022.042857142857,3021.61,3.599999999999909,0.11954175659969814,12,4,-2.4492935982947064e-16,1.0,0
2024-12-26,3067.4,560.5,566.0714285714286,565.17,0.0038474860451683177,3022.5714285714284,3018.463333333333,44.20000000000027,1.4620269912675403,12,4,-2.4492935982947064e-16,1.0,0
2024-12-27,3118.0,560.6,560.5142857142857,564.41,0.005372276592736607,3074.628571428571,3038.393333333333,102.90000000000009,3.412822128619286,12,4,-2.4492935982947064e-16,1.0,0
2024-12-28,3109.0,559.8,560.4857142857144,562.4599999999999,0.005380428360234737,3116.714285714286,3069.963333333333,41.59999999999991,1.3561974310490938,12,4,-2.4492935982947064e-16,1.0,0
2024-12-29,3053.7,566.0,560.6857142857142,560.4833333333333,0.001966828613077298,3101.1,3097.6766666666667,-64.30000000000018,-2.0622193713919237,12,4,-2.4492935982947064e-16,1.0,0
2024-12-30,3047.1,564.2,565.7428571428571,562.2533333333333,0.004997395393898125,3052.7571428571428,3091.2033333333334,-61.90000000000009,-1.9909938887101992,12,4,-2.4492935982947064e-16,1.0,0
2024-12-31,3007.1,566.1,564.4714285714286,563.5433333333333,0.004628627892475669,3041.3857142857146,3066.536666666667,-46.59999999999991,-1.526017617971638,12,4,-2.4492935982947064e-16,1.0,0
2025-01-01,2973.0,566.9,566.2142857142857,565.4633333333334,0.001631091004938865,3002.2285714285713,3033.276666666666,-74.09999999999991,-2.4318204194151787,1,1,0.49999999999999994,0.8660254037844387,0
2025-01-02,2983.7,566.9,566.9,565.8233333333334,0.002002571593262746,2974.5285714285715,3006.953333333333,-23.40000000000009,-0.7781583585514313,1,1,0.49999999999999994,0.8660254037844387,0
2025-01-03,2995.9,574.1,567.9285714285714,566.9,0.0024860266832271035,2985.442857142857,2987.5599999999995,22.90000000000009,0.7702657248570498,1,1,0.49999999999999994,0.8660254037844387,0
2025-01-04,3013.9,569.0,573.3714285714286,569.37,0.006011837647809244,2998.471428571429,2985.563333333333,30.200000000000273,1.012166102490206,1,1,0.49999999999999994,0.8660254037844387,0
2025-01-05,3025.7,574.9,569.8428571428572,570.2666666666667,0.0055113762638233565,3015.585714285714,2999.233333333333,29.799999999999727,0.9946927467538879,1,1,0.49999999999999994,0.8660254037844387,0
2025-01-06,3017.9,574.9,574.9,572.6933333333333,0.004673899297760033,3024.585714285714,3012.5666666666666,4.0,0.1327184047247752,1,1,0.49999999999999994,0.8660254037844387,0
2025-01-07,3033.0,578.4,575.4,573.2466666666667,0.005055217647156173,3020.057142857143,3019.8033333333337,7.300000000000182,0.24126648378888133,1,1,0.49999999999999994,0.8660254037844387,0
2025-01-08,3021.3,579.5,578.5571428571428,576.2199999999999,0.0030807556910477526,3031.328571428571,3025.3866666666668,3.400000000000091,0.11266112197223536,1,1,0.49999999999999994,0.8660254037844387,0
2025-01-09,3019.6,587.9,580.7,578.0333333333333,0.004639493468460314,3021.057142857143,3024.123333333334,-13.400000000000091,-0.44180679195516287,1,1,0.49999999999999994,0.8660254037844387,0
2025-01-10,3010.7,585.3,587.5285714285714,582.1633333333333,0.0073939508960017015,3018.328571428571,3023.89,-10.600000000000364,-0.3508423526296748,1,1,0.49999999999999994,0.8660254037844387,0
2025-01-11,3006.2,582.7,584.9285714285714,584.34,0.005940754115469701,3010.057142857143,3016.6966666666663,-13.400000000000091,-0.4437673864087989,1,1,0.49999999999999994,0.8660254037844387,0
2025-01-12,3041.7,580.3,582.3571428571429,585.0466666666666,0.0039069497825929,3011.2714285714283,3012.903333333333,31.0,1.029660876208191,1,1,0.49999999999999994,0.8660254037844387,0
2025-01-13,3066.9,577.6,579.9142857142857,582.5100000000001,0.003817000479415117,3045.2999999999997,3021.4066666666668,60.70000000000027,2.0191604018362144,1,1,0.49999999999999994,0.8660254037844387,0
2025-01-14,3017.7,581.1,578.1,580.1466666666668,0.0035739815617255224,3059.871428571429,3038.65,-24.0,-0.7890324489594635,1,1,0.49999999999999994,0.8660254037844387,0
2025-01-15,3036.0,581.2,581.1142857142858,579.6966666666667,0.002664531243748424,3020.3142857142857,3041.9100000000003,-30.90000000000009,-1.0075320356059894,1,1,0.49999999999999994,0.8660254037844387,0
2025-01-16,3025.8,583.9,581.5857142857143,580.1766666666666,0.0030801954986436155,3034.542857142857,3038.8300000000004,8.100000000000364,0.2684163435729318,1,1,0.49999999999999994,0.8660254037844387,0
2025-01-17,3040.5,591.9,585.0428571428571,582.4266666666666,0.0038038308520021236,3027.9,3027.26,4.5,0.14822134387351776,1,1,0.49999999999999994,0.8660254037844387,0
2025-01-18,3080.9,592.3,591.9571428571428,586.0366666666666,0.008011205618812883,3046.2714285714287,3035.5966666666664,55.09999999999991,1.8210060149381952,1,1,0.49999999999999994,0.8660254037844387,0
2025-01-19,3047.7,591.5,592.1857142857142,589.62,0.006468241117052022,3076.157142857143,3049.7966666666666,7.199999999999818,0.23680315737542568,1,1,0.49999999999999994,0.8660254037844387,0
2025-01-20,3044.5,597.6,592.3714285714286,592.09,0.001844995245225995,3047.2428571428572,3056.5,-36.40000000000009,-1.1814729462170175,1,1,0.49999999999999994,0.8660254037844387,0
2025-01-21,3044.3,592.5,596.8714285714286,593.8066666666667,0.004630357337518301,3044.4714285714285,3056.4800000000005,-3.399999999999636,-0.11155953669979449,1,1,0.49999999999999994,0.8660254037844387,0
2025-01-22,3066.5,590.9,592.2714285714285,593.8466666666667,0.004609048041643738,3047.4714285714285,3046.1266666666666,22.0,0.7226145508293644,1,1,0.49999999999999994,0.8660254037844387,0
2025-01-23,3071.5,592.6,591.1428571428571,593.5,0.004741991545611633,3067.214285714286,3052.6666666666665,27.199999999999818,0.893473047991322,1,1,0.49999999999999994,0.8660254037844387,0
2025-01-24,3102.4,588.3,591.9857142857143,591.86,0.0017483436476708305,3075.914285714286,3062.703333333333,35.90000000000009,1.1707157997717297,1,1,0.49999999999999994,0.8660254037844387,0
2025-01-25,3132.3,581.2,587.2857142857143,590.2766666666666,0.004208151974354603,3106.671428571429,3082.326666666667,60.80000000000018,1.9794888490965385,1,1,0.49999999999999994,0.8660254037844387,0
2025-01-26,3119.7,580.9,581.157142857143,586.9766666666667,0.008205437551256177,3130.5,3103.673333333333,17.299999999999727,0.557632800412575,1,1,0.49999999999999994,0.8660254037844387,0
2025-01-27,3107.6,578.2,580.5142857142856,583.13,0.00597324149838863,3117.9714285714285,3118.306666666667,-24.700000000000273,-0.7885579286786154,1,1,0.49999999999999994,0.8660254037844387,0
2025-01-28,3080.5,573.8,577.5714285714286,579.8533333333332,0.0030592177079796375,3103.7285714285713,3118.14,-39.19999999999982,-1.2565310767060878,1,1,0.49999999999999994,0.8660254037844387,0
2025-01-29,3051.8,576.5,574.1857142857142,577.4866666666666,0.005051985747145575,3076.4000000000005,3100.336666666667,-55.79999999999973,-1.7955978890462008,1,1,0.49999999999999994,0.8660254037844387,0
2025-01-30,3008.7,573.8,576.1142857142858,576.02,0.003212268356001839,3045.642857142858,3076.6699999999996,-71.80000000000018,-2.3307904560947956,1,1,0.49999999999999994,0.8660254037844387,0
2025-01-31,2984.2,571.9,573.5285714285714,574.6366666666668,0.002407642364687315,3005.2,3043.79,-67.60000000000036,-2.2150861786486784,1,1,0.49999999999999994,0.8660254037844387,0
2025-02-01,3003.8,570.9,571.7571428571429,573.88,0.003392611068889409,2987.0,3013.3,-4.899999999999636,-0.1628610363279701,2,1,0.8660254037844386,0.5000000000000001,0
2025-02-02,3039.5,577.9,571.9,572.3366666666666,0.0027677357535860255,3008.9,2999.9266666666667,55.30000000000018,1.8530929562361835,2,1,0.8660254037844386,0.5000000000000001,0
2025-02-03,3041.6,574.7,577.4428571428572,573.66,0.005463888184253038,3039.8,3011.08,37.79999999999973,1.258406019042537,2,1,0.8660254037844386,0.5000000000000001,0
2025-02-04,3054.8,576.3,574.9285714285714,574.68,0.004952492443982611,3043.485714285714,3030.0,15.300000000000182,0.5033722651751993,2,1,0.8660254037844386,0.5000000000000001,0
2025-02-05,3071.1,570.3,575.4428571428571,576.0466666666667,0.002931801718624799,3057.128571428572,3046.3533333333335,29.5,0.9698842714360864,2,1,0.8660254037844386,0.5000000000000001,0
2025-02-06,3046.2,568.8,570.0857142857142,573.5699999999999,0.004754913992620856,3067.542857142857,3055.986666666666,-8.600000000000364,-0.2815241587010725,2,1,0.8660254037844386,0.5000000000000001,0
2025-02-07,3096.1,581.2,570.5714285714286,571.9633333333333,0.00634805165717979,3053.328571428571,3058.743333333333,25.0,0.8140405717820977,2,1,0.8660254037844386,0.5000000000000001,0
2025-02-08,3091.6,583.4,581.5142857142857,573.87,0.010231933949311536,3095.457142857143,3071.816666666666,45.40000000000009,1.4903814588667879,2,1,0.8660254037844386,0.5000000000000001,0
2025-02-09,3083.7,590.5,584.4142857142857,578.5233333333333,0.011590029856542134,3090.4714285714285,3079.2166666666667,-12.400000000000091,-0.40050385969445723,2,1,0.8660254037844386,0.5000000000000001,0
2025-02-10,3096.2,593.2,590.8857142857142,585.4333333333333,0.007230793928280243,3085.4857142857145,3090.4700000000003,4.599999999999909,0.14879027041014067,2,1,0.8660254037844386,0.5000000000000001,0
2025-02-11,3117.2,590.7,592.8428571428573,589.2766666666668,0.006916482071505462,3099.2,3091.3533333333335,33.5,1.0863572980510428,2,1,0.8660254037844386,0.5000000000000001,0
2025-02-12,3089.8,592.5,590.9571428571429,591.5333333333333,0.002112083268401487,3113.285714285714,3099.236666666666,-6.399999999999636,-0.20670499321748065,2,1,0.8660254037844386,0.5000000000000001,0
2025-02-13,3101.3,599.2,593.4571428571428,592.3333333333335,0.0028191591828270455,3091.4428571428575,3101.236666666666,-15.899999999999636,-0.5100731425638277,2,1,0.8660254037844386,0.5000000000000001,0
2025-02-14,3118.1,594.8,598.5714285714286,594.27,0.0061658724156539065,3103.7000000000003,3102.7966666666666,28.299999999999727,0.9159168878244459,2,1,0.8660254037844386,0.5000000000000001,0
2025-02-15,3135.5,598.2,595.2857142857143,595.69,0.004717425716834549,3120.5857142857144,3104.5899999999997,34.19999999999982,1.1027633573017708,2,1,0.8660254037844386,0.5000000000000001,0
2025-02-16,3133.8,592.1,597.3285714285714,597.1633333333333,0.0035396436184552582,3135.2571428571428,3119.383333333333,15.700000000000273,0.5035117539527364,2,1,0.8660254037844386,0.5000000000000001,0
2025-02-17,3156.2,594.4,592.4285714285714,595.0200000000001,0.004270037009905593,3137.0,3130.4033333333336,20.699999999999818,0.6601817891883214,2,1,0.8660254037844386,0.5000000000000001,0
2025-02-18,3157.5,594.5,594.4142857142857,594.7766666666666,0.004172577591576219,3156.3857142857146,3142.5666666666666,23.699999999999818,0.7562703427149089,2,1,0.8660254037844386,0.5000000000000001,0
2025-02-19,3175.0,596.2,594.7428571428571,593.8033333333334,0.0019844830196108824,3160.0,3150.54,18.800000000000182,0.5956530004435772,2,1,0.8660254037844386,0.5000000000000001,0
2025-02-20,3162.0,587.5,594.9571428571429,594.8033333333333,0.0027078348672520784,3173.1428571428573,3163.093333333333,4.5,0.14251781472684086,2,1,0.8660254037844386,0.5000000000000001,0
2025-02-21,3150.1,584.1,587.0142857142857,592.3866666666668,0.0069606864495019745,3160.2999999999997,3164.586666666667,-24.90000000000009,-0.78425196850394,2,1,0.8660254037844386,0.5000000000000001,0
2025-02-22,3140.3,588.3,584.7,589.0033333333333,0.008516093924703766,3148.7000000000003,3161.21,-21.699999999999818,-0.6862745098039158,2,1,0.8660254037844386,0.5000000000000001,0
2025-02-23,3157.5,582.9,587.5285714285714,586.48,0.003350086062875858,3142.757142857143,3150.6500000000005,7.400000000000091,0.23491317735945177,2,1,0.8660254037844386,0.5000000000000001,0
2025-02-24,3164.1,581.4,582.6857142857142,585.01,0.004178020558640132,3158.442857142857,3149.766666666667,23.799999999999727,0.7578893736267148,2,1,0.8660254037844386,0.5000000000000001,0
2025-02-25,3119.8,583.0,581.6285714285714,584.0233333333333,0.0049980616567002895,3157.7714285714287,3153.2833333333333,-37.69999999999982,-1.193982581155972,2,1,0.8660254037844386,0.5000000000000001,0
2025-02-26,3086.1,576.9,582.1285714285715,582.2333333333333,0.0021458195271446974,3114.9857142857145,3144.753333333333,-78.0,-2.4651559685218545,2,1,0.8660254037844386,0.5000000000000001,0
2025-02-27,3070.4,583.1,577.7857142857142,580.4899999999999,0.0045929822592504785,3083.8571428571427,3120.21,-49.40000000000009,-1.5834348355663854,2,1,0.8660254037844386,0.5000000000000001,0
2025-02-28,3027.8,578.6,582.4571428571429,580.8533333333332,0.005088205967002966,3064.3142857142857,3089.0333333333333,-58.29999999999973,-1.8891157123877944,2,1,0.8660254037844386,0.5000000000000001,0
2025-03-01,3024.0,576.4,578.2857142857143,579.5166666666667,0.004622900906928896,3027.257142857143,3059.3633333333337,-46.40000000000009,-1.5112037519541457,3,1,1.0,6.123233995736766e-17,0
2025-03-02,3036.6,580.9,577.0428571428571,579.2933333333334,0.004770980426779961,3025.7999999999997,3039.6066666666666,8.799999999999727,0.2906400686967345,3,1,1.0,6.123233995736766e-17,0
2025-03-03,3027.7,575.6,580.1428571428571,578.5333333333333,0.003368974461649452,3035.328571428571,3029.4633333333336,3.699999999999818,0.12235449735449133,3,1,1.0,6.123233995736766e-17,0
2025-03-04,3034.3,571.7,575.0428571428572,577.4766666666667,0.004504340228553346,3028.6428571428573,3029.776666666666,-2.299999999999727,-0.07574260686292983,3,1,1.0,6.123233995736766e-17,0
2025-03-05,3043.0,571.5,571.6714285714287,575.7533333333333,0.006617792605886958,3035.542857142857,3033.0800000000004,15.300000000000182,0.5053340819764238,3,1,1.0,6.123233995736766e-17,0
2025-03-06,3024.1,570.6,571.3714285714286,572.7666666666667,0.0033121055781850923,3040.3,3034.8799999999997,-10.200000000000273,-0.33615660943216796,3,1,1.0,6.123233995736766e-17,0
2025-03-07,3046.5,574.8,571.2,571.37,0.001410777716029837,3027.2999999999997,3034.206666666667,3.5,0.11501807426881366,3,1,1.0,6.123233995736766e-17,0
2025-03-08,3023.3,568.8,573.9428571428571,572.2099999999999,0.003390714672395752,3043.1857142857143,3037.2099999999996,-0.7999999999997272,-0.026454151648415306,3,1,1.0,6.123233995736766e-17,0
2025-03-09,3021.3,563.0,567.9714285714285,571.1466666666668,0.005218212827306764,3023.014285714286,3031.206666666667,-25.199999999999818,-0.8271787296898019,3,1,1.0,6.123233995736766e-17,0
2025-03-10,2996.3,563.8,563.1142857142858,568.5,0.008534645435776575,3017.7285714285713,3028.6933333333336,-27.0,-0.893063870604968,3,1,1.0,6.123233995736766e-17,0
2025-03-11,2978.4,564.5,563.9,565.0566666666667,0.004463990559461102,2993.7428571428572,3012.1366666666668,-42.90000000000009,-1.4199185780955248,3,1,1.0,6.123233995736766e-17,0
2025-03-12,2971.7,571.2,565.4571428571428,564.0400000000001,0.0026274444346275653,2977.4428571428575,2997.0133333333333,-24.600000000000364,-0.8210125821847065,3,1,1.0,6.123233995736766e-17,0
2025-03-13,2939.3,574.5,571.6714285714286,566.8566666666667,0.0064418598497606155,2967.0714285714284,2980.233333333333,-39.09999999999991,-1.3127853881278508,3,1,1.0,6.123233995736766e-17,0
2025-03-14,2910.7,577.8,574.9714285714286,570.51,0.007579006682475621,2935.2142857142862,2960.8766666666666,-61.0,-2.052697109398661,3,1,1.0,6.123233995736766e-17,0
2025-03-15,2882.7,574.1,577.2714285714285,574.5966666666666,0.0046473171931173335,2906.7,2937.6,-56.600000000000364,-1.9256285510155604,3,1,1.0,6.123233995736766e-17,0
2025-03-16,2889.6,576.3,574.4142857142857,575.5266666666666,0.002923859464944327,2883.6857142857143,2909.243333333333,-21.09999999999991,-0.7249115333081358,3,1,1.0,6.123233995736766e-17,0
2025-03-17,2899.5,571.0,575.5428571428571,575.84,0.003065943656960539,2891.014285714286,2893.96,16.800000000000182,0.5827869705484505,3,1,1.0,6.123233995736766e-17,0
2025-03-18,2928.8,570.1,570.8714285714285,573.6666666666666,0.004028286591880028,2903.6857142857143,2892.1366666666668,39.20000000000027,1.3565891472868312,3,1,1.0,6.123233995736766e-17,0
2025-03-19,2890.6,572.2,570.4,572.33,0.0046937663382532425,2923.342857142857,2906.0,-8.900000000000091,-0.30694947404725265,3,1,1.0,6.123233995736766e-17,0
2025-03-20,2889.2,576.7,572.8428571428573,571.2900000000001,0.002354439282497693,2890.4,2905.9566666666665,-39.600000000000364,-1.3520895930073873,3,1,1.0,6.123233995736766e-17,0
2025-03-21,2903.4,572.6,576.1142857142858,573.0833333333334,0.0047945453699111875,2891.2285714285713,2902.0199999999995,12.800000000000182,0.4428146405590598,3,1,1.0,6.123233995736766e-17,0
2025-03-22,2899.1,573.5,572.7285714285715,573.8766666666667,0.0035660526366113974,2902.785714285714,2894.6833333333334,9.900000000000091,0.3426554063408588,3,1,1.0,6.123233995736766e-17,0
2025-03-23,2895.9,576.8,573.9714285714285,574.27,0.0031244405885602028,2898.6428571428573,2897.4566666666665,-7.5,-0.25831783426327753,3,1,1.0,6.123233995736766e-17,0
2025-03-24,2855.9,583.8,577.8,574.6733333333334,0.004347040117939841,2890.1857142857143,2897.883333333333,-43.19999999999982,-1.4901176227104902,3,1,1.0,6.123233995736766e-17,0
2025-03-25,2823.7,586.5,584.1857142857142,578.4666666666667,0.007855095514515164,2851.3,2881.1200000000003,-72.20000000000027,-2.4931800131220094,3,1,1.0,6.123233995736766e-17,0
2025-03-26,2830.3,587.7,586.6714285714286,582.73,0.007088139092033687,2824.6428571428573,2856.313333333333,-25.59999999999991,-0.8963899296193811,3,1,1.0,6.123233995736766e-17,0
2025-03-27,2810.8,585.0,587.3142857142858,586.0400000000001,0.0027607619338874743,2827.514285714286,2835.13,-12.899999999999636,-0.45684739880297615,3,1,1.0,6.123233995736766e-17,0
2025-03-28,2790.1,584.7,584.9571428571429,586.34,0.0019872166466499497,2807.842857142857,2820.48,-40.20000000000027,-1.4203441331307731,3,1,1.0,6.123233995736766e-17,0
2025-03-29,2807.3,590.6,585.5428571428572,585.8966666666666,0.00272182378379423,2792.5571428571425,2809.6333333333337,-3.5,-0.12451970969119112,3,1,1.0,6.123233995736766e-17,0
2025-03-30,2813.4,592.6,590.8857142857142,587.0200000000001,0.005000184639494382,2808.171428571429,2802.8199999999997,23.300000000000182,0.8350955162897453,3,1,1.0,6.123233995736766e-17,0
2025-03-31,2815.4,595.6,593.0285714285714,589.6633333333334,0.005908122566066713,2813.6857142857148,2804.443333333333,8.099999999999909,0.2885334663199483,3,1,1.0,6.123233995736766e-17,0
2025-04-01,2784.5,599.1,596.1,593.2166666666668,0.003920291682546586,2810.9857142857145,2811.273333333333,-28.90000000000009,-1.0272268429658096,4,2,0.8660254037844387,-0.4999999999999998,0
2025-04-02,2765.6,599.2,599.1142857142858,595.9866666666666,0.00453634877480431,2781.7999999999997,2802.8400000000006,-49.80000000000018,-1.768842793208787,4,2,0.8660254037844387,-0.4999999999999998,0
2025-04-03,2760.4,603.5,599.8142857142858,598.2299999999999,0.0032109296451381664,2764.8571428571427,2786.6666666666665,-24.09999999999991,-0.8655054767462707,4,2,0.8660254037844387,-0.4999999999999998,0
2025-04-04,2740.9,598.0,602.7142857142857,600.5633333333333,0.003534512967148011,2757.6142857142863,2768.713333333333,-24.699999999999818,-0.8931154179924725,4,2,0.8660254037844387,-0.4999999999999998,0
2025-04-05,2759.0,597.1,597.8714285714286,600.1633333333334,0.004103240874995695,2743.485714285714,2755.413333333333,-1.400000000000091,-0.050717287349662764,4,2,0.8660254037844387,-0.4999999999999998,0
2025-04-06,2725.7,599.8,597.4857142857143,599.4100000000001,0.0046360663358854725,2754.2428571428572,2752.2766666666666,-15.200000000000273,-0.5545623700244545,4,2,0.8660254037844387,-0.4999999999999998,0
2025-04-07,2768.7,607.8,600.9428571428571,598.6266666666668,0.003464817020775714,2731.8428571428567,2742.7933333333335,9.699999999999818,0.35157665820948963,4,2,0.8660254037844387,-0.4999999999999998,0
2025-04-08,2755.1,611.3,608.3,602.0399999999998,0.008086469183566413,2766.7571428571428,2751.0033333333336,29.40000000000009,1.0786220053564257,4,2,0.8660254037844387,-0.4999999999999998,0
2025-04-09,2754.1,611.4,611.3142857142857,606.6866666666666,0.007947947177822932,2754.957142857143,2750.7799999999997,-14.599999999999909,-0.5273232925199519,4,2,0.8660254037844387,-0.4999999999999998,0
2025-04-10,2753.8,608.6,611.0,610.1933333333332,0.0027371854609934184,2754.057142857143,2758.8033333333337,-1.2999999999997272,-0.0471852201371902,4,2,0.8660254037844387,-0.4999999999999998,0
2025-04-11,2790.0,603.6,607.8857142857142,610.1766666666667,0.002957391575185114,2758.971428571429,2755.4966666666664,35.90000000000009,1.3035111288624268,4,2,0.8660254037844387,-0.4999999999999998,0
2025-04-12,2783.1,602.5,603.4428571428572,607.5699999999999,0.0055179213855970285,2789.0142857142855,2766.9333333333334,29.299999999999727,1.0639843125862345,4,2,0.8660254037844387,-0.4999999999999998,0
2025-04-13,2791.7,604.7,602.8142857142857,604.7700000000001,0.00431232576438737,2784.328571428571,2776.8966666666665,1.699999999999818,0.060931899641570544,4,2,0.8660254037844387,-0.4999999999999998,0
2025-04-14,2783.5,602.3,604.3571428571429,603.5566666666666,0.0015637811558952336,2790.528571428571,2788.05,0.40000000000009095,0.014372462362117458,4,2,0.8660254037844387,-0.4999999999999998,0
2025-04-15,2763.0,614.1,603.9857142857143,603.5533333333334,0.0037691119925362697,2780.5714285714284,2785.43,-28.699999999999818,-1.028047426299381,4,2,0.8660254037844387,-0.4999999999999998,0
2025-04-16,2729.3,608.8,613.342857142857,607.17,0.008514061519381857,2758.1857142857143,2777.32,-54.19999999999982,-1.9471887910903474,4,2,0.8660254037844387,-0.4999999999999998,0
2025-04-17,2743.1,611.0,609.1142857142856,608.6899999999999,0.007870825775038717,2731.2714285714287,2757.253333333333,-19.90000000000009,-0.7202316322837529,4,2,0.8660254037844387,-0.4999999999999998,0
2025-04-18,2740.1,612.3,611.1857142857143,611.2399999999999,0.0035279135138003774,2742.671428571429,2744.37,10.799999999999727,0.39570585864506386,4,2,0.8660254037844387,-0.4999999999999998,0
2025-04-19,2684.7,611.4,612.1714285714286,610.7866666666667,0.002340306467329547,2732.1857142857143,2736.0133333333333,-58.40000000000009,-2.1289781633917864,4,2,0.8660254037844387,-0.4999999999999998,0
2025-04-20,2689.1,623.3,613.1,611.9766666666667,0.0036053130836677595,2685.328571428571,2720.8333333333335,-51.0,-1.8612459399291996,4,2,0.8660254037844387,-0.4999999999999998,0
2025-04-21,2681.4,627.0,623.8285714285713,616.1566666666666,0.009472890862212566,2688.0,2702.6766666666667,-3.299999999999727,-0.1229187618728248,4,2,0.8660254037844387,-0.4999999999999998,0
2025-04-22,2692.0,629.4,627.342857142857,621.1666666666665,0.010828562557306035,2682.914285714286,2685.31,2.900000000000091,0.10784277267487602,4,2,0.8660254037844387,-0.4999999999999998,0
2025-04-23,2663.8,631.3,629.6714285714286,626.8333333333334,0.004173425889249627,2687.9714285714285,2686.6566666666668,-17.59999999999991,-0.6563735362124229,4,2,0.8660254037844387,-0.4999999999999998,0
2025-04-24,2677.8,627.7,630.7857142857143,629.2566666666665,0.0028029112263981545,2665.8,2678.946666666667,-14.199999999999818,-0.5274888558692354,4,2,0.8660254037844387,-0.4999999999999998,0
2025-04-25,2670.5,631.6,628.2571428571429,629.5400000000001,0.0024546740504556934,2676.757142857143,2677.15,6.699999999999818,0.2515203844132374,4,2,0.8660254037844387,-0.4999999999999998,0
2025-04-26,2639.5,631.8,631.6285714285714,630.2166666666667,0.0028800997086858692,2666.0714285714284,2669.8900000000003,-38.30000000000018,-1.4302785868997006,4,2,0.8660254037844387,-0.4999999999999998,0
2025-04-27,2608.1,630.9,631.6714285714286,630.4733333333334,0.0029408911734712553,2635.0142857142855,2660.276666666666,-62.40000000000009,-2.336641078449732,4,2,0.8660254037844387,-0.4999999999999998,0
2025-04-28,2668.8,632.6,631.1428571428571,631.4666666666667,0.0007061760669753538,2616.7714285714287,2639.31,29.300000000000182,1.1100587232430454,4,2,0.8660254037844387,-0.4999999999999998,0
2025-04-29,2654.8,636.7,633.1857142857143,631.9300000000001,0.001811510970584411,2666.8,2639.31,46.70000000000027,1.7905755147425435,4,2,0.8660254037844387,-0.4999999999999998,0
2025-04-30,2615.3,629.2,635.6285714285715,633.3433333333335,0.004031812149211284,2649.1571428571433,2644.1400000000003,-53.5,-2.004646282973621,4,2,0.8660254037844387,-0.4999999999999998,0
2025-05-01,2625.1,625.7,628.7,632.6033333333334,0.005343017281021593,2616.7000000000003,2644.8433333333332,-29.700000000000273,-1.1187283411179851,5,2,0.49999999999999994,-0.8660254037844387,0
2025-05-02,2559.3,625.8,625.7142857142857,630.1700000000001,0.0072903509550710476,2615.7,2628.55,-56.0,-2.1412457461859056,5,2,0.49999999999999994,-0.8660254037844387,0
2025-05-03,2582.5,621.7,625.2142857142857,626.65,0.0029525407811853803,2562.6142857142863,2598.8066666666664,-42.59999999999991,-1.622795322082965,5,2,0.49999999999999994,-0.8660254037844387,0
2025-05-04,2559.4,622.7,621.8428571428573,624.3,0.0031238877662360066,2579.2000000000003,2586.7766666666666,0.09999999999990905,0.003907318407373463,5,2,0.49999999999999994,-0.8660254037844387,0
2025-05-05,2549.3,618.7,622.1285714285715,623.1633333333334,0.0030686952650768435,2557.957142857143,2566.733333333333,-33.19999999999982,-1.2855759922555592,5,2,0.49999999999999994,-0.8660254037844387,0
2025-05-06,2570.8,617.8,618.5714285714286,620.9033333333333,0.002932891960180658,2552.371428571429,2563.3433333333332,11.400000000000091,0.4454168945846718,5,2,0.49999999999999994,-0.8660254037844387,0
2025-05-07,2534.7,616.6,617.6285714285714,619.5300000000001,0.003493472200502846,2565.6428571428573,2559.01,-14.600000000000364,-0.5727062330836058,5,2,0.49999999999999994,-0.8660254037844387,0
2025-05-08,2600.3,612.1,615.9571428571428,617.48,0.002149921231575426,2544.0714285714284,2553.3,29.5,1.147502722887817,5,2,0.49999999999999994,-0.8660254037844387,0
2025-05-09,2625.3,613.3,612.2714285714285,615.35,0.004042786223654453,2603.871428571429,2570.4166666666665,90.60000000000036,3.57438750147948,5,2,0.49999999999999994,-0.8660254037844387,0
2025-05-10,2634.7,614.8,613.5142857142856,613.9399999999999,0.0030603117177398147,2626.6428571428573,2590.1,34.399999999999636,1.3229242779679127,5,2,0.49999999999999994,-0.8660254037844387,0
2025-05-11,2665.4,619.2,615.4285714285714,613.6366666666667,0.002474595837443511,2639.085714285714,2622.27,40.09999999999991,1.5274444825353257,5,2,0.49999999999999994,-0.8660254037844387,0
2025-05-12,2632.5,618.4,619.0857142857143,615.9366666666666,0.004134292757464642,2660.7000000000003,2642.0400000000004,-2.199999999999818,-0.08350096785212048,5,2,0.49999999999999994,-0.8660254037844387,0
2025-05-13,2630.9,623.4,619.1142857142858,617.7533333333334,0.003499024665871171,2632.2714285714287,2644.0733333333333,-34.5,-1.2943648232910632,5,2,0.49999999999999994,-0.8660254037844387,0
2025-05-14,2629.9,623.6,623.4285714285714,620.4799999999999,0.0037019477339480917,2630.757142857143,2641.75,-2.599999999999909,-0.09876543209876198,5,2,0.49999999999999994,-0.8660254037844387,0
2025-05-15,2573.8,621.2,623.2571428571429,621.8933333333333,0.0038021425768498306,2621.8857142857146,2629.1433333333334,-57.09999999999991,-2.170359952867836,5,2,0.49999999999999994,-0.8660254037844387,0
2025-05-16,2603.9,619.2,620.9142857142858,622.5933333333334,0.002043004701050341,2578.1,2610.633333333333,-26.0,-0.9886307464162134,5,2,0.49999999999999994,-0.8660254037844387,0
2025-05-17,2619.5,616.6,618.8285714285714,621.1000000000001,0.0031739598581108372,2606.128571428572,2602.186666666667,45.69999999999982,1.7755847385189143,5,2,0.49999999999999994,-0.8660254037844387,0
2025-05-18,2603.9,615.9,616.5,618.8233333333334,0.0031505867842071106,2617.2714285714287,2600.0699999999997,0.0,0.0,5,2,0.49999999999999994,-0.8660254037844387,0
2025-05-19,2548.9,619.5,616.4142857142857,617.2433333333333,0.0023637722475619814,2596.042857142857,2607.266666666667,-70.59999999999991,-2.695170834128647,5,2,0.49999999999999994,-0.8660254037844387,0
2025-05-20,2565.2,614.9,618.842857142857,617.2766666666666,0.002659474432039185,2551.2285714285717,2588.9566666666665,-38.70000000000027,-1.4862321901762845,5,2,0.49999999999999994,-0.8660254037844387,0
2025-05-21,2565.1,617.3,615.2428571428571,616.8133333333334,0.0032499360634111758,2565.1857142857143,2571.373333333334,16.199999999999818,0.6355682843579511,5,2,0.49999999999999994,-0.8660254037844387,0
2025-05-22,2546.8,617.7,617.3571428571429,617.1733333333334,0.0030213942295537056,2562.485714285714,2559.6633333333334,-18.399999999999636,-0.7172929985965865,5,2,0.49999999999999994,-0.8660254037844387,0
2025-05-23,2583.3,620.5,618.1000000000001,616.8199999999999,0.0022682679216840976,2552.014285714286,2559.6366666666668,18.200000000000273,0.7095239951658912,5,2,0.49999999999999994,-0.8660254037844387,0
2025-05-24,2585.5,626.1,621.3000000000001,618.7933333333333,0.003211673856744449,2583.6142857142863,2565.7466666666664,38.69999999999982,1.5195539500549637,5,2,0.49999999999999994,-0.8660254037844387,0
2025-05-25,2564.0,631.7,626.9,621.9,0.006339753876516544,2582.4285714285716,2572.44,-19.300000000000182,-0.7471064142763203,5,2,0.49999999999999994,-0.8660254037844387,0
2025-05-26,2553.0,629.8,631.4285714285714,626.4100000000001,0.007301470687058001,2562.4285714285716,2576.5899999999997,-32.5,-1.257010249468188,5,2,0.49999999999999994,-0.8660254037844387,0
2025-05-27,2564.6,630.6,629.9142857142857,629.35,0.003660098704497678,2554.657142857143,2566.8033333333337,0.599999999999909,0.023400936037437953,5,2,0.49999999999999994,-0.8660254037844387,0
2025-05-28,2607.2,634.9,631.2142857142857,630.8066666666667,0.0017290433493169044,2570.6857142857143,2561.9733333333334,54.19999999999982,2.1229925577751594,5,2,0.49999999999999994,-0.8660254037844387,0
2025-05-29,2630.7,630.8,634.3142857142857,631.8,0.003569582219163531,2610.5571428571425,2577.523333333333,66.09999999999991,2.5773999844030224,5,2,0.49999999999999994,-0.8660254037844387,0
2025-05-30,2676.0,629.9,630.6714285714286,632.0766666666666,0.0032232722361157863,2637.1714285714284,2604.5466666666666,68.80000000000018,2.638846271862542,5,2,0.49999999999999994,-0.8660254037844387,0
2025-05-31,2659.8,625.5,629.2714285714285,631.5533333333333,0.0038387993909749143,2673.6857142857143,2639.7200000000003,29.100000000000364,1.1061694605998542,5,2,0.49999999999999994,-0.8660254037844387,0
2025-06-01,2650.6,619.9,624.7,628.37,0.004488224029703063,2658.4857142857145,2656.163333333333,-25.40000000000009,-0.9491778774290018,6,2,1.2246467991473532e-16,-1.0,1
2025-06-02,2673.2,616.3,619.3857142857142,624.6466666666666,0.006975869529151924,2653.828571428571,2662.04,13.399999999999636,0.5037972779908126,6,2,1.2246467991473532e-16,-1.0,1
2025-06-03,2686.0,620.4,616.8857142857142,620.3966666666668,0.006021332405767077,2675.0285714285715,2662.0733333333333,35.40000000000009,1.3355466686787931,6,2,1.2246467991473532e-16,-1.0,1
2025-06-04,2707.4,616.0,619.7714285714285,618.7366666666666,0.003100252235849095,2689.057142857143,2671.8266666666664,34.20000000000027,1.2793655543917506,6,2,1.2246467991473532e-16,-1.0,1
2025-06-05,2711.7,618.3,616.3285714285714,617.6333333333333,0.003288946972050478,2708.014285714286,2690.15,25.699999999999818,0.9568131049888242,6,2,1.2246467991473532e-16,-1.0,1
2025-06-06,2689.4,620.6,618.6285714285714,618.2399999999999,0.002969963761191039,2708.5142857142855,2701.813333333333,-18.0,-0.6648445002585506,6,2,1.2246467991473532e-16,-1.0,1
2025-06-07,2701.0,615.2,619.8285714285714,618.2733333333333,0.003151457940669689,2691.057142857143,2702.6200000000003,-10.699999999999818,-0.3945864218018151,6,2,1.2246467991473532e-16,-1.0,1
2025-06-08,2670.3,617.4,615.5142857142857,618.0033333333334,0.003645183003405067,2696.6142857142854,2699.32,-19.09999999999991,-0.7101955826578384,6,2,1.2246467991473532e-16,-1.0,1
2025-06-09,2652.9,619.7,617.7285714285715,617.7033333333334,0.003596045615558047,2667.8142857142857,2685.6833333333334,-48.09999999999991,-1.7808219178082156,6,2,1.2246467991473532e-16,-1.0,1
2025-06-10,2639.4,615.7,619.1285714285715,617.45,0.0029965336149052808,2650.971428571429,2672.68,-30.90000000000009,-1.1571733513088451,6,2,1.2246467991473532e-16,-1.0,1
2025-06-11,2648.2,609.4,614.8000000000001,617.3333333333334,0.0036304575626429983,2640.657142857143,2653.463333333333,-4.700000000000273,-0.1771646123110661,6,2,1.2246467991473532e-16,-1.0,1
2025-06-12,2641.7,612.1,609.7857142857143,614.6800000000001,0.006906476920576035,2647.2714285714283,2646.46,2.299999999999727,0.08714101689776946,6,2,1.2246467991473532e-16,-1.0,1
2025-06-13,2633.5,615.1,612.5285714285714,612.38,0.004247332125742398,2640.5285714285715,2642.9033333333336,-14.699999999999818,-0.55509402613095,6,2,1.2246467991473532e-16,-1.0,1
2025-06-14,2641.4,616.9,615.3571428571429,612.45,0.004010683239931343,2634.628571428572,2640.9066666666668,-0.29999999999972715,-0.011356323579502864,6,2,1.2246467991473532e-16,-1.0,1
2025-06-15,2660.3,619.4,617.2571428571429,614.9433333333333,0.0034582478988449653,2644.1,2639.4866666666667,26.800000000000182,1.017657110309481,6,2,1.2246467991473532e-16,-1.0,1
2025-06-16,2654.3,619.2,619.3714285714286,617.27,0.0028986809298823684,2659.4428571428575,2645.76,12.900000000000091,0.4883773756341368,6,2,1.2246467991473532e-16,-1.0,1
2025-06-17,2662.6,625.0,620.0285714285716,618.77,0.002618018071670113,2655.4857142857145,2652.706666666667,2.299999999999727,0.08645641469006228,6,2,1.2246467991473532e-16,-1.0,1
2025-06-18,2629.9,627.4,625.342857142857,621.4666666666667,0.004723210737233022,2657.9285714285716,2658.053333333333,-24.40000000000009,-0.9192630825453072,6,2,1.2246467991473532e-16,-1.0,1
2025-06-19,2639.5,631.8,628.0285714285714,624.2866666666666,0.0058842498169534895,2631.2714285714287,2648.44,-23.09999999999991,-0.8675730488995683,6,2,1.2246467991473532e-16,-1.0,1
2025-06-20,2665.2,632.8,631.9428571428571,628.3266666666666,0.004662023324083242,2643.171428571429,2644.0866666666666,35.29999999999973,1.342256359557387,6,2,1.2246467991473532e-16,-1.0,1
2025-06-21,2668.8,632.9,632.8142857142857,630.85,0.0037044028324262537,2665.714285714286,2646.1633333333334,29.300000000000182,1.1100587232430454,6,2,1.2246467991473532e-16,-1.0,1
2025-06-22,2707.9,629.6,632.4285714285714,632.4266666666666,0.0011431976646697098,2674.3857142857146,2660.1133333333332,42.70000000000027,1.6021311721446898,6,2,1.2246467991473532e-16,-1.0,1
2025-06-23,2720.4,624.0,628.8000000000001,631.4733333333334,0.003315773161749258,2709.6857142857143,2682.473333333334,51.59999999999991,1.9334532374100681,6,2,1.2246467991473532e-16,-1.0,1
2025-06-24,2667.9,626.5,624.3571428571429,628.62,0.0058516956901900705,2712.9000000000005,2699.0033333333336,-40.0,-1.4771594224306657,6,2,1.2246467991473532e-16,-1.0,1
2025-06-25,2653.1,627.0,626.5714285714286,626.6133333333333,0.0036156184725246597,2665.785714285714,2696.906666666667,-67.30000000000018,-2.473900896926929,6,2,1.2246467991473532e-16,-1.0,1
2025-06-26,2640.5,622.8,626.3999999999999,625.7933333333333,0.0022493023695825797,2651.2999999999997,2677.8033333333337,-27.40000000000009,-1.02702500093707,6,2,1.2246467991473532e-16,-1.0,1
2025-06-27,2689.6,622.8,622.8,625.31,0.0031231794153003286,2647.5142857142855,2654.5566666666664,36.5,1.3757491236666541,6,2,1.2246467991473532e-16,-1.0,1
2025-06-28,2723.1,619.8,622.3714285714285,623.9599999999999,0.0033590411916744425,2694.3857142857137,2663.4,82.59999999999991,3.1281954175345543,6,2,1.2246467991473532e-16,-1.0,1
2025-06-29,2753.9,626.6,620.7714285714285,621.9266666666666,0.0026964779979293985,2727.5,2688.18,64.30000000000018,2.3906900654372465,6,2,1.2246467991473532e-16,-1.0,1
2025-06-30,2731.9,634.5,627.7285714285715,623.4566666666667,0.0056383321215567,2750.757142857143,2723.6099999999997,8.800000000000182,0.3231611031544997,6,2,1.2246467991473532e-16,-1.0,1
2025-07-01,2723.5,635.9,634.6999999999999,627.5033333333333,0.009824917041396965,2730.7,2736.313333333333,-30.40000000000009,-1.1038890301027666,7,3,-0.4999999999999997,-0.8660254037844388,1
2025-07-02,2744.9,637.6,636.1428571428571,632.7,0.006521308268349799,2726.557142857143,2736.1333333333337,13.0,0.47585929206779165,7,3,-0.4999999999999997,-0.8660254037844388,1
2025-07-03,2745.9,639.8,637.9142857142857,636.1766666666666,0.0022506739625480373,2745.0428571428574,2733.9000000000005,22.40000000000009,0.8224710850009211,7,3,-0.4999999999999997,-0.8660254037844388,1
2025-07-04,2738.5,640.8,639.9428571428571,637.9300000000001,0.0026260006082506446,2744.8428571428567,2738.6,-6.400000000000091,-0.23315967794819817,7,3,-0.4999999999999997,-0.8660254037844388,1
2025-07-05,2748.2,639.9,640.6714285714286,639.4766666666667,0.002062227483302688,2739.8857142857146,2743.2099999999996,2.299999999999727,0.08376124403655366,7,3,-0.4999999999999997,-0.8660254037844388,1
2025-07-06,2787.5,638.1,639.6428571428571,640.11,0.000922268810686198,2753.8142857142857,2745.5866666666666,49.0,1.7893007120686508,7,3,-0.4999999999999997,-0.8660254037844388,1
2025-07-07,2785.6,636.3,637.842857142857,639.45,0.0019818502743021594,2787.2285714285713,2759.6366666666668,37.40000000000009,1.360890764864278,7,3,-0.4999999999999997,-0.8660254037844388,1
2025-07-08,2766.7,631.7,635.6428571428571,637.8266666666666,0.0029154299027475696,2782.9,2774.383333333333,-20.800000000000182,-0.7461883408071814,7,3,-0.4999999999999997,-0.8660254037844388,1
2025-07-09,2782.4,628.5,631.2428571428572,635.0466666666666,0.004664634686037767,2768.942857142857,2779.7633333333333,-3.199999999999818,-0.11487650775415775,7,3,-0.4999999999999997,-0.8660254037844388,1
2025-07-10,2766.6,629.5,628.6428571428571,631.9399999999999,0.005055170346691807,2780.1428571428573,2777.6,-0.09999999999990905,-0.003614414284161964,7,3,-0.4999999999999997,-0.8660254037844388,1
2025-07-11,2765.7,631.4,629.7714285714285,629.89,0.002138247906393483,2766.4714285714285,2771.866666666667,-16.700000000000273,-0.6002012650948919,7,3,-0.4999999999999997,-0.8660254037844388,1
2025-07-12,2760.8,630.5,631.2714285714285,629.8666666666667,0.001912147656575853,2765.0,2770.846666666667,-5.799999999999727,-0.20964360587001107,7,3,-0.4999999999999997,-0.8660254037844388,1
2025-07-13,2756.4,624.3,629.6142857142858,630.2933333333334,0.0021701654554763215,2760.171428571429,2764.026666666666,-9.299999999999727,-0.33626206746934695,7,3,-0.4999999999999997,-0.8660254037844388,1
2025-07-14,2749.2,623.3,624.1571428571427,628.4633333333333,0.005278097720671897,2755.371428571428,2760.4166666666665,-11.600000000000364,-0.4201680672269039,7,3,-0.4999999999999997,-0.8660254037844388,1
2025-07-15,2747.7,625.2,623.5714285714286,625.8566666666667,0.005000824421707609,2748.9857142857145,2755.0299999999997,-8.700000000000273,-0.31562908141054535,7,3,-0.4999999999999997,-0.8660254037844388,1
2025-07-16,2731.4,620.4,624.5142857142857,624.1366666666667,0.0016963972591843672,2745.371428571428,2750.266666666667,-17.799999999999727,-0.647461079586779,7,3,-0.4999999999999997,-0.8660254037844388,1
2025-07-17,2719.2,619.0,620.1999999999999,622.8233333333334,0.0034238534491674386,2729.657142857143,2741.766666666667,-28.5,-1.0372311387706084,7,3,-0.4999999999999997,-0.8660254037844388,1
2025-07-18,2686.7,617.2,618.7428571428571,621.2666666666667,0.004379305621929044,2714.5571428571425,2730.733333333333,-44.70000000000027,-1.636523394596188,7,3,-0.4999999999999997,-0.8660254037844388,1
2025-07-19,2701.6,615.0,616.8857142857144,618.6866666666666,0.0023841115381395567,2688.828571428571,2711.44,-17.59999999999991,-0.6472491909385081,7,3,-0.4999999999999997,-0.8660254037844388,1
2025-07-20,2678.4,614.8,614.9714285714286,616.9266666666666,0.0027103211683811145,2698.285714285714,2701.14,-8.299999999999727,-0.3089291696132701,7,3,-0.4999999999999997,-0.8660254037844388,1
2025-07-21,2692.7,607.7,613.7857142857143,615.35,0.002919165475127293,2680.442857142857,2689.1,-8.900000000000091,-0.3294344092389729,7,3,-0.4999999999999997,-0.8660254037844388,1
2025-07-22,2700.2,608.4,607.8000000000001,612.2800000000001,0.0057135867009314705,2693.7714285714283,2690.8533333333335,21.799999999999727,0.8139187574671345,7,3,-0.4999999999999997,-0.8660254037844388,1
2025-07-23,2708.9,604.4,607.8285714285714,609.9533333333334,0.005421755704142031,2701.442857142857,2691.45,16.200000000000273,0.6016266201210783,7,3,-0.4999999999999997,-0.8660254037844388,1
2025-07-24,2664.4,604.1,604.3571428571429,606.7133333333334,0.00302302324383865,2702.5428571428574,2699.6566666666668,-35.79999999999973,-1.325827716465437,7,3,-0.4999999999999997,-0.8660254037844388,1
2025-07-25,2687.3,601.9,603.7857142857143,605.4166666666666,0.0033619670652781128,2667.671428571429,2690.736666666666,-21.59999999999991,-0.7973716268596075,7,3,-0.4999999999999997,-0.8660254037844388,1
2025-07-26,2671.4,608.8,602.8857142857142,603.6133333333332,0.0024648565581433294,2685.0285714285715,2685.616666666667,7.0,0.2627233148175949,7,3,-0.4999999999999997,-0.8660254037844388,1
2025-07-27,2717.1,612.1,609.2714285714285,605.1999999999999,0.005287864358824397,2677.9285714285716,2676.1233333333334,29.799999999999727,1.1089197335615573,7,3,-0.4999999999999997,-0.8660254037844388,1
2025-07-28,2726.3,613.7,612.3285714285714,607.9933333333333,0.007109731675412576,2718.4142857142856,2693.233333333333,54.90000000000009,2.055102193606352,7,3,-0.4999999999999997,-0.8660254037844388,1
2025-07-29,2719.3,617.1,614.1857142857143,611.8100000000001,0.0036685142900528427,2725.3,2706.53,2.200000000000273,0.08096867984248916,7,3,-0.4999999999999997,-0.8660254037844388,1
2025-07-30,2684.1,616.8,617.0571428571428,614.4566666666667,0.003459931214073516,2714.2714285714287,2719.8,-42.20000000000027,-1.5478854124637886,7,3,-0.4999999999999997,-0.8660254037844388,1
2025-07-31,2715.2,616.6,616.7714285714285,615.9633333333334,0.0024571245838489893,2688.542857142857,2709.53,-4.100000000000364,-0.15077409627478996,7,3,-0.4999999999999997,-0.8660254037844388,1
2025-08-01,2706.0,609.8,615.6285714285714,616.5899999999999,0.0021057228878326364,2713.8857142857137,2705.7566666666667,21.90000000000009,0.8159159494802762,8,3,-0.8660254037844385,-0.5000000000000004,1
2025-08-02,2745.0,608.7,609.6428571428571,614.13,0.005592996113904917,2711.5714285714284,2703.796666666667,29.800000000000182,1.0975250441956461,8,3,-0.8660254037844385,-0.5000000000000004,1
2025-08-03,2737.5,616.3,609.7857142857143,611.6899999999999,0.00578669256466307,2743.9285714285716,2722.81,31.5,1.164079822616408,8,3,-0.8660254037844385,-0.5000000000000004,1
2025-08-04,2792.9,615.7,616.2142857142857,611.7966666666667,0.00567688109657442,2745.414285714286,2732.3966666666665,47.90000000000009,1.7449908925318793,8,3,-0.8660254037844385,-0.5000000000000004,1
2025-08-05,2754.9,621.6,616.5428571428572,613.9966666666667,0.005990770746466959,2787.471428571429,2758.7966666666666,17.40000000000009,0.6356164383561678,8,3,-0.8660254037844385,-0.5000000000000004,1
2025-08-06,2760.3,617.2,620.9714285714286,617.8966666666668,0.004342914169341241,2755.671428571429,2762.5266666666666,-32.59999999999991,-1.1672455154140826,8,3,-0.8660254037844385,-0.5000000000000004,1
2025-08-07,2739.3,614.8,616.8571428571429,618.1366666666668,0.004176580089030694,2757.3,2767.5800000000004,-15.599999999999909,-0.5662637482304225,8,3,-0.8660254037844385,-0.5000000000000004,1
2025-08-08,2725.5,618.1,615.2714285714285,617.75,0.004494691272890816,2737.328571428571,2750.52,-34.80000000000018,-1.2607325290729334,8,3,-0.8660254037844385,-0.5000000000000004,1
2025-08-09,2731.0,623.0,618.8000000000001,616.8933333333333,0.002957308156038056,2726.285714285714,2740.7233333333334,-8.300000000000182,-0.30299711605155266,8,3,-0.8660254037844385,-0.5000000000000004,1
2025-08-10,2713.0,622.0,622.8571428571429,618.8733333333332,0.00549499052865226,2728.4285714285716,2731.0566666666664,-12.5,-0.458631443771785,8,3,-0.8660254037844385,-0.5000000000000004,1
2025-08-11,2717.8,619.9,621.6999999999999,621.0933333333334,0.003364552412440993,2713.6857142857143,2722.9100000000003,-13.199999999999818,-0.4833394361039845,8,3,-0.8660254037844385,-0.5000000000000004,1
2025-08-12,2690.2,622.6,620.2857142857143,621.6200000000001,0.00209382588369437,2713.8571428571427,2719.24,-22.800000000000182,-0.8403980833026237,8,3,-0.8660254037844385,-0.5000000000000004,1
2025-08-13,2682.4,619.3,622.1285714285714,621.4100000000001,0.001994490601633765,2689.085714285714,2705.98,-35.40000000000009,-1.302524100375307,8,3,-0.8660254037844385,-0.5000000000000004,1
2025-08-14,2695.7,624.2,620.0,620.7433333333333,0.002567356172295482,2684.2999999999997,2696.063333333333,5.5,0.20444576611404358,8,3,-0.8660254037844385,-0.5000000000000004,1
2025-08-15,2707.1,615.9,623.0142857142857,621.81,0.0037853552286402706,2697.328571428571,2689.996666666667,24.699999999999818,0.9208171786459819,8,3,-0.8660254037844385,-0.5000000000000004,1
2025-08-16,2706.2,612.2,615.3714285714286,619.5633333333333,0.006024512654953768,2706.9714285714285,2695.86,10.5,0.3895092183848351,8,3,-0.8660254037844385,-0.5000000000000004,1
2025-08-17,2689.5,613.4,612.3714285714286,617.0733333333334,0.008085191479619516,2703.8142857142852,2702.7933333333335,-17.59999999999991,-0.6501422186103177,8,3,-0.8660254037844385,-0.5000000000000004,1
2025-08-18,2633.4,604.9,612.1857142857143,613.4666666666667,0.003616791230494201,2681.4857142857145,2698.4766666666665,-72.79999999999973,-2.690118986032065,8,3,-0.8660254037844385,-0.5000000000000004,1
2025-08-19,2644.8,593.9,603.3285714285714,609.5566666666667,0.007900541255640617,2635.0285714285715,2674.32,-44.69999999999982,-1.6620189626324526,8,3,-0.8660254037844385,-0.5000000000000004,1
2025-08-20,2631.6,599.5,594.6999999999999,603.6033333333332,0.013192790150971046,2642.914285714286,2653.9700000000003,-1.800000000000182,-0.0683526999316542,8,3,-0.8660254037844385,-0.5000000000000004,1
2025-08-21,2641.1,600.0,599.5714285714286,599.27,0.007428484065043612,2632.957142857143,2636.856666666667,-3.700000000000273,-0.1398971566848258,8,3,-0.8660254037844385,-0.5000000000000004,1
2025-08-22,2660.2,600.9,600.1285714285715,598.0333333333333,0.004628231342672495,2643.828571428571,2639.68,28.59999999999991,1.0867913056695513,8,3,-0.8660254037844385,-0.5000000000000004,1
2025-08-23,2758.3,592.6,599.7142857142857,599.9033333333334,0.0024923361701940316,2674.214285714286,2648.523333333333,117.20000000000027,4.437544962326314,8,3,-0.8660254037844385,-0.5000000000000004,1
2025-08-24,2751.0,593.7,592.7571428571429,597.6233333333333,0.0064127519290377915,2757.2571428571428,2690.1966666666663,90.80000000000018,3.4132771972032248,8,3,-0.8660254037844385,-0.5000000000000004,1
2025-08-25,2740.3,591.4,593.3714285714286,595.4166666666666,0.0062026336875774845,2749.4714285714285,2725.836666666667,-18.0,-0.652575861943951,8,3,-0.8660254037844385,-0.5000000000000004,1
2025-08-26,2702.3,594.4,591.8285714285714,592.6266666666667,0.0017081833001012076,2734.871428571429,2748.0,-48.69999999999982,-1.770265358051611,8,3,-0.8660254037844385,-0.5000000000000004,1
2025-08-27,2674.0,592.6,594.1428571428571,593.13,0.0021974122340190413,2698.257142857143,2728.633333333333,-66.30000000000018,-2.4194431266649703,8,3,-0.8660254037844385,-0.5000000000000004,1
2025-08-28,2660.5,594.1,592.8142857142857,592.89,0.002103064271177932,2672.0714285714284,2702.8733333333334,-41.80000000000018,-1.54683047774119,8,3,-0.8660254037844385,-0.5000000000000004,1
2025-08-29,2679.4,596.8,594.4857142857143,593.7800000000001,0.0016408268928867252,2663.2000000000003,2678.17,5.400000000000091,0.20194465220643573,8,3,-0.8660254037844385,-0.5000000000000004,1
2025-08-30,2674.9,599.5,597.1857142857142,594.7299999999999,0.0032807383265229515,2678.757142857143,2671.3300000000004,14.400000000000091,0.5412516444277425,8,3,-0.8660254037844385,-0.5000000000000004,1
2025-08-31,2707.2,596.6,599.0857142857142,596.8833333333333,0.0036592160357339027,2679.5142857142855,2673.1566666666668,27.799999999999727,1.0375457191908533,8,3,-0.8660254037844385,-0.5000000000000004,1
2025-09-01,2702.3,596.3,596.5571428571428,597.6166666666666,0.0022736533081445924,2706.5,2687.9300000000003,27.40000000000009,1.024337358405925,9,3,-1.0,-1.8369701987210297e-16,1
2025-09-02,2708.5,595.9,596.2428571428571,597.3466666666667,0.0024150714522718246,2703.1857142857148,2695.9199999999996,1.300000000000182,0.04802009456265448,9,3,-1.0,-1.8369701987210297e-16,1
2025-09-03,2747.8,599.8,596.4571428571428,596.3733333333332,0.0011856235517789084,2714.1142857142854,2707.3533333333335,45.5,1.6837508788809532,9,3,-1.0,-1.8369701987210297e-16,1
2025-09-04,2736.4,596.3,599.3,597.3333333333334,0.0029828777881420725,2746.171428571429,2720.67,27.90000000000009,1.0300904559719435,9,3,-1.0,-1.8369701987210297e-16,1
2025-09-05,2758.2,602.2,597.1428571428571,597.5433333333333,0.0032943055012744824,2739.514285714286,2732.556666666667,10.399999999999636,0.3784846058664981,9,3,-1.0,-1.8369701987210297e-16,1
2025-09-06,2752.3,595.6,601.2571428571429,599.2933333333333,0.004271520961013281,2757.3571428571427,2747.616666666667,15.900000000000091,0.5810554012571295,9,3,-1.0,-1.8369701987210297e-16,1
2025-09-07,2777.2,593.7,595.3285714285714,597.9466666666667,0.005181847250234742,2755.8571428571436,2750.326666666667,19.0,0.6888550503951852,9,3,-1.0,-1.8369701987210297e-16,1
2025-09-08,2772.3,595.0,593.8857142857144,596.9266666666666,0.006029757512169224,2776.5,2763.0366666666664,20.0,0.7266649711150673,9,3,-1.0,-1.8369701987210297e-16,1
2025-09-09,2774.4,583.1,593.3000000000001,594.3500000000001,0.0038147066198970267,2772.600000000001,2768.0033333333336,-2.799999999999727,-0.10082097076190866,9,3,-1.0,-1.8369701987210297e-16,1
2025-09-10,2733.5,587.9,583.7857142857143,590.4066666666666,0.009163088038142994,2768.557142857143,2773.1766666666663,-38.80000000000018,-1.399559932186278,9,3,-1.0,-1.8369701987210297e-16,1
2025-09-11,2745.1,594.0,588.7714285714285,588.6333333333333,0.008377260811970606,2735.157142857143,2759.1600000000003,-29.300000000000182,-1.056084198385243,9,3,-1.0,-1.8369701987210297e-16,1
2025-09-12,2788.7,597.7,594.5285714285714,588.8199999999999,0.008041021129011353,2751.328571428571,2751.476666666667,55.19999999999982,2.019389061642576,9,3,-1.0,-1.8369701987210297e-16,1
2025-09-13,2817.0,593.3,597.0714285714286,593.3799999999999,0.006717378596798457,2792.742857142857,2758.55,71.90000000000009,2.6192124148482785,9,3,-1.0,-1.8369701987210297e-16,1
2025-09-14,2801.6,591.2,593.0,594.9066666666666,0.003489555490576576,2814.8,2785.483333333333,12.900000000000091,0.46258113099293907,9,3,-1.0,-1.8369701987210297e-16,1
2025-09-15,2832.1,590.1,591.0428571428572,593.8133333333334,0.004645444713044441,2805.9571428571426,2803.8799999999997,15.099999999999909,0.5360312389066351,9,3,-1.0,-1.8369701987210297e-16,1
2025-09-16,2817.8,582.8,589.0571428571428,591.1833333333333,0.003474289593031296,2830.0571428571425,2816.9266666666667,16.200000000000273,0.5782410051399298,9,3,-1.0,-1.8369701987210297e-16,1
2025-09-17,2769.9,582.6,582.7714285714285,587.7466666666667,0.006581168074336589,2810.957142857143,2816.11,-62.19999999999982,-2.1962501324105723,9,3,-1.0,-1.8369701987210297e-16,1
2025-09-18,2819.4,586.2,583.1142857142858,585.0366666666666,0.00586552240995663,2776.9714285714285,2806.1766666666667,1.599999999999909,0.05678188657817833,9,3,-1.0,-1.8369701987210297e-16,1
2025-09-19,2850.9,582.8,585.7142857142857,583.8666666666667,0.002877669230412024,2823.9000000000005,2803.4700000000003,81.0,2.9242932957868515,9,3,-1.0,-1.8369701987210297e-16,1
2025-09-20,2855.8,583.9,582.9571428571428,583.91,0.0028481392861809305,2851.6,2816.2633333333333,36.40000000000009,1.2910548343619241,9,3,-1.0,-1.8369701987210297e-16,1
2025-09-21,2874.1,585.0,584.0571428571428,584.26,0.002400237117931409,2858.414285714286,2843.8566666666666,23.199999999999818,0.8137781051597678,9,3,-1.0,-1.8369701987210297e-16,1
2025-09-22,2850.0,584.5,584.9285714285714,583.9566666666666,0.0015334375770455814,2870.657142857143,2860.2366666666667,-5.800000000000182,-0.20309545486379235,9,3,-1.0,-1.8369701987210297e-16,1
2025-09-23,2821.6,594.2,585.8857142857144,584.81,0.0031264637531103223,2845.9428571428575,2858.826666666667,-52.5,-1.8266587801398697,9,3,-1.0,-1.8369701987210297e-16,1
2025-09-24,2836.6,594.5,594.2428571428572,588.2166666666667,0.00791589083317501,2823.742857142857,2847.3166666666666,-13.400000000000091,-0.4701754385964944,9,3,-1.0,-1.8369701987210297e-16,1
2025-09-25,2812.7,594.8,594.5428571428572,591.4100000000001,0.00778376810493874,2833.1857142857143,2834.8233333333333,-8.900000000000091,-0.3154238729798728,9,3,-1.0,-1.8369701987210297e-16,1
2025-09-26,2781.5,596.1,594.9857142857143,594.5633333333334,0.0006362231741951676,2808.242857142857,2822.2966666666666,-55.09999999999991,-1.942466332933791,9,3,-1.0,-1.8369701987210297e-16,1
2025-09-27,2733.7,592.7,595.6142857142858,595.0733333333334,0.0013913107404353179,2774.671428571429,2806.8366666666666,-79.0,-2.8086891598819643,9,3,-1.0,-1.8369701987210297e-16,1
2025-09-28,2780.8,594.9,593.0142857142857,594.5366666666666,0.0023976696690735464,2740.4285714285716,2774.903333333333,-0.6999999999998181,-0.02516627718856078,9,3,-1.0,-1.8369701987210297e-16,1
2025-09-29,2792.9,588.7,594.0142857142857,594.3199999999999,0.0029593493936866462,2782.5285714285715,2765.7133333333336,59.20000000000027,2.1655631561619884,9,3,-1.0,-1.8369701987210297e-16,1
2025-09-30,2781.0,588.3,588.6428571428571,591.9533333333334,0.00455711965579246,2791.2000000000003,2770.71,0.1999999999998181,0.007192174913687359,9,3,-1.0,-1.8369701987210297e-16,1
2025-10-01,2748.7,582.8,587.5142857142856,590.23,0.005558486064381388,2776.3857142857137,2783.8300000000004,-44.20000000000027,-1.5825844104694144,10,4,-0.8660254037844386,0.5000000000000001,0
2025-10-02,2774.6,576.7,581.9285714285713,586.2,0.005543164667663871,2752.399999999999,2773.5899999999997,-6.400000000000091,-0.23013304566702952,10,4,-0.8660254037844386,0.5000000000000001,0
2025-10-03,2763.2,578.9,577.0142857142857,582.2866666666666,0.008140909188839288,2772.9714285714285,2767.5066666666667,14.5,0.5275221013570052,10,4,-0.8660254037844386,0.5000000000000001,0
2025-10-04,2751.5,577.2,578.6571428571427,579.28,0.004346522393149464,2761.528571428571,2762.2599999999998,-23.09999999999991,-0.8325524399913468,10,4,-0.8660254037844386,0.5000000000000001,0
2025-10-05,2704.7,575.7,576.9857142857144,577.5666666666667,0.0017423131208376115,2744.8142857142857,2760.7699999999995,-58.5,-2.1171105964099595,10,4,-0.8660254037844386,0.5000000000000001,0
2025-10-06,2715.8,573.6,575.4,577.09,0.002515376120695681,2706.285714285714,2738.2200000000003,-35.69999999999982,-1.2974741050336114,10,4,-0.8660254037844386,0.5000000000000001,0
2025-10-07,2653.5,571.0,573.2285714285715,575.2933333333334,0.002913624742282853,2706.9,2720.733333333333,-51.19999999999982,-1.893001072207632,10,4,-0.8660254037844386,0.5000000000000001,0
2025-10-08,2628.8,571.3,571.0428571428571,573.2866666666667,0.003391588157021856,2649.9714285714285,2688.8033333333337,-87.0,-3.2034759555195516,10,4,-0.8660254037844386,0.5000000000000001,0
2025-10-09,2620.2,571.9,571.3857142857142,571.91,0.001993812438889295,2627.5714285714284,2662.8466666666664,-33.30000000000018,-1.2549462973431385,10,4,-0.8660254037844386,0.5000000000000001,0
2025-10-10,2614.9,574.4,572.2571428571429,571.5133333333332,0.0011558460390553333,2619.442857142857,2632.8799999999997,-13.900000000000091,-0.5287583688374958,10,4,-0.8660254037844386,0.5000000000000001,0
2025-10-11,2600.1,575.3,574.5285714285714,572.6666666666666,0.0025047534552834435,2612.785714285714,2620.3433333333332,-20.09999999999991,-0.7671170139683959,10,4,-0.8660254037844386,0.5000000000000001,0
2025-10-12,2548.8,579.9,575.9571428571428,574.1333333333333,0.0031101464533147406,2592.7714285714287,2609.3533333333335,-66.09999999999991,-2.527821331599675,10,4,-0.8660254037844386,0.5000000000000001,0
2025-10-13,2559.3,584.7,580.5857142857142,576.8766666666667,0.004910114785296296,2550.3,2586.0800000000004,-40.79999999999973,-1.5691704165224312,10,4,-0.8660254037844386,0.5000000000000001,0
2025-10-14,2541.5,583.5,584.5285714285715,580.2399999999999,0.0066388851800834,2556.7571428571428,2567.4466666666663,-7.300000000000182,-0.2864092906465859,10,4,-0.8660254037844386,0.5000000000000001,0
2025-10-15,2584.8,580.1,583.0142857142857,582.7066666666667,0.0035446113980897287,2547.6857142857143,2551.0666666666666,25.5,0.9963661938811393,10,4,-0.8660254037844386,0.5000000000000001,0
2025-10-16,2589.8,575.3,579.4142857142857,582.4533333333333,0.004069552112862573,2585.514285714286,2562.883333333333,48.30000000000018,1.9004524886877898,10,4,-0.8660254037844386,0.5000000000000001,0
2025-10-17,2597.6,574.0,575.1142857142856,579.3166666666667,0.006024499053934896,2590.914285714286,2573.9033333333336,12.799999999999727,0.4952027236149693,10,4,-0.8660254037844386,0.5000000000000001,0
2025-10-18,2584.3,567.9,573.1285714285714,576.06,0.005214690099720199,2595.7,2590.7166666666667,-5.5,-0.21237161170746777,10,4,-0.8660254037844386,0.5000000000000001,0
2025-10-19,2628.1,568.0,567.9142857142857,572.1566666666665,0.005818233979203111,2590.557142857143,2591.8433333333332,30.5,1.1741607637819527,10,4,-0.8660254037844386,0.5000000000000001,0
2025-10-20,2645.3,562.9,567.2714285714286,569.5966666666667,0.005392810412078048,2630.557142857143,2604.923333333333,61.0,2.3604070734821807,10,4,-0.8660254037844386,0.5000000000000001,0
2025-10-21,2650.3,569.4,563.8285714285714,566.3166666666667,0.004364173634150669,2646.014285714286,2621.4333333333334,22.200000000000273,0.8447167154978986,10,4,-0.8660254037844386,0.5000000000000001,0
2025-10-22,2695.6,572.5,569.842857142857,566.9166666666666,0.005329579261708131,2656.7714285714287,2643.483333333333,50.29999999999973,1.9014856538010705,10,4,-0.8660254037844386,0.5000000000000001,0
2025-10-23,2701.4,571.5,572.3571428571429,568.5533333333333,0.00699933177532507,2696.4285714285716,2665.6033333333335,51.09999999999991,1.9280836131758634,10,4,-0.8660254037844386,0.5000000000000001,0
2025-10-24,2704.8,563.7,570.3857142857142,570.9433333333333,0.003272430851411834,2701.8857142857146,2684.2500000000005,9.200000000000273,0.3412969283276552,10,4,-0.8660254037844386,0.5000000000000001,0
2025-10-25,2700.1,564.9,563.8714285714286,568.98,0.007078802790049418,2704.128571428572,2700.75,-1.300000000000182,-0.04812319538017997,10,4,-0.8660254037844386,0.5000000000000001,0
2025-10-26,2730.4,557.1,563.7857142857143,566.2199999999999,0.006681039353570827,2704.4285714285716,2703.0666666666666,25.59999999999991,0.9464655427388313,10,4,-0.8660254037844386,0.5000000000000001,0
2025-10-27,2684.9,560.2,557.5428571428572,561.7833333333333,0.006201963194483783,2723.9000000000005,2711.103333333333,-15.199999999999818,-0.5629421132550579,10,4,-0.8660254037844386,0.5000000000000001,0
2025-10-28,2695.3,556.7,559.7,560.4600000000002,0.005787623300461839,2686.3857142857146,2704.9733333333334,-35.09999999999991,-1.2855259302666242,10,4,-0.8660254037844386,0.5000000000000001,0
2025-10-29,2721.3,559.0,557.0285714285715,558.0633333333334,0.0028521446461962988,2699.014285714286,2703.2300000000005,36.40000000000009,1.3557301947931055,10,4,-0.8660254037844386,0.5000000000000001,0
2025-10-30,2735.7,556.2,558.6,558.5,0.0027052463409926487,2723.3571428571427,2702.1933333333336,40.399999999999636,1.4989055021704314,10,4,-0.8660254037844386,0.5000000000000001,0
2025-10-31,2776.8,560.5,556.8142857142858,557.4266666666667,0.0024479625989333557,2741.571428571428,2720.15,55.5,2.0394664314849518,10,4,-0.8660254037844386,0.5000000000000001,0
2025-11-01,2785.8,555.3,559.7571428571429,558.4433333333333,0.0034121099332729624,2778.0857142857144,2746.75,50.100000000000364,1.8313411558285035,11,4,-0.5000000000000004,0.8660254037844384,0
2025-11-02,2796.9,547.8,554.2285714285714,557.0533333333334,0.0051826958806237,2787.3857142857146,2768.1400000000003,20.09999999999991,0.7238547968885014,11,4,-0.5000000000000004,0.8660254037844384,0
2025-11-03,2789.8,546.6,547.6285714285714,554.0699999999999,0.00969129554856363,2795.8857142857146,2786.9333333333334,4.0,0.14358532557972575,11,4,-0.5000000000000004,0.8660254037844384,0
2025-11-04,2799.4,547.6,546.7428571428571,549.6433333333333,0.006913521976500265,2791.1714285714293,2791.286666666667,2.5,0.08938467589116522,11,4,-0.5000000000000004,0.8660254037844384,0
2025-11-05,2780.5,551.8,548.2,547.4666666666667,0.0017776501665089637,2796.7000000000003,2794.82,-9.300000000000182,-0.33335722990896055,11,4,-0.5000000000000004,0.8660254037844384,0
2025-11-06,2768.3,549.4,551.4571428571428,548.76,0.004120482997679288,2778.7571428571428,2789.1833333333334,-31.09999999999991,-1.1109523469314821,11,4,-0.5000000000000004,0.8660254037844384,0
2025-11-07,2759.2,548.8,549.3142857142857,549.64,0.003121988240069983,2767.0,2781.3933333333334,-21.300000000000182,-0.766049271713727,11,4,-0.5000000000000004,0.8660254037844384,0
2025-11-08,2711.4,554.1,549.5571428571428,550.0766666666666,0.0026962897462953403,2752.371428571428,2767.0299999999997,-56.90000000000009,-2.0554130693927712,11,4,-0.5000000000000004,0.8660254037844384,0
2025-11-09,2701.1,553.7,554.0428571428572,550.91,0.004453754729775284,2709.9285714285716,2744.06,-58.09999999999991,-2.1056828066106084,11,4,-0.5000000000000004,0.8660254037844384,0
2025-11-10,2657.7,559.7,554.5571428571429,552.5633333333334,0.004926824821354513,2694.9,2720.516666666667,-53.70000000000027,-1.980526665191424,11,4,-0.5000000000000004,0.8660254037844384,0
2025-11-11,2668.7,563.5,560.2428571428571,556.1466666666668,0.0055661097901386,2659.2714285714283,2688.6433333333334,-32.40000000000009,-1.1995113102069561,11,4,-0.5000000000000004,0.8660254037844384,0
2025-11-12,2680.5,562.5,563.3571428571429,559.26,0.007201710688481424,2670.3857142857146,2675.1466666666665,22.800000000000182,0.8578846370922296,11,4,-0.5000000000000004,0.8660254037844384,0
2025-11-13,2627.2,562.1,562.4428571428572,561.98,0.002815609216679139,2672.8857142857146,2667.95,-41.5,-1.5550642634990821,11,4,-0.5000000000000004,0.8660254037844384,0
2025-11-14,2638.0,563.9,562.3571428571429,562.7133333333334,0.0011041278855691446,2628.7428571428572,2657.776666666666,-42.5,-1.5855250886028727,11,4,-0.5000000000000004,0.8660254037844384,0
2025-11-15,2620.1,563.5,563.842857142857,562.8666666666667,0.0014061546732737902,2635.442857142857,2646.5533333333337,-7.099999999999909,-0.2702496954932974,11,4,-0.5000000000000004,0.8660254037844384,0
2025-11-16,2641.1,562.0,563.2857142857143,563.1633333333333,0.001402432321607991,2623.1,2628.8966666666665,3.099999999999909,0.11751326762698669,11,4,-0.5000000000000004,0.8660254037844384,0
2025-11-17,2631.6,557.9,561.4142857142857,562.9333333333333,0.0022291725764000373,2639.742857142857,2632.8533333333335,11.5,0.4389145452463647,11,4,-0.5000000000000004,0.8660254037844384,0
2025-11-18,2600.6,558.3,557.9571428571428,560.9599999999999,0.004310938106092716,2627.171428571429,2630.2833333333333,-40.5,-1.5334519707697551,11,4,-0.5000000000000004,0.8660254037844384,0
2025-11-19,2608.4,555.9,557.9571428571428,559.1966666666666,0.0034261674123063344,2601.714285714286,2623.343333333333,-23.199999999999818,-0.8815929472564151,11,4,-0.5000000000000004,0.8660254037844384,0
2025-11-20,2596.8,553.1,555.4999999999999,557.2066666666667,0.0023616595221844193,2606.7428571428572,2612.3733333333334,-3.799999999999727,-0.14612012612472994,11,4,-0.5000000000000004,0.8660254037844384,0
2025-11-21,2553.0,551.5,552.8714285714286,555.5400000000001,0.004034905113950711,2590.542857142857,2600.3466666666664,-55.40000000000009,-2.1239073761693024,11,4,-0.5000000000000004,0.8660254037844384,0
2025-11-22,2550.5,549.9,551.2714285714285,553.3,0.003442295909146278,2552.6428571428573,2584.1366666666668,-46.30000000000018,-1.7829636475662423,11,4,-0.5000000000000004,0.8660254037844384,0
2025-11-23,2565.6,544.6,549.1428571428571,551.2166666666667,0.0032634466455557848,2552.657142857143,2565.726666666667,12.599999999999909,0.49353701527614213,11,4,-0.5000000000000004,0.8660254037844384,0
2025-11-24,2540.5,541.6,544.1714285714286,548.3366666666667,0.005860830147579342,2562.0142857142855,2555.95,-10.0,-0.3920799843168006,11,4,-0.5000000000000004,0.8660254037844384,0
2025-11-25,2527.9,545.5,542.157142857143,545.2199999999999,0.006206629395015508,2538.7000000000003,2551.4466666666663,-37.69999999999982,-1.4694418459619512,11,4,-0.5000000000000004,0.8660254037844384,0
2025-11-26,2552.3,547.6,545.8,544.0,0.0033497719755069947,2531.3857142857146,2544.2233333333334,11.800000000000182,0.4644754969494265,11,4,-0.5000000000000004,0.8660254037844384,0
2025-11-27,2544.0,544.5,547.157142857143,544.9966666666667,0.004499533906212526,2551.1142857142854,2540.35,16.09999999999991,0.6368922821314098,11,4,-0.5000000000000004,0.8660254037844384,0
2025-11-28,2514.0,548.0,545.0,545.95,0.0025058094732778066,2539.714285714286,2540.936666666667,-38.30000000000018,-1.500607295380644,11,4,-0.5000000000000004,0.8660254037844384,0
2025-11-29,2559.7,546.4,547.7714285714285,546.66,0.0028949942505605503,2520.5285714285715,2537.0133333333333,15.699999999999818,0.617138364779867,11,4,-0.5000000000000004,0.8660254037844384,0
2025-11-30,2616.7,543.9,546.0428571428571,546.28,0.002717460959878853,2567.8428571428567,2541.6566666666668,102.69999999999982,4.085123309466978,11,4,-0.5000000000000004,0.8660254037844384,0
2025-12-01,2569.7,546.8,544.3142857142857,546.06,0.003083763493389024,2609.985714285714,2565.3233333333333,10.0,0.39067078173223424,12,4,-2.4492935982947064e-16,1.0,0
2025-12-02,2560.3,548.5,547.0428571428571,545.77,0.0025598296569826805,2568.3571428571427,2582.0533333333337,-56.399999999999636,-2.1553865555852654,12,4,-2.4492935982947064e-16,1.0,0
2025-12-03,2570.9,549.4,548.6285714285714,546.5833333333334,0.003562261313069664,2561.8142857142857,2580.7066666666665,1.2000000000002728,0.04669805813909301,12,4,-2.4492935982947064e-16,1.0,0
2025-12-04,2547.1,546.7,549.0142857142856,548.2299999999999,0.002008543140788166,2567.5,2566.2133333333336,-13.200000000000273,-0.5155645822755253,12,4,-2.4492935982947064e-16,1.0,0
2025-12-05,2567.8,550.3,547.2142857142857,548.26,0.0021953365989706448,2550.057142857143,2559.6833333333334,-3.099999999999909,-0.12058034151464113,12,4,-2.4492935982947064e-16,1.0,0
2025-12-06,2597.3,545.6,549.6285714285714,548.6733333333334,0.0030195348366929965,2572.014285714286,2562.8133333333335,50.20000000000027,1.9708688312198293,12,4,-2.4492935982947064e-16,1.0,0
2025-12-07,2635.4,548.5,546.0142857142857,547.5933333333334,0.003730208790481871,2602.7428571428572,2573.6766666666667,67.59999999999991,2.632603785341534,12,4,-2.4492935982947064e-16,1.0,0
2025-12-08,2593.9,546.4,548.1999999999999,548.0033333333333,0.003558326801325766,2629.4714285714285,2601.036666666667,-3.400000000000091,-0.1309051707542483,12,4,-2.4492935982947064e-16,1.0,0
2025-12-09,2611.9,542.2,545.8,546.7199999999999,0.00272629824867697,2596.471428571429,2609.3533333333335,-23.5,-0.8917052439857328,12,4,-2.4492935982947064e-16,1.0,0
2025-12-10,2646.1,545.0,542.6,545.5833333333334,0.004789808964396377,2616.785714285714,2614.0899999999997,52.19999999999982,2.012413739928286,12,4,-2.4492935982947064e-16,1.0,0
2025-12-11,2621.4,541.6,544.5142857142857,544.3733333333333,0.003339098419150735,2642.5714285714284,2618.2166666666667,9.5,0.3637198973927026,12,4,-2.4492935982947064e-16,1.0,0
2025-12-12,2640.8,541.5,541.5857142857143,542.91,0.0028073513127480046,2624.171428571429,2627.43,-5.299999999999727,-0.2002947734401469,12,4,-2.4492935982947064e-16,1.0,0
2025-12-13,2590.2,537.2,540.8857142857142,542.44,0.003463020200023048,2633.5714285714284,2634.2366666666667,-31.200000000000273,-1.1902037079423313,12,4,-2.4492935982947064e-16,1.0,0
2025-12-14,2558.1,538.0,537.3142857142858,539.98,0.003889610659003609,2585.6142857142854,2615.3566666666666,-82.70000000000027,-3.131626779763718,12,4,-2.4492935982947064e-16,1.0,0
2025-12-15,2526.7,538.7,538.1,538.8066666666667,0.003405136109787671,2553.6142857142854,2592.5633333333335,-63.5,-2.451548143000541,12,4,-2.4492935982947064e-16,1.0,0
2025-12-16,2527.0,550.2,540.3428571428573,538.4,0.004289840121075222,2526.742857142857,2556.2266666666665,-31.09999999999991,-1.2157460615300384,12,4,-2.4492935982947064e-16,1.0,0
2025-12-17,2553.5,549.5,550.1000000000001,542.6833333333333,0.010643619867681307,2530.785714285714,2537.1133333333332,26.800000000000182,1.0606720227965403,12,4,-2.4492935982947064e-16,1.0,0
2025-12-18,2564.5,546.5,549.0714285714286,546.3933333333334,0.009455823979954387,2555.0714285714284,2536.993333333333,37.5,1.48397309062129,12,4,-2.4492935982947064e-16,1.0,0
2025-12-19,2518.0,549.0,546.8571428571429,548.6933333333333,0.00293361460873326,2557.8571428571427,2548.0333333333333,-35.5,-1.3902486782847072,12,4,-2.4492935982947064e-16,1.0,0
2025-12-20,2534.0,553.2,549.6,548.4566666666667,0.002903366037015985,2520.285714285714,2544.6833333333334,-30.5,-1.1893156560733087,12,4,-2.4492935982947064e-16,1.0,0
2025-12-21,2537.6,549.7,552.7,549.6733333333334,0.00500555046163472,2534.5142857142855,2537.936666666667,19.59999999999991,0.7783955520254133,12,4,-2.4492935982947064e-16,1.0,0
2025-12-22,2567.3,555.4,550.5142857142857,550.8466666666667,0.0036921458576551444,2541.8428571428567,2531.51,33.30000000000018,1.3141278610891942,12,4,-2.4492935982947064e-16,1.0,0
2025-12-23,2568.4,551.8,554.8857142857142,552.7199999999999,0.0043279459928846215,2567.457142857143,2547.446666666667,30.800000000000182,1.2137452711223276,12,4,-2.4492935982947064e-16,1.0,0
2025-12-24,2585.1,559.6,552.9142857142857,552.63,0.00486317842244136,2570.785714285714,2559.35,17.799999999999727,0.693335410742793,12,4,-2.4492935982947064e-16,1.0,0
2025-12-25,2575.6,560.5,559.7285714285715,555.77,0.006050323494928813,2583.742857142857,2573.8766666666666,7.199999999999818,0.2803301666407031,12,4,-2.4492935982947064e-16,1.0,0
2025-12-26,2570.2,557.0,560.0,557.4733333333334,0.006881100505738069,2574.828571428571,2576.4266666666663,-14.900000000000091,-0.5763800239836019,12,4,-2.4492935982947064e-16,1.0,0
2025-12-27,2588.2,553.3,556.4714285714285,558.8233333333334,0.003277696632284716,2572.7714285714283,2577.0699999999997,12.599999999999909,0.48920639850908176,12,4,-2.4492935982947064e-16,1.0,0
2025-12-28,2617.5,553.9,553.3857142857142,556.7133333333334,0.00531909814951799,2592.3857142857137,2579.3966666666665,47.30000000000018,1.8403237102171108,12,4,-2.4492935982947064e-16,1.0,0
2025-12-29,2631.3,550.4,553.4,554.5133333333334,0.0031955094939671966,2619.4714285714285,2594.0033333333336,43.100000000000364,1.6652499806815688,12,4,-2.4492935982947064e-16,1.0,0
2025-12-30,2577.5,553.9,550.9,552.5533333333333,0.002838422991272582,2623.6142857142854,2611.976666666667,-40.0,-1.5281757402101241,12,4,-2.4492935982947064e-16,1.0,0
2025-12-31,2615.1,552.6,553.7142857142857,552.69,0.0030101484216671194,2582.871428571428,2608.686666666667,-16.200000000000273,-0.6156652605176253,12,4,-2.4492935982947064e-16,1.0,0
2026-01-01,2599.4,551.5,552.4428571428572,552.3366666666666,0.0025952703457793485,2612.8571428571427,2606.9033333333336,21.90000000000009,0.8496605237633401,1,1,0.49999999999999994,0.8660254037844387,0
2026-01-02,2537.2,556.6,552.2285714285714,552.7566666666667,0.0021919848065458996,2590.514285714286,2595.99,-77.90000000000009,-2.978853581125008,1,1,0.49999999999999994,0.8660254037844387,0
2026-01-03,2507.0,552.3,555.9857142857144,553.5566666666667,0.0040357448186448775,2532.8857142857137,2580.2966666666666,-92.40000000000009,-3.554666461491117,1,1,0.49999999999999994,0.8660254037844387,0
2026-01-04,2483.4,547.6,551.6285714285714,553.3366666666666,0.0045088084320531446,2503.628571428572,2544.0,-53.79999999999973,-2.1204477376635555,1,1,0.49999999999999994,0.8660254037844387,0
2026-01-05,2491.9,543.9,547.0714285714286,551.7433333333333,0.007128215063037287,2484.6142857142854,2507.6900000000005,-15.099999999999909,-0.6023135221380099,1,1,0.49999999999999994,0.8660254037844387,0
2026-01-06,2466.2,548.3,544.5285714285714,547.8,0.006204422678959713,2488.2285714285717,2492.74,-17.200000000000273,-0.6925988564065504,1,1,0.49999999999999994,0.8660254037844387,0
2026-01-07,2479.5,549.7,548.5,546.67,0.003725132940424775,2468.0999999999995,2480.3700000000003,-12.400000000000091,-0.4976122637345034,1,1,0.49999999999999994,0.8660254037844387,0
2026-01-08,2479.6,545.0,549.0285714285715,547.3366666666666,0.004512297131028764,2479.5142857142855,2478.7900000000004,13.400000000000091,0.5433460384397085,1,1,0.49999999999999994,0.8660254037844387,0
2026-01-09,2531.7,541.0,544.4285714285714,547.4233333333334,0.00427378057121195,2487.042857142857,2477.2833333333333,52.19999999999982,2.1052631578947296,1,1,0.49999999999999994,0.8660254037844387,0
2026-01-10,2542.2,540.7,540.9571428571428,544.9333333333333,0.006617962142918411,2533.2,2499.023333333333,62.59999999999991,2.5246007420551666,1,1,0.49999999999999994,0.8660254037844387,0
2026-01-11,2570.2,550.0,542.0285714285715,542.4,0.004425573369735737,2546.2,2520.853333333333,38.5,1.5207173045779516,1,1,0.49999999999999994,0.8660254037844387,0
2026-01-12,2547.6,543.8,549.1142857142858,543.9933333333333,0.008005059269918388,2566.9714285714285,2548.563333333333,5.400000000000091,0.21241444418220798,1,1,0.49999999999999994,0.8660254037844387,0
2026-01-13,2575.3,545.7,544.0714285714286,545.0,0.007076104335319317,2551.557142857143,2554.4366666666665,5.100000000000364,0.19842813788811625,1,1,0.49999999999999994,0.8660254037844387,0
2026-01-14,2560.5,541.4,545.0857142857143,546.2133333333334,0.0049627796638486415,2573.1857142857143,2564.0433333333335,12.900000000000091,0.5063589260480488,1,1,0.49999999999999994,0.8660254037844387,0
2026-01-15,2583.4,535.2,540.5142857142857,543.3466666666667,0.004343132571670557,2563.7714285714287,2562.326666666667,8.099999999999909,0.31452646293635333,1,1,0.49999999999999994,0.8660254037844387,0
2026-01-16,2597.8,540.8,536.0000000000001,540.6033333333334,0.007923754615945446,2585.457142857143,2573.816666666667,37.30000000000018,1.4567467291544691,1,1,0.49999999999999994,0.8660254037844387,0
2026-01-17,2563.7,540.2,540.7142857142857,539.0933333333334,0.0052219137003429355,2592.9285714285716,2580.673333333333,-19.700000000000273,-0.7625609661686256,1,1,0.49999999999999994,0.8660254037844387,0
2026-01-18,2608.6,543.0,540.6000000000001,538.9933333333333,0.004783266345757046,2570.1142857142854,2582.4733333333334,10.799999999999727,0.41573639233196263,1,1,0.49999999999999994,0.8660254037844387,0
2026-01-19,2583.0,547.9,543.7,541.57,0.0031542100489574034,2604.942857142857,2589.54,19.300000000000182,0.7528181924562228,1,1,0.49999999999999994,0.8660254037844387,0
2026-01-20,2623.7,546.8,547.7428571428571,543.92,0.0059103764140174975,2588.8142857142857,2587.1,15.099999999999909,0.5788545580004565,1,1,0.49999999999999994,0.8660254037844387,0
2026-01-21,2640.7,546.2,546.7142857142857,546.0066666666667,0.003780110632372195,2626.128571428571,2606.17,57.69999999999982,2.2338366240805194,1,1,0.49999999999999994,0.8660254037844387,0
2026-01-22,2632.3,548.0,546.4571428571429,546.9699999999999,0.0013176292648520672,2639.5,2617.443333333333,8.600000000000364,0.3277813774440814,1,1,0.49999999999999994,0.8660254037844387,0
2026-01-23,2617.5,547.3,547.9,547.0166666666667,0.0013931342709972022,2630.1857142857143,2632.0266666666666,-23.199999999999818,-0.8785549286174051,1,1,0.49999999999999994,0.8660254037844387,0
2026-01-24,2564.3,549.1,547.5571428571428,547.2633333333334,0.0014786429615560206,2609.9,2627.62,-68.0,-2.5832921779432434,1,1,0.49999999999999994,0.8660254037844387,0
2026-01-25,2535.5,542.4,548.1428571428571,547.9466666666667,0.0023546282679986806,2560.1857142857143,2601.473333333334,-82.0,-3.132760267430754,1,1,0.49999999999999994,0.8660254037844387,0
2026-01-26,2501.6,539.5,541.9857142857143,546.0066666666667,0.0057229240845404275,2530.657142857143,2568.5699999999997,-62.70000000000027,-2.445111726397078,1,1,0.49999999999999994,0.8660254037844387,0
2026-01-27,2488.5,540.2,539.6,543.37,0.007367199452037531,2499.7285714285713,2531.2733333333335,-47.0,-1.8536777755866694,1,1,0.49999999999999994,0.8660254037844387,0
2026-01-28,2491.9,539.9,540.157142857143,540.6166666666667,0.002261332239496473,2488.9857142857145,2507.08,-9.699999999999818,-0.3877518388231459,1,1,0.49999999999999994,0.8660254037844387,0
2026-01-29,2528.2,547.2,540.9428571428572,540.1233333333333,0.0025295413550856195,2497.0857142857144,2494.8866666666668,39.69999999999982,1.5953385573638665,1,1,0.49999999999999994,0.8660254037844387,0
2026-01-30,2502.6,546.0,547.0285714285716,542.6266666666667,0.006382837188281051,2524.542857142857,2503.3366666666666,10.699999999999818,0.4293912275773433,1,1,0.49999999999999994,0.8660254037844387,0
2026-01-31,2515.3,543.1,545.5857142857143,544.4733333333334,0.005785670345815867,2504.4142857142856,2508.3466666666664,-12.899999999999636,-0.510244442686482,1,1,0.49999999999999994,0.8660254037844387,0
2026-02-01,2545.1,544.0,543.2285714285715,545.3266666666666,0.0031845325459161815,2519.557142857143,2515.93,42.5,1.698233836809718,2,1,0.8660254037844386,0.5000000000000001,0
2026-02-02,2572.8,541.7,543.6714285714286,544.2233333333334,0.0023613637209184525,2549.057142857143,2523.3399999999997,57.5,2.286009621118753,2,1,0.8660254037844386,0.5000000000000001,0
2026-02-03,2574.9,545.2,542.2,543.0033333333333,0.0019293656877880344,2573.1,2546.3866666666668,29.800000000000182,1.1708773722054215,2,1,0.8660254037844386,0.5000000000000001,0
2026-02-04,2535.5,542.0,544.7428571428571,543.5666666666667,0.002768347919125831,2569.2714285714287,2563.946666666667,-37.30000000000018,-1.4497823383084647,2,1,0.8660254037844386,0.5000000000000001,0
2026-02-05,2533.7,549.9,543.1285714285715,543.24,0.00373661777672251,2535.2428571428572,2559.763333333334,-41.20000000000027,-1.6000621383354798,2,1,0.8660254037844386,0.5000000000000001,0
2026-02-06,2546.4,555.8,550.7428571428571,546.0533333333334,0.006917813954402793,2535.5142857142855,2547.0833333333335,10.900000000000091,0.42989548412542267,2,1,0.8660254037844386,0.5000000000000001,0
2026-02-07,2536.3,557.8,556.0857142857142,549.76,0.010528689016496943,2544.957142857143,2538.5599999999995,2.600000000000364,0.10261672652643818,2,1,0.8660254037844386,0.5000000000000001,0
2026-02-08,2541.3,557.4,557.742857142857,554.75,0.006013864449779008,2537.014285714286,2539.0533333333337,-5.099999999999909,-0.20028275212063731,2,1,0.8660254037844386,0.5000000000000001,0
2026-02-09,2478.0,560.1,557.7857142857142,557.1433333333333,0.0018241437481284985,2532.2571428571428,2539.0533333333337,-58.30000000000018,-2.2986239798131205,2,1,0.8660254037844386,0.5000000000000001,0
2026-02-10,2472.5,568.3,561.2714285714286,558.7833333333333,0.0038718109667130796,2477.214285714286,2516.406666666667,-68.80000000000018,-2.707275803722511,2,1,0.8660254037844386,0.5000000000000001,0
2026-02-11,2462.5,576.3,569.4428571428571,562.5633333333334,0.009443107938726974,2471.0714285714284,2494.64,-15.5,-0.6255044390637611,2,1,0.8660254037844386,0.5000000000000001,0
2026-02-12,2448.8,575.7,576.2142857142857,568.7533333333334,0.011743647604350246,2460.542857142857,2470.0266666666666,-23.699999999999818,-0.9585439838220352,2,1,0.8660254037844386,0.5000000000000001,0
2026-02-13,2454.1,570.5,574.9571428571429,573.5066666666667,0.006304824818366904,2449.557142857143,2460.6533333333336,-8.400000000000091,-0.34111675126903923,2,1,0.8660254037844386,0.5000000000000001,0
2026-02-14,2439.0,570.2,570.4571428571429,573.9633333333334,0.004726328412853053,2451.942857142857,2454.35,-9.800000000000182,-0.4001960143743949,2,1,0.8660254037844386,0.5000000000000001,0
2026-02-15,2449.5,563.1,569.1857142857144,571.7133333333333,0.005185241347000234,2440.5,2447.3233333333333,-4.599999999999909,-0.1874414245548229,2,1,0.8660254037844386,0.5000000000000001,0
2026-02-16,2455.9,568.6,563.8857142857144,567.8700000000001,0.006070320228433864,2450.414285714286,2447.593333333333,16.90000000000009,0.6929069290692944,2,1,0.8660254037844386,0.5000000000000001,0
2026-02-17,2483.5,570.5,568.8714285714286,567.31,0.005469646603234393,2459.842857142857,2449.616666666667,34.0,1.3880383751786078,2,1,0.8660254037844386,0.5000000000000001,0
2026-02-18,2496.6,570.1,570.4428571428572,567.6333333333334,0.005499124782344071,2485.371428571428,2464.536666666667,40.69999999999982,1.657233600716634,2,1,0.8660254037844386,0.5000000000000001,0
2026-02-19,2518.9,572.4,570.4285714285714,569.86,0.0016426772807221152,2499.785714285714,2480.766666666667,35.40000000000009,1.425407690759013,2,1,0.8660254037844386,0.5000000000000001,0
2026-02-20,2486.8,573.6,572.5714285714286,571.1033333333334,0.0019614414319120473,2514.3142857142857,2499.7766666666666,-9.799999999999727,-0.39253384603059066,2,1,0.8660254037844386,0.5000000000000001,0
2026-02-21,2471.5,574.1,573.6714285714286,572.1666666666666,0.002581463118786933,2484.6142857142854,2499.93,-47.40000000000009,-1.881773790146496,2,1,0.8660254037844386,0.5000000000000001,0
2026-02-22,2489.0,569.6,573.4571428571429,573.2733333333333,0.0017219284197630934,2474.0,2491.4033333333336,2.199999999999818,0.08846710632136955,2,1,0.8660254037844386,0.5000000000000001,0
2026-02-23,2468.9,568.0,569.3714285714286,572.2466666666666,0.003824650719690904,2486.128571428572,2481.836666666667,-2.599999999999909,-0.10519927169734611,2,1,0.8660254037844386,0.5000000000000001,0
2026-02-24,2457.1,563.0,567.2857142857143,570.1966666666666,0.005052905012202341,2467.214285714286,2475.9866666666667,-31.90000000000009,-1.2816392125351583,2,1,0.8660254037844386,0.5000000000000001,0
2026-02-25,2443.1,551.3,561.3285714285714,566.2566666666667,0.007039180035623705,2455.1,2470.1366666666668,-25.800000000000182,-1.0449997974806666,2,1,0.8660254037844386,0.5000000000000001,0
2026-02-26,2470.4,549.8,551.0857142857142,560.16,0.012950622623379789,2447.0,2456.4166666666665,13.300000000000182,0.5412885108461268,2,1,0.8660254037844386,0.5000000000000001,0
2026-02-27,2441.2,556.6,550.7714285714285,554.4866666666666,0.010472955430258269,2466.2285714285717,2456.3366666666666,-1.900000000000091,-0.07777004625271544,2,1,0.8660254037844386,0.5000000000000001,0
2026-02-28,2445.2,560.7,557.1857142857143,552.88,0.005978735112162717,2441.7714285714283,2451.6366666666663,-25.200000000000273,-1.020077720207265,2,1,0.8660254037844386,0.5000000000000001,0
2026-03-01,2411.9,559.0,560.4571428571429,556.0066666666667,0.00803955912580872,2440.442857142857,2450.3166666666666,-29.299999999999727,-1.2002293953793106,3,1,1.0,6.123233995736766e-17,0
2026-03-02,2400.6,558.1,558.8714285714286,558.8166666666667,0.0029822356448542015,2410.285714285714,2431.4133333333334,-44.59999999999991,-1.8239816783903122,3,1,1.0,6.123233995736766e-17,0
2026-03-03,2398.7,558.3,558.1285714285715,559.1866666666667,0.001923626086639769,2400.328571428571,2417.6833333333334,-13.200000000000273,-0.5472863717401332,3,1,1.0,6.123233995736766e-17,0
2026-03-04,2380.9,553.2,557.5714285714286,558.2733333333333,0.0018459506020947454,2396.157142857143,2402.7,-19.699999999999818,-0.8206281762892534,3,1,1.0,6.123233995736766e-17,0
2026-03-05,2328.3,557.8,553.8571428571429,556.5233333333333,0.004299218760381001,2373.3857142857146,2390.99,-70.39999999999964,-2.9349230833367925,3,1,1.0,6.123233995736766e-17,0
2026-03-06,2320.8,547.4,556.3142857142857,556.0699999999999,0.005088902746149458,2327.2285714285717,2366.7033333333334,-60.09999999999991,-2.5242555336217354,3,1,1.0,6.123233995736766e-17,0
2026-03-07,2319.3,543.4,546.8285714285714,552.4733333333334,0.008424384604007669,2320.5857142857144,2341.28,-9.0,-0.38654812524159254,3,1,1.0,6.123233995736766e-17,0
2026-03-08,2357.7,546.0,543.7714285714285,549.14,0.010929168250476847,2324.7857142857147,2323.7799999999997,36.899999999999636,1.5899689762150824,3,1,1.0,6.123233995736766e-17,0
2026-03-09,2317.8,544.7,545.8142857142857,545.51,0.003039491939988325,2352.0,2332.5,-1.5,-0.0646746863277713,3,1,1.0,6.123233995736766e-17,0
2026-03-10,2330.3,542.6,544.4,544.6733333333333,0.0020596972427146883,2319.5857142857144,2331.9666666666667,-27.399999999999636,-1.1621495525299927,3,1,1.0,6.123233995736766e-17,0
2026-03-11,2378.8,545.8,543.0571428571428,544.4266666666667,0.002603852716516842,2337.2285714285717,2335.9700000000003,61.0,2.6318060229527998,3,1,1.0,6.123233995736766e-17,0
2026-03-12,2374.3,544.4,545.5999999999999,544.3566666666667,0.0024776718144799963,2378.1571428571433,2344.1833333333334,44.0,1.888168905291164,3,1,1.0,6.123233995736766e-17,0
2026-03-13,2358.7,544.6,544.4285714285713,544.3333333333334,0.0023798625315010506,2372.0714285714284,2362.0800000000004,-20.100000000000364,-0.8449638473179908,3,1,1.0,6.123233995736766e-17,0
2026-03-14,2346.3,539.1,543.8142857142858,544.7099999999999,0.002241886624301042,2356.9285714285716,2369.516666666667,-28.0,-1.179294950090553,3,1,1.0,6.123233995736766e-17,0
2026-03-15,2344.8,541.1,539.3857142857144,542.5899999999999,0.004765691870726252,2346.0857142857144,2358.7833333333333,-13.899999999999636,-0.5893076694789349,3,1,1.0,6.123233995736766e-17,0
2026-03-16,2375.5,537.6,540.6,541.3666666666667,0.004343767188873571,2349.1857142857148,2350.4933333333333,29.199999999999818,1.2445126369176924,3,1,1.0,6.123233995736766e-17,0
2026-03-17,2331.9,539.3,537.8428571428573,539.2733333333333,0.002703452065762023,2369.2714285714287,2355.0533333333337,-12.900000000000091,-0.5501535312180182,3,1,1.0,6.123233995736766e-17,0
2026-03-18,2312.1,541.0,539.5428571428571,539.33,0.0026874293945992225,2329.0714285714284,2349.6433333333334,-63.40000000000009,-2.6689118080404164,3,1,1.0,6.123233995736766e-17,0
2026-03-19,2256.8,543.0,541.2857142857143,539.48,0.0028306679273101326,2304.2,2335.8766666666666,-75.09999999999991,-3.2205497662849996,3,1,1.0,6.123233995736766e-17,0
2026-03-20,2232.7,549.6,543.9428571428572,541.4433333333333,0.003971181472896773,2253.357142857143,2296.96,-79.40000000000009,-3.434107521300986,3,1,1.0,6.123233995736766e-17,0
2026-03-21,2203.5,548.8,549.4857142857143,544.7933333333333,0.0068913245473690085,2228.5285714285715,2263.5800000000004,-53.30000000000018,-2.3617511520737406,3,1,1.0,6.123233995736766e-17,0
2026-03-22,2157.8,544.6,548.1999999999999,547.1866666666666,0.005352001085443525,2196.9714285714285,2227.7,-74.89999999999964,-3.354682671205251,3,1,1.0,6.123233995736766e-17,0
2026-03-23,2204.3,544.1,544.5285714285715,547.4833333333333,0.004185013498650646,2164.4428571428575,2197.0533333333337,0.8000000000001819,0.036305877013849866,3,1,1.0,6.123233995736766e-17,0
2026-03-24,2256.8,550.5,545.0142857142857,545.89,0.0041123570514725065,2211.8,2190.31,99.0,4.588006302715729,3,1,1.0,6.123233995736766e-17,0
2026-03-25,2236.6,550.3,550.4714285714285,546.59,0.0055230276790319555,2253.914285714286,2208.9266666666667,32.29999999999973,1.465317787959884,3,1,1.0,6.123233995736766e-17,0
2026-03-26,2245.0,556.1,551.1285714285714,548.7,0.005892921275604133,2237.8,2233.9233333333336,-11.800000000000182,-0.5228642325416599,3,1,1.0,6.123233995736766e-17,0
2026-03-27,2218.1,561.6,556.8857142857144,552.67,0.005780150495997896,2241.157142857143,2244.8433333333332,-18.5,-0.8271483501743719,3,1,1.0,6.123233995736766e-17,0
2026-03-28,2235.4,567.5,562.4428571428572,556.5733333333334,0.009005192214116125,2220.5714285714284,2233.1933333333336,-9.599999999999909,-0.42761692650333677,3,1,1.0,6.123233995736766e-17,0
2026-03-29,2234.6,565.4,567.1999999999999,562.0433333333333,0.008285520779269247,2235.285714285714,2232.4866666666667,16.5,0.7438798972093233,3,1,1.0,6.123233995736766e-17,0
2026-03-30,2243.4,575.4,566.8285714285714,565.2933333333333,0.00543474717187668,2235.8571428571427,2230.21,8.0,0.3578777847365125,3,1,1.0,6.123233995736766e-17,0
2026-03-31,2242.7,578.0,575.7714285714285,569.7833333333333,0.00812832383326116,2243.3,2238.0433333333335,8.099999999999909,0.36248098093618136,3,1,1.0,6.123233995736766e-17,0
2026-04-01,2239.9,572.8,577.2571428571429,573.1800000000001,0.009313941454337244,2242.2999999999997,2240.4100000000003,-3.5,-0.15601319425871443,4,2,0.8660254037844387,-0.4999999999999998,0
2026-04-02,2221.1,564.0,571.5428571428571,575.0200000000001,0.005215490472213942,2237.214285714286,2241.2566666666667,-21.59999999999991,-0.9631248049226339,4,2,0.8660254037844387,-0.4999999999999998,0
2026-04-03,2245.2,564.2,564.0285714285714,571.1399999999999,0.010327975466405027,2224.542857142857,2234.65,5.299999999999727,0.23661770614758368,4,2,0.8660254037844387,-0.4999999999999998,0
2026-04-04,2272.1,565.1,564.3285714285715,566.7433333333333,0.007124434630899708,2249.042857142857,2236.4733333333334,51.0,2.296159560578092,4,2,0.8660254037844387,-0.4999999999999998,0
2026-04-05,2264.8,570.4,565.8571428571429,564.6466666666668,0.00210360280392543,2271.057142857143,2247.5899999999997,19.600000000000364,0.8729734544806862,4,2,0.8660254037844387,-0.4999999999999998,0
2026-04-06,2269.8,565.3,569.6714285714286,566.6033333333332,0.004865829620882542,2265.514285714286,2261.5199999999995,-2.299999999999727,-0.10122793891112747,4,2,0.8660254037844387,-0.4999999999999998,0
2026-04-07,2249.1,562.7,564.9285714285713,566.8533333333332,0.004572602112566842,2266.842857142857,2268.133333333333,-15.700000000000273,-0.6932179441893443,4,2,0.8660254037844387,-0.4999999999999998,0
2026-04-08,2222.5,571.2,563.9142857142858,566.16,0.005814900656371128,2245.3,2259.8233333333333,-47.30000000000018,-2.083884042646937,4,2,0.8660254037844387,-0.4999999999999998,0
2026-04-09,2270.6,566.4,570.5142857142857,566.4366666666667,0.006375019295360815,2229.371428571428,2247.1600000000003,21.5,0.9559379307278468,4,2,0.8660254037844387,-0.4999999999999998,0
2026-04-10,2238.4,563.6,565.9999999999999,566.7966666666667,0.00618790058312876,2266.0,2247.0433333333335,15.900000000000091,0.7154105736782943,4,2,0.8660254037844387,-0.4999999999999998,0
2026-04-11,2269.5,562.0,563.3714285714286,566.76,0.005686595827642447,2242.842857142857,2245.4,-1.099999999999909,-0.04844534484276883,4,2,0.8660254037844387,-0.4999999999999998,0
2026-04-12,2284.7,571.2,563.3142857142857,564.16,0.003956859833311638,2271.6714285714284,2259.9700000000003,46.29999999999973,2.0684417441029184,4,2,0.8660254037844387,-0.4999999999999998,0
2026-04-13,2316.2,575.8,571.8571428571429,566.0066666666667,0.007889473831919371,2289.2,2266.7933333333335,46.69999999999982,2.057721965190563,4,2,0.8660254037844387,-0.4999999999999998,0
2026-04-14,2341.5,577.1,575.9857142857143,570.17,0.010176486169648183,2319.8142857142857,2292.5333333333333,56.80000000000018,2.4861032082986907,4,2,0.8660254037844387,-0.4999999999999998,0
