date,canonical_port,portcalls_dry_bulk,portcalls_total,import_cargo_mt,export_cargo_mt,dry_bulk_calls_7d_avg,dry_bulk_calls_30d_avg,derived_congestion_index,est_waiting_days
2019-01-01,DHAMRA,1,1,48.8839406002074,0.0,1.0,1.0,0.5,2.25
2019-01-02,DHAMRA,1,1,0.0,0.0,1.0,1.0,0.5,2.25
2019-01-03,DHAMRA,0,0,0.0,0.0,0.6666666666666666,0.6666666666666666,0.5,2.25
2019-01-04,DHAMRA,0,0,0.0,0.0,0.5,0.5,0.5,2.25
2019-01-05,DHAMRA,1,1,0.0,2.27060739556803,0.6,0.6,0.5,2.25
2019-01-06,DHAMRA,0,0,0.0,0.0,0.5,0.5,0.5,2.25
2019-01-07,DHAMRA,3,3,49.7529884331,37.6976238716424,0.8571428571428571,0.8571428571428571,0.5,2.25
2019-01-08,DHAMRA,1,1,45.6967810892693,0.0,0.8571428571428571,0.875,0.49234753636589823,2.215563913646542
2019-01-09,DHAMRA,1,1,9.57550227042931,0.0,0.8571428571428571,0.8888888888888888,0.48661034494929345,2.1897465522718207
2019-01-10,DHAMRA,1,1,50.8547891669348,0.0,1.0,0.9,0.5415704832167999,2.4370671744755996
2019-01-11,DHAMRA,1,1,6.4771143349478395,0.0,1.1428571428571428,0.9090909090909091,0.5952505765163524,2.6786275943235855
2019-01-12,DHAMRA,2,2,127.001557453732,0.0,1.2857142857142858,1.0,0.6055324872205857,2.724896192492636
2019-01-13,DHAMRA,0,0,0.0,0.0,1.2857142857142858,0.9230769230769231,0.6432012386059679,2.8944055737268557
2019-01-14,DHAMRA,0,0,0.0,0.0,0.8571428571428571,0.8571428571428571,0.5,2.25
2019-01-15,DHAMRA,1,1,0.0,3.8854442189154503,0.8571428571428571,0.8666666666666667,0.495879214182326,2.231456463820467
2019-01-16,DHAMRA,0,0,0.0,0.0,0.7142857142857143,0.8125,0.4547941126718075,2.0465735070231337
2019-01-17,DHAMRA,0,0,0.0,0.0,0.5714285714285714,0.7647058823529411,0.40633894781827296,1.8285252651822284
2019-01-18,DHAMRA,1,1,0.0,0.0,0.5714285714285714,0.7777777777777778,0.40180276654345565,1.8081124494455505
2019-01-19,DHAMRA,2,2,0.0,10.8200659122771,0.5714285714285714,0.8421052631578947,0.381746248555575,1.7178581185000874
2019-01-20,DHAMRA,0,0,0.0,0.0,0.5714285714285714,0.8,0.3944675127794143,1.7751038075073642
2019-01-21,DHAMRA,1,1,0.0,19.8733355550102,0.7142857142857143,0.8095238095238095,0.4559964896748816,2.0519842035369673
2019-01-22,DHAMRA,0,0,0.0,0.0,0.5714285714285714,0.7727272727272727,0.4035352495336593,1.815908622901467
2019-01-23,DHAMRA,1,1,0.0,0.0,0.7142857142857143,0.782608695652174,0.46730860884624403,2.102888739808098
2019-01-24,DHAMRA,0,0,0.0,0.0,0.7142857142857143,0.75,0.48215044559386533,2.169677005172394
2019-01-25,DHAMRA,0,0,0.0,0.0,0.5714285714285714,0.72,0.4232309758150566,1.9045393911677546
2019-01-26,DHAMRA,0,0,0.0,0.0,0.2857142857142857,0.6923076923076923,0.29298046105549375,1.3184120747497219
2019-01-27,DHAMRA,1,1,6.0021894831190705,13.000241103306701,0.42857142857142855,0.7037037037037037,0.35744609020451484,1.6085074059203168
2019-01-28,DHAMRA,0,0,0.0,0.0,0.2857142857142857,0.6785714285714286,0.2955829542851437,1.3301232942831467
2019-01-29,DHAMRA,1,1,25.2815650632506,0.0,0.42857142857142855,0.6896551724137931,0.3617314248336549,1.627791411751447
2019-01-30,DHAMRA,3,3,53.4153639146843,43.302988547945404,0.7142857142857143,0.7666666666666667,0.47440128348604355,2.134805775687196
2019-01-31,DHAMRA,1,1,0.0,34.545565645035104,0.8571428571428571,0.7666666666666667,0.5441394571844889,2.4486275573302
2019-02-01,DHAMRA,1,1,2.07247663138575,0.0,1.0,0.7666666666666667,0.6121887123277204,2.7548492054747418
2019-02-02,DHAMRA,1,1,35.7412529457664,0.0,1.1428571428571428,0.8,0.6553990357712653,2.949295660970694
2019-02-03,DHAMRA,1,1,0.0,11.3747641291355,1.1428571428571428,0.8333333333333334,0.6357911951701146,2.861060378265516
2019-02-04,DHAMRA,2,2,51.0288002760336,0.0,1.4285714285714286,0.8666666666666667,0.7256229899299018,3.2653034546845583
2019-02-05,DHAMRA,1,1,2.35437041622784,0.0,1.4285714285714286,0.9,0.7070195389445062,3.1815879252502777
2019-02-06,DHAMRA,0,0,0.0,0.0,1.0,0.8,0.5926665999540697,2.6669996997933136
2019-02-07,DHAMRA,0,0,0.0,0.0,0.8571428571428571,0.7666666666666667,0.5441394571844889,2.4486275573302
2019-02-08,DHAMRA,2,2,21.7077950324731,34.103805571020295,1.0,0.8,0.5926665999540697,2.6669996997933136
2019-02-09,DHAMRA,1,1,44.166003833246,0.0,1.0,0.8,0.5926665999540697,2.6669996997933136
2019-02-10,DHAMRA,2,2,32.4625679172093,38.4445631314794,1.1428571428571428,0.8333333333333334,0.6357911951701146,2.861060378265516
2019-02-11,DHAMRA,1,1,0.0,6.47589338515501,1.0,0.8,0.5926665999540697,2.6669996997933136
2019-02-12,DHAMRA,1,1,0.0,32.9922941197618,1.0,0.8333333333333334,0.574442516811659,2.5849913256524655
2019-02-13,DHAMRA,2,2,0.0,13.7978832211435,1.2857142857142858,0.9,0.6553990357712653,2.949295660970694
2019-02-14,DHAMRA,0,0,0.0,0.0,1.2857142857142858,0.8666666666666667,0.6737674882875564,3.0319536972940035
2019-02-15,DHAMRA,0,0,0.0,0.0,1.0,0.8666666666666667,0.5574376329113073,2.508469348100883
2019-02-16,DHAMRA,0,0,0.0,0.0,0.8571428571428571,0.8666666666666667,0.495879214182326,2.231456463820467
2019-02-17,DHAMRA,2,2,55.474312109737596,0.0,0.8571428571428571,0.9,0.48215044559386533,2.169677005172394
2019-02-18,DHAMRA,0,0,0.0,0.0,0.7142857142857143,0.8333333333333334,0.44663262720034713,2.009846822401562
2019-02-19,DHAMRA,0,0,0.0,0.0,0.5714285714285714,0.8333333333333334,0.384278175693148,1.729251790619166
2019-02-20,DHAMRA,1,1,0.0,13.7978832211435,0.42857142857142855,0.8333333333333334,0.325508295835916,1.464787331261622
2019-02-21,DHAMRA,0,0,0.0,0.0,0.42857142857142855,0.8333333333333334,0.325508295835916,1.464787331261622
2019-02-22,DHAMRA,1,1,48.2598785118745,0.0,0.5714285714285714,0.8333333333333334,0.384278175693148,1.729251790619166
2019-02-23,DHAMRA,1,1,0.0,0.0,0.7142857142857143,0.8666666666666667,0.4344454746331393,1.9550046358491269
2019-02-24,DHAMRA,2,2,22.5074578380284,0.0,0.7142857142857143,0.9333333333333333,0.41288761607846486,1.8579942723530918
2019-02-25,DHAMRA,0,0,0.0,0.0,0.7142857142857143,0.9333333333333333,0.41288761607846486,1.8579942723530918
2019-02-26,DHAMRA,1,1,0.0,28.4312956381771,0.8571428571428571,0.9333333333333333,0.4694259472076499,2.1124167624344246
2019-02-27,DHAMRA,1,1,6.98840944335897,0.0,0.8571428571428571,0.9666666666666667,0.4576142859711148,2.059264286870017
2019-02-28,DHAMRA,0,0,0.0,0.0,0.8571428571428571,0.9333333333333333,0.4694259472076499,2.1124167624344246
2019-03-01,DHAMRA,1,1,0.0,4.74679593503952,0.8571428571428571,0.8666666666666667,0.495879214182326,2.231456463820467
2019-03-02,DHAMRA,0,0,0.0,0.0,0.7142857142857143,0.8333333333333334,0.44663262720034713,2.009846822401562
2019-03-03,DHAMRA,0,0,0.0,0.0,0.42857142857142855,0.8,0.33260453459539463,1.4967204056792758
2019-03-04,DHAMRA,0,0,0.0,0.0,0.42857142857142855,0.7666666666666667,0.3404048297802547,1.5318217340111462
2019-03-05,DHAMRA,1,1,0.0,0.0,0.42857142857142855,0.7666666666666667,0.3404048297802547,1.5318217340111462
2019-03-06,DHAMRA,0,0,0.0,0.0,0.2857142857142857,0.7,0.2915733127181288,1.3120799072315796
2019-03-07,DHAMRA,1,1,0.0,36.176514843879204,0.42857142857142855,0.7,0.35855700680362323,1.6135065306163046
2019-03-08,DHAMRA,3,3,0.0,49.8649344533056,0.7142857142857143,0.8,0.4599076870805793,2.069584591862607
2019-03-09,DHAMRA,1,1,24.7798157855829,0.0,0.8571428571428571,0.8333333333333334,0.5107126460737526,2.2982069073318865
2019-03-10,DHAMRA,1,1,0.0,0.0,1.0,0.8,0.5926665999540697,2.6669996997933136
2019-03-11,DHAMRA,0,0,0.0,0.0,1.0,0.7666666666666667,0.6121887123277204,2.7548492054747418
2019-03-12,DHAMRA,0,0,0.0,0.0,0.8571428571428571,0.7,0.5833971236320304,2.625287056344137
2019-03-13,DHAMRA,2,2,68.8459038808318,0.0,1.1428571428571428,0.7333333333333333,0.6979726489959158,3.140876920481621
2019-03-14,DHAMRA,1,1,53.576494032522405,0.0,1.1428571428571428,0.7333333333333333,0.6979726489959158,3.140876920481621
2019-03-15,DHAMRA,0,0,0.0,0.0,0.7142857142857143,0.6666666666666666,0.5267601195780712,2.3704205381013206
2019-03-16,DHAMRA,1,1,0.0,16.428231122706002,0.7142857142857143,0.7,0.5076524636341017,2.2844360863534576
2019-03-17,DHAMRA,0,0,0.0,0.0,0.5714285714285714,0.7,0.43155485130580784,1.9419968308761353
2019-03-18,DHAMRA,1,1,0.0,0.0,0.7142857142857143,0.7333333333333333,0.49026097218520404,2.2061743748334184
2019-03-19,DHAMRA,3,3,70.2787235066915,21.2688769364668,1.1428571428571428,0.7666666666666667,0.676125988345924,3.042566947556658
2019-03-20,DHAMRA,0,0,0.0,0.0,0.8571428571428571,0.7666666666666667,0.5441394571844889,2.4486275573302
2019-03-21,DHAMRA,0,0,0.0,0.0,0.7142857142857143,0.7666666666666667,0.47440128348604355,2.134805775687196
2019-03-22,DHAMRA,0,0,0.0,0.0,0.7142857142857143,0.7333333333333333,0.49026097218520404,2.2061743748334184
2019-03-23,DHAMRA,0,0,0.0,0.0,0.5714285714285714,0.7333333333333333,0.41795625573711515,1.8808031508170182
2019-03-24,DHAMRA,1,1,21.4115089710061,0.0,0.7142857142857143,0.7333333333333333,0.49026097218520404,2.2061743748334184
2019-03-25,DHAMRA,0,0,0.0,2.27060739556803,0.5714285714285714,0.7,0.43155485130580784,1.9419968308761353
2019-03-26,DHAMRA,1,1,0.410080531984997,0.0,0.2857142857142857,0.6666666666666666,0.2979366301210704,1.3407148355448169
2019-03-27,DHAMRA,1,1,0.0,1.65712089597705,0.42857142857142855,0.7,0.35855700680362323,1.6135065306163046
2019-03-28,DHAMRA,0,0,0.0,0.0,0.42857142857142855,0.6666666666666666,0.3691851106220206,1.6613329977990927
2019-03-29,DHAMRA,1,1,15.8419474181395,0.0,0.5714285714285714,0.6666666666666666,0.44663262720034713,2.009846822401562
2019-03-30,DHAMRA,0,0,0.0,0.0,0.5714285714285714,0.6666666666666666,0.44663262720034713,2.009846822401562
2019-03-31,DHAMRA,2,2,0.0,41.3267376576478,0.7142857142857143,0.7,0.5076524636341017,2.2844360863534576
2019-04-01,DHAMRA,0,0,0.0,0.0,0.7142857142857143,0.7,0.5076524636341017,2.2844360863534576
2019-04-02,DHAMRA,1,1,0.0,40.5291,0.7142857142857143,0.7333333333333333,0.49026097218520404,2.2061743748334184
2019-04-03,DHAMRA,0,0,0.0,0.0,0.5714285714285714,0.7333333333333333,0.41795625573711515,1.8808031508170182
2019-04-04,DHAMRA,1,1,51.9125541166023,0.0,0.7142857142857143,0.7333333333333333,0.49026097218520404,2.2061743748334184
2019-04-05,DHAMRA,2,2,0.0,46.163775851142304,0.8571428571428571,0.8,0.5267601195780712,2.3704205381013206
2019-04-06,DHAMRA,1,1,0.0,0.0,1.0,0.8,0.5926665999540697,2.6669996997933136
2019-04-07,DHAMRA,0,0,0.0,0.0,0.7142857142857143,0.7,0.5076524636341017,2.2844360863534576
2019-04-08,DHAMRA,1,1,0.0,0.0,0.8571428571428571,0.7,0.5833971236320304,2.625287056344137
2019-04-09,DHAMRA,0,0,0.0,0.0,0.7142857142857143,0.6666666666666666,0.5267601195780712,2.3704205381013206
2019-04-10,DHAMRA,0,0,0.0,0.0,0.7142857142857143,0.6666666666666666,0.5267601195780712,2.3704205381013206
2019-04-11,DHAMRA,2,2,47.6313372333655,5.55610078860537,0.8571428571428571,0.7333333333333333,0.5629754755257897,2.533389639866054
2019-04-12,DHAMRA,1,1,0.0,0.0,0.7142857142857143,0.7,0.5076524636341017,2.2844360863534576
2019-04-13,DHAMRA,1,1,30.8258249783348,0.0,0.7142857142857143,0.7,0.5076524636341017,2.2844360863534576
2019-04-14,DHAMRA,0,0,0.0,0.0,0.7142857142857143,0.7,0.5076524636341017,2.2844360863534576
2019-04-15,DHAMRA,0,0,0.0,0.0,0.5714285714285714,0.6666666666666666,0.44663262720034713,2.009846822401562
2019-04-16,DHAMRA,1,1,30.8258249783348,0.0,0.7142857142857143,0.7,0.5076524636341017,2.2844360863534576
2019-04-17,DHAMRA,1,1,0.0,18.1111152232471,0.8571428571428571,0.7,0.5833971236320304,2.625287056344137
2019-04-18,DHAMRA,0,0,0.0,0.0,0.5714285714285714,0.6,0.48215044559386533,2.169677005172394
2019-04-19,DHAMRA,2,2,81.8614548840687,0.0,0.7142857142857143,0.6666666666666666,0.5267601195780712,2.3704205381013206
2019-04-20,DHAMRA,1,1,35.697389855381104,0.0,0.7142857142857143,0.7,0.5076524636341017,2.2844360863534576
2019-04-21,DHAMRA,0,0,0.0,0.0,0.7142857142857143,0.7,0.5076524636341017,2.2844360863534576
2019-04-22,DHAMRA,2,2,24.2794074208446,33.5281044004559,1.0,0.7666666666666667,0.6121887123277204,2.7548492054747418
2019-04-23,DHAMRA,0,0,0.0,0.0,0.8571428571428571,0.7333333333333333,0.5629754755257897,2.533389639866054
2019-04-24,DHAMRA,0,0,0.0,0.0,0.7142857142857143,0.7333333333333333,0.49026097218520404,2.2061743748334184
2019-04-25,DHAMRA,3,3,72.5739344948695,0.0,1.1428571428571428,0.8,0.6553990357712653,2.949295660970694
2019-04-26,DHAMRA,1,1,9.90022724205237,0.0,1.0,0.8,0.5926665999540697,2.6669996997933136
2019-04-27,DHAMRA,1,1,0.0,43.4329153054623,1.0,0.8333333333333334,0.574442516811659,2.5849913256524655
2019-04-28,DHAMRA,1,1,46.953578904660496,0.0,1.1428571428571428,0.8333333333333334,0.6357911951701146,2.861060378265516
2019-04-29,DHAMRA,1,1,0.0,8.62914285661314,1.0,0.8666666666666667,0.5574376329113073,2.508469348100883
2019-04-30,DHAMRA,0,0,0.0,0.0,1.0,0.8,0.5926665999540697,2.6669996997933136
2019-05-01,DHAMRA,0,0,0.0,0.0,1.0,0.8,0.5926665999540697,2.6669996997933136
2019-05-02,DHAMRA,0,0,0.0,0.0,0.5714285714285714,0.7666666666666667,0.4056476070907559,1.8254142319084017
2019-05-03,DHAMRA,0,0,0.0,0.0,0.42857142857142855,0.7666666666666667,0.3404048297802547,1.5318217340111462
2019-05-04,DHAMRA,0,0,0.0,0.0,0.2857142857142857,0.7333333333333333,0.2858584537102011,1.2863630416959049
2019-05-05,DHAMRA,2,2,45.5881655639217,19.738082387375403,0.42857142857142855,0.7333333333333333,0.3490138812211882,1.570562465495347
2019-05-06,DHAMRA,1,1,1.67179539605211,0.0,0.42857142857142855,0.7333333333333333,0.3490138812211882,1.570562465495347
2019-05-07,DHAMRA,3,3,49.6624997342728,0.698007633587796,0.8571428571428571,0.8333333333333334,0.5107126460737526,2.2982069073318865
2019-05-08,DHAMRA,1,1,25.3590877167914,0.0,1.0,0.8333333333333334,0.574442516811659,2.5849913256524655
2019-05-09,DHAMRA,0,0,0.0,0.0,1.0,0.8333333333333334,0.574442516811659,2.5849913256524655
2019-05-10,DHAMRA,2,2,79.4052860012669,0.0,1.2857142857142858,0.9,0.6553990357712653,2.949295660970694
2019-05-11,DHAMRA,1,1,0.0,1.10696519535636,1.4285714285714286,0.8666666666666667,0.7256229899299018,3.2653034546845583
2019-05-12,DHAMRA,1,1,46.982746132022704,0.0,1.2857142857142858,0.8666666666666667,0.6737674882875564,3.0319536972940035
2019-05-13,DHAMRA,0,0,0.0,0.0,1.1428571428571428,0.8333333333333334,0.6357911951701146,2.861060378265516
2019-05-14,DHAMRA,2,2,44.7781671671812,0.0,1.0,0.9,0.5415704832167999,2.4370671744755996
2019-05-15,DHAMRA,0,0,0.0,0.0,0.8571428571428571,0.9,0.48215044559386533,2.169677005172394
2019-05-16,DHAMRA,1,1,23.0154528704394,0.0,1.0,0.9,0.5415704832167999,2.4370671744755996
2019-05-17,DHAMRA,2,2,74.6659821191293,0.0,1.0,0.9333333333333333,0.5267601195780712,2.3704205381013206
2019-05-18,DHAMRA,1,1,44.2182728840859,0.0,1.0,0.9666666666666667,0.5129281522943221,2.308176685324449
2019-05-19,DHAMRA,1,1,106.34268279901599,0.0,1.0,0.9333333333333333,0.5267601195780712,2.3704205381013206
2019-05-20,DHAMRA,0,0,0.0,0.0,1.0,0.9,0.5415704832167999,2.4370671744755996
2019-05-21,DHAMRA,0,0,0.0,0.0,0.7142857142857143,0.9,0.4232309758150566,1.9045393911677546
2019-05-22,DHAMRA,0,0,0.0,0.0,0.7142857142857143,0.8333333333333334,0.44663262720034713,2.009846822401562
2019-05-23,DHAMRA,3,3,0.0,34.0602482224871,1.0,0.9333333333333333,0.5267601195780712,2.3704205381013206
2019-05-24,DHAMRA,0,0,0.0,0.0,0.7142857142857143,0.9333333333333333,0.41288761607846486,1.8579942723530918
2019-05-25,DHAMRA,2,2,48.5036347955802,35.3748293357744,0.8571428571428571,0.9,0.48215044559386533,2.169677005172394
2019-05-26,DHAMRA,0,0,0.0,0.0,0.7142857142857143,0.8666666666666667,0.4344454746331393,1.9550046358491269
2019-05-27,DHAMRA,2,2,17.0947144155963,33.3973662929593,1.0,0.9,0.5415704832167999,2.4370671744755996
2019-05-28,DHAMRA,0,0,0.0,0.0,1.0,0.8666666666666667,0.5574376329113073,2.508469348100883
2019-05-29,DHAMRA,1,1,9.66347877728116,0.0,1.1428571428571428,0.8666666666666667,0.617280685023271,2.7777630826047197
2019-05-30,DHAMRA,0,0,0.0,0.0,0.7142857142857143,0.8666666666666667,0.4344454746331393,1.9550046358491269
2019-05-31,DHAMRA,1,1,18.9321525155386,0.0,0.8571428571428571,0.9,0.48215044559386533,2.169677005172394
2019-06-01,DHAMRA,0,0,0.0,0.0,0.5714285714285714,0.9,0.3664169843549362,1.648876429597213
2019-06-02,DHAMRA,1,1,0.0,0.0,0.7142857142857143,0.9333333333333333,0.41288761607846486,1.8579942723530918
2019-06-03,DHAMRA,0,0,0.0,0.0,0.42857142857142855,0.9333333333333333,0.3076296257437548,1.3843333158468967
2019-06-04,DHAMRA,0,0,0.0,0.0,0.42857142857142855,0.8666666666666667,0.31902812118788376,1.4356265453454768
2019-06-05,DHAMRA,3,3,30.880593055576398,0.0,0.7142857142857143,0.9333333333333333,0.41288761607846486,1.8579942723530918
2019-06-06,DHAMRA,0,0,0.0,0.0,0.7142857142857143,0.8333333333333334,0.44663262720034713,2.009846822401562
2019-06-07,DHAMRA,2,2,3.8659567547197,33.8890612473623,0.8571428571428571,0.8666666666666667,0.495879214182326,2.231456463820467
2019-06-08,DHAMRA,1,1,27.4981786327883,0.0,1.0,0.9,0.5415704832167999,2.4370671744755996
2019-06-09,DHAMRA,1,1,35.5140043021812,0.0,1.0,0.8666666666666667,0.5574376329113073,2.508469348100883
2019-06-10,DHAMRA,2,2,45.5261883068143,10.5364793137254,1.2857142857142858,0.9,0.6553990357712653,2.949295660970694
2019-06-11,DHAMRA,1,1,44.1197028982184,0.0,1.4285714285714286,0.9,0.7070195389445062,3.1815879252502777
2019-06-12,DHAMRA,3,3,56.2387060801588,15.975449032311001,1.4285714285714286,1.0,0.6553990357712653,2.949295660970694
2019-06-13,DHAMRA,0,0,0.0,0.0,1.4285714285714286,0.9333333333333333,0.6891007040065003,3.100953168029251
2019-06-14,DHAMRA,0,0,0.0,0.0,1.1428571428571428,0.9333333333333333,0.5833971236320303,2.6252870563441366
2019-06-15,DHAMRA,2,2,0.0,32.9468047585149,1.2857142857142858,0.9666666666666667,0.6213009810172364,2.7958544145775637
2019-06-16,DHAMRA,0,0,0.0,0.0,1.1428571428571428,0.9,0.5998312193351399,2.69924048700813
2019-06-17,DHAMRA,2,2,0.0,25.2367629416373,1.1428571428571428,0.9333333333333333,0.5833971236320303,2.6252870563441366
2019-06-18,DHAMRA,0,0,0.0,0.0,1.0,0.9,0.5415704832167999,2.4370671744755996
2019-06-19,DHAMRA,2,2,116.64104590561,25.3126643964491,0.8571428571428571,0.9666666666666667,0.4576142859711148,2.059264286870017
2019-06-20,DHAMRA,1,1,74.3080118640498,0.0,1.0,1.0,0.5,2.25
2019-06-21,DHAMRA,1,1,40.6213194107431,0.0,1.1428571428571428,1.0333333333333334,0.5396630333881409,2.4284836502466343
2019-06-22,DHAMRA,2,2,44.8970566109825,0.0,1.1428571428571428,1.0,0.5533673727996529,2.490153177598438
2019-06-23,DHAMRA,0,0,0.0,0.0,1.1428571428571428,1.0,0.5533673727996529,2.490153177598438
2019-06-24,DHAMRA,2,2,5.98604242000947,34.5176355796731,1.1428571428571428,1.0,0.5533673727996529,2.490153177598438
2019-06-25,DHAMRA,2,2,41.9587500229906,1.1126044610213401,1.4285714285714286,1.0666666666666667,0.6245552730329997,2.810498728648499
2019-06-26,DHAMRA,1,1,16.1136940313497,26.2234104403073,1.2857142857142858,1.0333333333333334,0.5905790004537695,2.657605502041963
2019-06-27,DHAMRA,1,1,0.0,0.0,1.2857142857142858,1.0666666666666667,0.5764057290038561,2.5938257805173524
2019-06-28,DHAMRA,1,1,0.0,25.218300958599297,1.2857142857142858,1.0666666666666667,0.5764057290038561,2.5938257805173524
2019-06-29,DHAMRA,1,1,0.0,50.0945141867113,1.1428571428571428,1.1,0.5146062326505889,2.31572804692765
2019-06-30,DHAMRA,0,0,0.0,0.0,1.1428571428571428,1.0666666666666667,0.5267601195780712,2.3704205381013206
2019-07-01,DHAMRA,0,0,0.0,0.0,0.8571428571428571,1.0666666666666667,0.4268676006272159,1.9209042028224717
2019-07-02,DHAMRA,2,2,4.76600373485827,26.86665290509,0.8571428571428571,1.1,0.4179562557371151,1.880803150817018
2019-07-03,DHAMRA,0,0,0.0,0.0,0.7142857142857143,1.1,0.3714563710360877,1.6715536696623947
2019-07-04,DHAMRA,2,2,46.2663665951628,0.0,0.8571428571428571,1.1666666666666667,0.40180276654345565,1.8081124494455505
2019-07-05,DHAMRA,0,0,0.0,0.0,0.7142857142857143,1.0666666666666667,0.37859036463180457,1.7036566408431206
2019-07-06,DHAMRA,1,1,0.0,0.0,0.7142857142857143,1.1,0.3714563710360877,1.6715536696623947
2019-07-07,DHAMRA,1,1,50.430312875972604,0.0,0.8571428571428571,1.0666666666666667,0.4268676006272159,1.9209042028224717
2019-07-08,DHAMRA,0,0,0.0,0.0,0.8571428571428571,1.0333333333333334,0.4364061875997187,1.9638278441987342
2019-07-09,DHAMRA,0,0,0.0,0.0,0.5714285714285714,1.0,0.3446009642287346,1.5507043390293056
2019-07-10,DHAMRA,2,2,0.0,33.4948738878159,0.8571428571428571,1.0,0.44663262720034713,2.009846822401562
2019-07-11,DHAMRA,1,1,42.080740206356,0.0,0.7142857142857143,1.0,0.3944675127794143,1.7751038075073642
2019-07-12,DHAMRA,3,3,4.43189525900864,41.8326694314134,1.1428571428571428,1.0,0.5533673727996529,2.490153177598438
2019-07-13,DHAMRA,1,1,11.0299257245546,35.7852281177107,1.1428571428571428,1.0333333333333334,0.5396630333881409,2.4284836502466343
2019-07-14,DHAMRA,0,0,0.0,0.0,1.0,1.0333333333333334,0.4879055854466635,2.1955751345099856
2019-07-15,DHAMRA,1,1,80.2513180107169,0.0,1.1428571428571428,1.0,0.5533673727996529,2.490153177598438
2019-07-16,DHAMRA,3,3,20.3684861010946,26.5231692976776,1.5714285714285714,1.1,0.6553990357712653,2.949295660970694
2019-07-17,DHAMRA,0,0,0.0,0.0,1.2857142857142858,1.0333333333333334,0.5905790004537695,2.657605502041963
2019-07-18,DHAMRA,1,1,1.0497808856883701,0.0,1.2857142857142858,1.0666666666666667,0.5764057290038561,2.5938257805173524
2019-07-19,DHAMRA,2,2,53.727815660146995,0.0,1.1428571428571428,1.0666666666666667,0.5267601195780712,2.3704205381013206
2019-07-20,DHAMRA,0,0,0.0,0.0,1.0,1.0333333333333334,0.4879055854466635,2.1955751345099856
2019-07-21,DHAMRA,2,2,100.462100567816,39.4188570003985,1.2857142857142858,1.0666666666666667,0.5764057290038561,2.5938257805173524
2019-07-22,DHAMRA,3,3,4.76600373485827,1.85698908251943,1.5714285714285714,1.1,0.6553990357712653,2.949295660970694
2019-07-23,DHAMRA,0,0,0.0,0.0,1.1428571428571428,1.1,0.5146062326505889,2.31572804692765
2019-07-24,DHAMRA,1,1,0.0,0.978581038074844,1.2857142857142858,1.0666666666666667,0.5764057290038561,2.5938257805173524
2019-07-25,DHAMRA,0,0,0.0,0.0,1.1428571428571428,1.0,0.5533673727996529,2.490153177598438
2019-07-26,DHAMRA,0,0,0.0,0.0,0.8571428571428571,0.9666666666666667,0.4576142859711148,2.059264286870017
2019-07-27,DHAMRA,2,2,50.0094180374308,0.0,1.1428571428571428,1.0,0.5533673727996529,2.490153177598438
2019-07-28,DHAMRA,1,1,11.120307201528,0.0,1.0,1.0,0.5,2.25
2019-07-29,DHAMRA,1,1,0.0,26.2610629769777,0.7142857142857143,1.0,0.3944675127794143,1.7751038075073642
2019-07-30,DHAMRA,0,0,0.0,0.0,0.7142857142857143,1.0,0.3944675127794143,1.7751038075073642
2019-07-31,DHAMRA,4,4,93.132892534925,45.6182636121724,1.1428571428571428,1.1333333333333333,0.5031512187803152,2.2641804845114186
2019-08-01,DHAMRA,1,1,0.0,51.7010786976195,1.2857142857142858,1.1,0.5629754755257897,2.533389639866054
2019-08-02,DHAMRA,2,2,0.0,28.3057499086796,1.5714285714285714,1.1666666666666667,0.6272432035816201,2.8225944161172905
2019-08-03,DHAMRA,1,1,0.0,5.00384022516564,1.4285714285714286,1.1333333333333333,0.5964647504663407,2.6840913770985333
2019-08-04,DHAMRA,1,1,0.0,0.40203095391566596,1.4285714285714286,1.1666666666666667,0.5833971236320304,2.625287056344137
2019-08-05,DHAMRA,1,1,33.4744062092852,0.0,1.4285714285714286,1.1666666666666667,0.5833971236320304,2.625287056344137
2019-08-06,DHAMRA,1,1,0.0,43.525925322757004,1.5714285714285714,1.1666666666666667,0.6272432035816201,2.8225944161172905
2019-08-07,DHAMRA,0,0,0.0,0.0,1.0,1.1666666666666667,0.44663262720034713,2.009846822401562
2019-08-08,DHAMRA,1,1,0.0,32.1342333323389,1.0,1.2,0.43782349911420193,1.9702057460139086
2019-08-09,DHAMRA,3,3,33.7970424993737,7.91575951580675,1.1428571428571428,1.2333333333333334,0.4725180722960206,2.126331325332093
2019-08-10,DHAMRA,2,2,0.0,67.3953782469579,1.2857142857142858,1.2666666666666666,0.5056388586631163,2.275374863984023
2019-08-11,DHAMRA,1,1,46.5739544217392,0.0,1.2857142857142858,1.2,0.5267601195780712,2.3704205381013206
2019-08-12,DHAMRA,1,1,0.0,27.3484782326194,1.2857142857142858,1.2,0.5267601195780712,2.3704205381013206
2019-08-13,DHAMRA,0,0,0.0,0.0,1.1428571428571428,1.2,0.48215044559386533,2.169677005172394
2019-08-14,DHAMRA,1,1,0.0,0.0,1.2857142857142858,1.2,0.5267601195780712,2.3704205381013206
2019-08-15,DHAMRA,1,1,45.9949327396878,0.0,1.2857142857142858,1.1333333333333333,0.5502499566159056,2.476124804771575
2019-08-16,DHAMRA,2,2,0.0,33.431395736762894,1.1428571428571428,1.2,0.48215044559386533,2.169677005172394
2019-08-17,DHAMRA,1,1,51.0396712059442,0.0,1.0,1.2,0.43782349911420193,1.9702057460139086
2019-08-18,DHAMRA,0,0,0.0,0.0,0.8571428571428571,1.1333333333333333,0.40961764897181335,1.8432794203731602
2019-08-19,DHAMRA,2,2,45.5501856176757,26.950024984095702,1.0,1.2,0.43782349911420193,1.9702057460139086
2019-08-20,DHAMRA,2,2,66.7151018140886,0.0,1.2857142857142858,1.2,0.5267601195780712,2.3704205381013206
2019-08-21,DHAMRA,1,1,32.2747269331362,0.0,1.2857142857142858,1.1333333333333333,0.5502499566159056,2.476124804771575
2019-08-22,DHAMRA,0,0,0.0,0.0,1.1428571428571428,1.1333333333333333,0.5031512187803152,2.2641804845114186
2019-08-23,DHAMRA,0,0,0.0,0.0,0.8571428571428571,1.1,0.4179562557371151,1.880803150817018
2019-08-24,DHAMRA,1,1,0.0,16.8540641573707,0.8571428571428571,1.1333333333333333,0.40961764897181335,1.8432794203731602
2019-08-25,DHAMRA,1,1,7.19422813535339,0.0,1.0,1.1666666666666667,0.44663262720034713,2.009846822401562
2019-08-26,DHAMRA,1,1,98.3792840950121,0.0,0.8571428571428571,1.1333333333333333,0.40961764897181335,1.8432794203731602
2019-08-27,DHAMRA,2,2,19.9123546376724,0.0,0.8571428571428571,1.1666666666666667,0.40180276654345565,1.8081124494455505
2019-08-28,DHAMRA,1,1,0.0,29.1505150466805,0.8571428571428571,1.1666666666666667,0.40180276654345565,1.8081124494455505
2019-08-29,DHAMRA,2,2,42.8554954626079,46.2466589548474,1.1428571428571428,1.2333333333333334,0.4725180722960206,2.126331325332093
2019-08-30,DHAMRA,1,1,0.0,9.68840576587839,1.2857142857142858,1.1333333333333333,0.5502499566159056,2.476124804771575
2019-08-31,DHAMRA,0,0,0.0,0.0,1.1428571428571428,1.1,0.5146062326505889,2.31572804692765
2019-09-01,DHAMRA,0,0,0.0,0.0,1.0,1.0333333333333334,0.4879055854466635,2.1955751345099856
2019-09-02,DHAMRA,0,0,0.0,0.0,0.8571428571428571,1.0,0.44663262720034713,2.009846822401562
2019-09-03,DHAMRA,1,1,31.5857969680483,0.0,0.7142857142857143,1.0,0.3944675127794143,1.7751038075073642
2019-09-04,DHAMRA,2,2,0.0,28.6445037526802,0.8571428571428571,1.0333333333333334,0.4364061875997187,1.9638278441987342
2019-09-05,DHAMRA,1,1,0.0,11.4674524515701,0.7142857142857143,1.0333333333333334,0.3862427010007951,1.738092154503578
2019-09-06,DHAMRA,1,1,0.0,0.0,0.7142857142857143,1.0666666666666667,0.37859036463180457,1.7036566408431206
2019-09-07,DHAMRA,2,2,0.0,32.3335940074311,1.0,1.1,0.46596181968382483,2.0968281885772115
2019-09-08,DHAMRA,0,0,0.0,0.0,1.0,1.0,0.5,2.25
2019-09-09,DHAMRA,0,0,0.0,0.0,1.0,0.9333333333333333,0.5267601195780712,2.3704205381013206
2019-09-10,DHAMRA,0,0,0.0,0.0,0.8571428571428571,0.9,0.48215044559386533,2.169677005172394
2019-09-11,DHAMRA,2,2,146.59057382149598,0.0,0.8571428571428571,0.9333333333333333,0.4694259472076499,2.1124167624344246
2019-09-12,DHAMRA,1,1,0.0,3.83986291941159,0.8571428571428571,0.9666666666666667,0.4576142859711148,2.059264286870017
2019-09-13,DHAMRA,1,1,14.601527631789601,0.0,0.8571428571428571,0.9666666666666667,0.4576142859711148,2.059264286870017
2019-09-14,DHAMRA,0,0,0.0,0.0,0.5714285714285714,0.9333333333333333,0.35855700680362323,1.6135065306163046
2019-09-15,DHAMRA,1,1,0.0,33.5258433830238,0.7142857142857143,0.9,0.4232309758150566,1.9045393911677546
2019-09-16,DHAMRA,0,0,0.0,0.0,0.7142857142857143,0.8666666666666667,0.4344454746331393,1.9550046358491269
2019-09-17,DHAMRA,0,0,0.0,0.0,0.7142857142857143,0.8666666666666667,0.4344454746331393,1.9550046358491269
2019-09-18,DHAMRA,1,1,0.0,13.9943718808588,0.5714285714285714,0.8333333333333334,0.384278175693148,1.729251790619166
2019-09-19,DHAMRA,1,1,0.0,27.3123484444666,0.5714285714285714,0.8,0.3944675127794143,1.7751038075073642
2019-09-20,DHAMRA,1,1,2.71356398274489,0.0,0.5714285714285714,0.8,0.3944675127794143,1.7751038075073642
2019-09-21,DHAMRA,0,0,0.0,0.0,0.5714285714285714,0.8,0.3944675127794143,1.7751038075073642
2019-09-22,DHAMRA,0,0,0.0,0.0,0.42857142857142855,0.8,0.33260453459539463,1.4967204056792758
2019-09-23,DHAMRA,0,0,0.0,0.0,0.42857142857142855,0.7666666666666667,0.3404048297802547,1.5318217340111462
2019-09-24,DHAMRA,1,1,0.0,8.60745024355036,0.5714285714285714,0.7666666666666667,0.4056476070907559,1.8254142319084017
2019-09-25,DHAMRA,0,0,0.0,0.0,0.42857142857142855,0.7333333333333333,0.3490138812211882,1.570562465495347
2019-09-26,DHAMRA,1,1,40.7956420279122,0.0,0.42857142857142855,0.7,0.35855700680362323,1.6135065306163046
2019-09-27,DHAMRA,1,1,0.0,33.9441351282206,0.42857142857142855,0.7,0.35855700680362323,1.6135065306163046
2019-09-28,DHAMRA,2,2,0.0,3.8204240318145,0.7142857142857143,0.7,0.5076524636341017,2.2844360863534576
2019-09-29,DHAMRA,1,1,26.3216933818533,0.0,0.8571428571428571,0.7,0.5833971236320304,2.625287056344137
2019-09-30,DHAMRA,0,0,0.0,0.0,0.8571428571428571,0.7,0.5833971236320304,2.625287056344137
2019-10-01,DHAMRA,1,1,0.0,15.4918207334859,0.8571428571428571,0.7333333333333333,0.5629754755257897,2.533389639866054
2019-10-02,DHAMRA,1,1,44.2182728840859,5.54008986723482,1.0,0.7666666666666667,0.6121887123277204,2.7548492054747418
2019-10-03,DHAMRA,1,1,0.0,0.0,1.0,0.7666666666666667,0.6121887123277204,2.7548492054747418
2019-10-04,DHAMRA,0,0,0.0,0.0,0.8571428571428571,0.7,0.5833971236320304,2.625287056344137
2019-10-05,DHAMRA,2,2,0.5554716185099821,6.576464643054139,0.8571428571428571,0.7333333333333333,0.5629754755257897,2.533389639866054
2019-10-06,DHAMRA,0,0,0.0,0.0,0.7142857142857143,0.7,0.5076524636341017,2.2844360863534576
2019-10-07,DHAMRA,0,0,0.0,0.0,0.7142857142857143,0.6333333333333333,0.5477860353479961,2.4650371590659823
2019-10-08,DHAMRA,0,0,0.0,0.0,0.5714285714285714,0.6333333333333333,0.4634113848477697,2.085351231814964
2019-10-09,DHAMRA,1,1,0.0,9.87379726861368,0.5714285714285714,0.6666666666666666,0.44663262720034713,2.009846822401562
2019-10-10,DHAMRA,2,2,66.5620217870871,0.0,0.7142857142857143,0.7333333333333333,0.49026097218520404,2.2061743748334184
2019-10-11,DHAMRA,1,1,0.0,19.1451592347365,0.8571428571428571,0.7,0.5833971236320304,2.625287056344137
2019-10-12,DHAMRA,1,1,4.8342455642574595,0.0,0.7142857142857143,0.7,0.5076524636341017,2.2844360863534576
2019-10-13,DHAMRA,1,1,30.7148823432798,0.0,0.8571428571428571,0.7,0.5833971236320304,2.625287056344137
2019-10-14,DHAMRA,0,0,0.0,0.0,0.8571428571428571,0.7,0.5833971236320304,2.625287056344137
2019-10-15,DHAMRA,1,1,80.2473420048495,0.0,1.0,0.7,0.6553990357712653,2.949295660970694
2019-10-16,DHAMRA,0,0,0.0,0.0,0.8571428571428571,0.7,0.5833971236320304,2.625287056344137
2019-10-17,DHAMRA,0,0,0.0,0.0,0.5714285714285714,0.7,0.43155485130580784,1.9419968308761353
2019-10-18,DHAMRA,2,2,0.0,53.958874710853195,0.7142857142857143,0.7333333333333333,0.49026097218520404,2.2061743748334184
2019-10-19,DHAMRA,0,0,0.0,0.0,0.5714285714285714,0.7,0.43155485130580784,1.9419968308761353
2019-10-20,DHAMRA,0,0,0.0,0.0,0.42857142857142855,0.6666666666666666,0.3691851106220206,1.6613329977990927
2019-10-21,DHAMRA,0,0,0.0,0.0,0.42857142857142855,0.6666666666666666,0.3691851106220206,1.6613329977990927
2019-10-22,DHAMRA,1,1,29.1678909832069,0.0,0.42857142857142855,0.7,0.35855700680362323,1.6135065306163046
2019-10-23,DHAMRA,0,0,0.0,0.0,0.42857142857142855,0.7,0.35855700680362323,1.6135065306163046
2019-10-24,DHAMRA,3,3,58.0071531654999,0.0,0.8571428571428571,0.7666666666666667,0.5441394571844889,2.4486275573302
2019-10-25,DHAMRA,1,1,0.0,18.756542494832,0.7142857142857143,0.8,0.4599076870805793,2.069584591862607
2019-10-26,DHAMRA,0,0,0.0,0.0,0.7142857142857143,0.7666666666666667,0.47440128348604355,2.134805775687196
2019-10-27,DHAMRA,1,1,0.0,35.707830702337205,0.8571428571428571,0.7666666666666667,0.5441394571844889,2.4486275573302
2019-10-28,DHAMRA,0,0,0.0,0.0,0.8571428571428571,0.7,0.5833971236320304,2.625287056344137
2019-10-29,DHAMRA,3,3,27.5374125145779,26.8399262188592,1.1428571428571428,0.7666666666666667,0.676125988345924,3.042566947556658
2019-10-30,DHAMRA,0,0,0.0,0.0,1.1428571428571428,0.7666666666666667,0.676125988345924,3.042566947556658
2019-10-31,DHAMRA,2,2,81.5297209273693,30.623117788466303,1.0,0.8,0.5926665999540697,2.6669996997933136
2019-11-01,DHAMRA,0,0,3.8659567547197,0.0,0.8571428571428571,0.7666666666666667,0.5441394571844889,2.4486275573302
2019-11-02,DHAMRA,0,0,0.0,0.0,0.8571428571428571,0.7333333333333333,0.5629754755257897,2.533389639866054
2019-11-03,DHAMRA,0,0,0.0,0.0,0.7142857142857143,0.7333333333333333,0.49026097218520404,2.2061743748334184
2019-11-04,DHAMRA,3,3,27.5374125145779,0.0,1.1428571428571428,0.7666666666666667,0.676125988345924,3.042566947556658
2019-11-05,DHAMRA,3,3,61.3024892738258,3.2946335795036497,1.1428571428571428,0.8666666666666667,0.617280685023271,2.7777630826047197
2019-11-06,DHAMRA,0,0,0.0,0.0,1.1428571428571428,0.8666666666666667,0.617280685023271,2.7777630826047197
2019-11-07,DHAMRA,2,2,0.0,41.7786050019407,1.1428571428571428,0.9333333333333333,0.5833971236320303,2.6252870563441366
2019-11-08,DHAMRA,0,0,0.0,0.0,1.1428571428571428,0.9,0.5998312193351399,2.69924048700813
2019-11-09,DHAMRA,0,0,0.0,0.0,1.1428571428571428,0.8333333333333334,0.6357911951701146,2.861060378265516
2019-11-10,DHAMRA,2,2,0.0,47.659867075990604,1.4285714285714286,0.8666666666666667,0.7256229899299018,3.2653034546845583
2019-11-11,DHAMRA,0,0,0.0,0.0,1.0,0.8333333333333334,0.574442516811659,2.5849913256524655
2019-11-12,DHAMRA,1,1,0.0,0.0,0.7142857142857143,0.8333333333333334,0.44663262720034713,2.009846822401562
2019-11-13,DHAMRA,2,2,1.17361313353857,0.0,1.0,0.9,0.5415704832167999,2.4370671744755996
2019-11-14,DHAMRA,0,0,0.0,0.0,0.7142857142857143,0.8666666666666667,0.4344454746331393,1.9550046358491269
2019-11-15,DHAMRA,0,0,0.0,0.0,0.7142857142857143,0.8666666666666667,0.4344454746331393,1.9550046358491269
2019-11-16,DHAMRA,1,1,0.0,0.0,0.8571428571428571,0.9,0.48215044559386533,2.169677005172394
2019-11-17,DHAMRA,1,1,0.0,0.0,0.7142857142857143,0.8666666666666667,0.4344454746331393,1.9550046358491269
2019-11-18,DHAMRA,0,0,0.0,0.0,0.7142857142857143,0.8666666666666667,0.4344454746331393,1.9550046358491269
2019-11-19,DHAMRA,1,1,0.0,8.46551312989369,0.7142857142857143,0.9,0.4232309758150566,1.9045393911677546
2019-11-20,DHAMRA,1,1,0.536930254014325,0.0,0.5714285714285714,0.9333333333333333,0.35855700680362323,1.6135065306163046
2019-11-21,DHAMRA,0,0,0.0,0.0,0.5714285714285714,0.9,0.3664169843549362,1.648876429597213
2019-11-22,DHAMRA,0,0,0.0,0.0,0.5714285714285714,0.9,0.3664169843549362,1.648876429597213
2019-11-23,DHAMRA,0,0,0.0,0.0,0.42857142857142855,0.8,0.33260453459539463,1.4967204056792758
2019-11-24,DHAMRA,2,2,132.627521247417,0.0,0.5714285714285714,0.8333333333333334,0.384278175693148,1.729251790619166
2019-11-25,DHAMRA,0,0,0.0,0.0,0.5714285714285714,0.8333333333333334,0.384278175693148,1.729251790619166
2019-11-26,DHAMRA,1,1,0.0,11.0922122208761,0.5714285714285714,0.8333333333333334,0.384278175693148,1.729251790619166
2019-11-27,DHAMRA,0,0,0.0,0.0,0.42857142857142855,0.8333333333333334,0.325508295835916,1.464787331261622
2019-11-28,DHAMRA,0,0,0.0,0.0,0.42857142857142855,0.7333333333333333,0.3490138812211882,1.570562465495347
2019-11-29,DHAMRA,1,1,56.654657202624804,2.77004493361741,0.5714285714285714,0.7666666666666667,0.4056476070907559,1.8254142319084017
2019-11-30,DHAMRA,1,1,22.3246237909999,10.424357352594399,0.7142857142857143,0.7333333333333333,0.49026097218520404,2.2061743748334184
2019-12-01,DHAMRA,1,1,0.0,37.8462503375072,0.5714285714285714,0.7666666666666667,0.4056476070907559,1.8254142319084017
2019-12-02,DHAMRA,2,2,35.264855624572405,0.0,0.8571428571428571,0.8333333333333334,0.5107126460737526,2.2982069073318865
2019-12-03,DHAMRA,1,1,8.517632957602371,0.0,0.8571428571428571,0.8666666666666667,0.495879214182326,2.231456463820467
2019-12-04,DHAMRA,0,0,0.0,0.0,0.8571428571428571,0.7666666666666667,0.5441394571844889,2.4486275573302
2019-12-05,DHAMRA,0,0,0.0,0.0,0.8571428571428571,0.6666666666666666,0.6055324872205857,2.724896192492636
2019-12-06,DHAMRA,2,2,68.1381317803112,0.0,1.0,0.7333333333333333,0.6330803692548326,2.8488616616467466
2019-12-07,DHAMRA,0,0,0.0,0.0,0.8571428571428571,0.6666666666666666,0.6055324872205857,2.724896192492636
2019-12-08,DHAMRA,0,0,0.0,0.0,0.7142857142857143,0.6666666666666666,0.5267601195780712,2.3704205381013206
2019-12-09,DHAMRA,1,1,0.0,34.5240737267113,0.5714285714285714,0.7,0.43155485130580784,1.9419968308761353
2019-12-10,DHAMRA,1,1,0.0,1.1049423785808001,0.5714285714285714,0.6666666666666666,0.44663262720034713,2.009846822401562
2019-12-11,DHAMRA,1,1,82.19843139578339,0.0,0.7142857142857143,0.7,0.5076524636341017,2.2844360863534576
2019-12-12,DHAMRA,0,0,0.0,0.0,0.7142857142857143,0.6666666666666666,0.5267601195780712,2.3704205381013206
2019-12-13,DHAMRA,0,0,0.0,0.0,0.42857142857142855,0.6,0.3944675127794143,1.7751038075073642
2019-12-14,DHAMRA,0,0,0.0,0.0,0.42857142857142855,0.6,0.3944675127794143,1.7751038075073642
2019-12-15,DHAMRA,1,1,0.0,0.0,0.5714285714285714,0.6333333333333333,0.4634113848477697,2.085351231814964
2019-12-16,DHAMRA,1,1,0.0,0.0,0.5714285714285714,0.6333333333333333,0.4634113848477697,2.085351231814964
2019-12-17,DHAMRA,2,2,0.0,34.272702010843595,0.7142857142857143,0.6666666666666666,0.5267601195780712,2.3704205381013206
2019-12-18,DHAMRA,2,2,8.64609171231305,0.0,0.8571428571428571,0.7333333333333333,0.5629754755257897,2.533389639866054
2019-12-19,DHAMRA,1,1,0.0,19.4966454948805,1.0,0.7333333333333333,0.6330803692548326,2.8488616616467466
2019-12-20,DHAMRA,1,1,0.0,0.0,1.1428571428571428,0.7333333333333333,0.6979726489959158,3.140876920481621
2019-12-21,DHAMRA,2,2,0.0,41.5115013192871,1.4285714285714286,0.8,0.7646908456049213,3.4411088052221457
2019-12-22,DHAMRA,0,0,0.0,0.0,1.2857142857142858,0.8,0.7131463054619585,3.209158374578813
2019-12-23,DHAMRA,2,2,4.04930760583473,6.66129503959079,1.4285714285714286,0.8666666666666667,0.7256229899299018,3.2653034546845583
2019-12-24,DHAMRA,1,1,50.311547917134305,0.0,1.2857142857142858,0.8333333333333334,0.693022011349724,3.118599051073758
2019-12-25,DHAMRA,2,2,0.0,35.9357935764972,1.2857142857142858,0.9,0.6553990357712653,2.949295660970694
2019-12-26,DHAMRA,0,0,0.0,0.0,1.1428571428571428,0.8666666666666667,0.617280685023271,2.7777630826047197
2019-12-27,DHAMRA,2,2,41.4889685022846,32.5095265093106,1.2857142857142858,0.9333333333333333,0.637915109917611,2.8706179946292494
2019-12-28,DHAMRA,1,1,74.3024576930651,0.0,1.1428571428571428,0.9666666666666667,0.5679271670816257,2.555672251867316
2019-12-29,DHAMRA,0,0,0.0,0.0,1.1428571428571428,0.9333333333333333,0.5833971236320303,2.6252870563441366
2019-12-30,DHAMRA,1,1,0.0,39.4523266635412,1.0,0.9333333333333333,0.5267601195780712,2.3704205381013206
2019-12-31,DHAMRA,0,0,0.0,0.0,0.8571428571428571,0.9,0.48215044559386533,2.169677005172394
2020-01-01,DHAMRA,2,2,41.4889685022846,23.450625936715202,0.8571428571428571,0.9,0.48215044559386533,2.169677005172394
2020-01-02,DHAMRA,1,1,0.0,0.0,1.0,0.9,0.5415704832167999,2.4370671744755996
2020-01-03,DHAMRA,0,0,0.0,0.0,0.7142857142857143,0.9,0.4232309758150566,1.9045393911677546
2020-01-04,DHAMRA,1,1,2.2190709003952303,0.0,0.7142857142857143,0.9333333333333333,0.41288761607846486,1.8579942723530918
2020-01-05,DHAMRA,2,2,46.2365547685974,36.1976818236778,1.0,0.9333333333333333,0.5267601195780712,2.3704205381013206
2020-01-06,DHAMRA,1,1,90.2202084769998,0.0,1.0,0.9666666666666667,0.5129281522943221,2.308176685324449
2020-01-07,DHAMRA,2,2,1.1129906501875702,37.2832538329334,1.2857142857142858,1.0333333333333334,0.5905790004537695,2.657605502041963
2020-01-08,DHAMRA,0,0,0.0,0.0,1.0,1.0,0.5,2.25
2020-01-09,DHAMRA,0,0,0.0,0.0,0.8571428571428571,0.9666666666666667,0.4576142859711148,2.059264286870017
2020-01-10,DHAMRA,3,3,0.0,26.8565378240637,1.2857142857142858,1.0333333333333334,0.5905790004537695,2.657605502041963
2020-01-11,DHAMRA,0,0,0.0,0.0,1.1428571428571428,1.0333333333333334,0.5396630333881409,2.4284836502466343
2020-01-12,DHAMRA,0,0,0.0,0.0,0.8571428571428571,1.0333333333333334,0.4364061875997187,1.9638278441987342
2020-01-13,DHAMRA,0,0,0.0,0.0,0.7142857142857143,1.0333333333333334,0.3862427010007951,1.738092154503578
2020-01-14,DHAMRA,1,1,0.0,36.2016280242077,0.5714285714285714,1.0333333333333334,0.3383833439149577,1.5227250476173098
2020-01-15,DHAMRA,2,2,0.0,15.294994296341299,0.8571428571428571,1.0666666666666667,0.4268676006272159,1.9209042028224717
2020-01-16,DHAMRA,1,1,45.5403049543513,0.0,1.0,1.0333333333333334,0.4879055854466635,2.1955751345099856
2020-01-17,DHAMRA,1,1,0.0,0.0,0.7142857142857143,1.0,0.3944675127794143,1.7751038075073642
2020-01-18,DHAMRA,1,1,2.17719498974518,18.5868573368285,0.8571428571428571,1.0,0.44663262720034713,2.009846822401562
2020-01-19,DHAMRA,2,2,0.0,26.5131424257288,1.1428571428571428,1.0333333333333334,0.5396630333881409,2.4284836502466343
2020-01-20,DHAMRA,0,0,0.0,0.0,1.1428571428571428,0.9666666666666667,0.5679271670816257,2.555672251867316
2020-01-21,DHAMRA,1,1,0.0,26.971815487023502,1.1428571428571428,1.0,0.5533673727996529,2.490153177598438
2020-01-22,DHAMRA,2,2,47.6473453323288,0.0,1.1428571428571428,1.0,0.5533673727996529,2.490153177598438
2020-01-23,DHAMRA,3,3,23.805387075547998,15.0173283994931,1.4285714285714286,1.0666666666666667,0.6245552730329997,2.810498728648499
2020-01-24,DHAMRA,0,0,0.0,0.0,1.2857142857142858,1.0,0.6055324872205857,2.724896192492636
2020-01-25,DHAMRA,1,1,34.1544573027609,0.0,1.2857142857142858,1.0333333333333334,0.5905790004537695,2.657605502041963
2020-01-26,DHAMRA,3,3,0.0,78.53365977247219,1.4285714285714286,1.0666666666666667,0.6245552730329997,2.810498728648499
2020-01-27,DHAMRA,0,0,0.0,0.0,1.4285714285714286,1.0333333333333334,0.6396240336602096,2.878308151470943
2020-01-28,DHAMRA,1,1,0.0,0.969316199421242,1.4285714285714286,1.0666666666666667,0.6245552730329997,2.810498728648499
2020-01-29,DHAMRA,0,0,0.0,0.0,1.1428571428571428,1.0333333333333334,0.5396630333881409,2.4284836502466343
2020-01-30,DHAMRA,0,0,0.0,0.0,0.7142857142857143,1.0333333333333334,0.3862427010007951,1.738092154503578
2020-01-31,DHAMRA,1,1,13.6998520552474,0.0,0.8571428571428571,1.0,0.44663262720034713,2.009846822401562
2020-02-01,DHAMRA,0,0,0.0,0.0,0.7142857142857143,0.9666666666666667,0.4033260281303526,1.8149671265865868
2020-02-02,DHAMRA,0,0,0.0,0.0,0.2857142857142857,0.9666666666666667,0.257950117210218,1.160775527445981
2020-02-03,DHAMRA,2,2,107.606119806001,11.7258288276915,0.5714285714285714,1.0,0.3446009642287346,1.5507043390293056
2020-02-04,DHAMRA,1,1,0.0,24.904551871049897,0.5714285714285714,0.9666666666666667,0.3513066790563569,1.580880055753606
2020-02-05,DHAMRA,1,1,0.0,1.11204668538911,0.7142857142857143,0.9666666666666667,0.4033260281303526,1.8149671265865868
2020-02-06,DHAMRA,1,1,96.9956325249853,0.0,0.8571428571428571,0.9333333333333333,0.4694259472076499,2.1124167624344246
2020-02-07,DHAMRA,2,2,48.9322658717766,36.4848945547937,1.0,1.0,0.5,2.25
2020-02-08,DHAMRA,0,0,0.0,0.0,1.0,1.0,0.5,2.25
2020-02-09,DHAMRA,3,3,67.4308108652269,64.98518460975541,1.4285714285714286,1.0,0.6553990357712653,2.949295660970694
2020-02-10,DHAMRA,0,0,0.0,0.0,1.1428571428571428,1.0,0.5533673727996529,2.490153177598438
2020-02-11,DHAMRA,0,0,0.0,0.0,1.0,1.0,0.5,2.25
2020-02-12,DHAMRA,1,1,48.951210891139006,0.0,1.0,1.0333333333333334,0.4879055854466635,2.1955751345099856
2020-02-13,DHAMRA,1,1,0.0,0.0,1.0,1.0333333333333334,0.4879055854466635,2.1955751345099856
2020-02-14,DHAMRA,1,1,0.0,0.0,0.8571428571428571,1.0,0.44663262720034713,2.009846822401562
2020-02-15,DHAMRA,1,1,0.0,30.6625088006834,1.0,1.0,0.5,2.25
2020-02-16,DHAMRA,0,0,0.0,0.0,0.5714285714285714,0.9666666666666667,0.3513066790563569,1.580880055753606
2020-02-17,DHAMRA,1,1,64.4534208037697,0.0,0.7142857142857143,0.9666666666666667,0.4033260281303526,1.8149671265865868
2020-02-18,DHAMRA,1,1,0.0,0.0,0.8571428571428571,0.9333333333333333,0.4694259472076499,2.1124167624344246
2020-02-19,DHAMRA,2,2,0.0,9.76990666562564,1.0,1.0,0.5,2.25
2020-02-20,DHAMRA,1,1,0.0,36.4547441239101,1.0,1.0,0.5,2.25
2020-02-21,DHAMRA,1,1,50.3569403481148,0.0,1.0,0.9666666666666667,0.5129281522943221,2.308176685324449
2020-02-22,DHAMRA,0,0,0.0,0.0,0.8571428571428571,0.8666666666666667,0.495879214182326,2.231456463820467
2020-02-23,DHAMRA,4,4,118.14446852508699,49.793307989571794,1.4285714285714286,1.0,0.6553990357712653,2.949295660970694
2020-02-24,DHAMRA,0,0,0.0,0.0,1.2857142857142858,0.9666666666666667,0.6213009810172364,2.7958544145775637
2020-02-25,DHAMRA,1,1,0.0,0.0,1.2857142857142858,0.9,0.6553990357712653,2.949295660970694
2020-02-26,DHAMRA,0,0,0.0,0.0,1.0,0.9,0.5415704832167999,2.4370671744755996
2020-02-27,DHAMRA,0,0,0.0,0.0,0.8571428571428571,0.8666666666666667,0.495879214182326,2.231456463820467
2020-02-28,DHAMRA,1,1,22.0851380967952,0.347850905452586,0.8571428571428571,0.9,0.48215044559386533,2.169677005172394
2020-02-29,DHAMRA,1,1,38.3954824073837,0.0,1.0,0.9333333333333333,0.5267601195780712,2.3704205381013206
2020-03-01,DHAMRA,1,1,0.0,0.0,0.5714285714285714,0.9333333333333333,0.35855700680362323,1.6135065306163046
2020-03-02,DHAMRA,1,1,0.0,35.1206979895591,0.7142857142857143,0.9666666666666667,0.4033260281303526,1.8149671265865868
2020-03-03,DHAMRA,1,1,0.0,0.0,0.7142857142857143,1.0,0.3944675127794143,1.7751038075073642
2020-03-04,DHAMRA,0,0,0.0,0.0,0.7142857142857143,0.9333333333333333,0.41288761607846486,1.8579942723530918
2020-03-05,DHAMRA,0,0,0.0,0.0,0.7142857142857143,0.9,0.4232309758150566,1.9045393911677546
2020-03-06,DHAMRA,1,1,24.2865829792246,0.0,0.7142857142857143,0.9,0.4232309758150566,1.9045393911677546
2020-03-07,DHAMRA,1,1,42.8085703719653,0.0,0.7142857142857143,0.9,0.4232309758150566,1.9045393911677546
2020-03-08,DHAMRA,0,0,0.0,0.0,0.5714285714285714,0.8333333333333334,0.384278175693148,1.729251790619166
2020-03-09,DHAMRA,2,2,55.5181283418445,0.0,0.7142857142857143,0.9,0.4232309758150566,1.9045393911677546
2020-03-10,DHAMRA,1,1,0.0,4.67701970418793,0.7142857142857143,0.8333333333333334,0.44663262720034713,2.009846822401562
2020-03-11,DHAMRA,1,1,6.04853391873432,0.0,0.8571428571428571,0.8666666666666667,0.495879214182326,2.231456463820467
2020-03-12,DHAMRA,0,0,0.0,0.0,0.8571428571428571,0.8666666666666667,0.495879214182326,2.231456463820467
2020-03-13,DHAMRA,1,1,106.202011119432,0.0,0.8571428571428571,0.8666666666666667,0.495879214182326,2.231456463820467
2020-03-14,DHAMRA,0,0,0.0,0.0,0.7142857142857143,0.8333333333333334,0.44663262720034713,2.009846822401562
2020-03-15,DHAMRA,1,1,95.6134792880975,0.0,0.8571428571428571,0.8333333333333334,0.5107126460737526,2.2982069073318865
2020-03-16,DHAMRA,2,2,30.834209459623597,0.0,0.8571428571428571,0.8666666666666667,0.495879214182326,2.231456463820467
2020-03-17,DHAMRA,0,0,0.0,0.0,0.7142857142857143,0.8666666666666667,0.4344454746331393,1.9550046358491269
2020-03-18,DHAMRA,2,2,0.0,16.943144204277303,0.8571428571428571,0.9,0.48215044559386533,2.169677005172394
2020-03-19,DHAMRA,0,0,0.0,0.0,0.8571428571428571,0.8666666666666667,0.495879214182326,2.231456463820467
2020-03-20,DHAMRA,1,1,0.0,35.6655562549416,0.8571428571428571,0.8333333333333334,0.5107126460737526,2.2982069073318865
2020-03-21,DHAMRA,1,1,44.8936306277423,0.0,1.0,0.8333333333333334,0.574442516811659,2.5849913256524655
2020-03-22,DHAMRA,1,1,0.0,8.86761690678092,1.0,0.8333333333333334,0.574442516811659,2.5849913256524655
2020-03-23,DHAMRA,1,1,0.0,28.9907762745926,0.8571428571428571,0.8666666666666667,0.495879214182326,2.231456463820467
2020-03-24,DHAMRA,1,1,0.0,35.634178674291306,1.0,0.7666666666666667,0.6121887123277204,2.7548492054747418
2020-03-25,DHAMRA,0,0,0.0,0.0,0.7142857142857143,0.7666666666666667,0.47440128348604355,2.134805775687196
2020-03-26,DHAMRA,2,2,42.738142992448395,3.83986291941159,1.0,0.8,0.5926665999540697,2.6669996997933136
2020-03-27,DHAMRA,2,2,48.3067665353676,28.8129184607413,1.1428571428571428,0.8666666666666667,0.617280685023271,2.7777630826047197
2020-03-28,DHAMRA,0,0,0.0,0.0,1.0,0.8666666666666667,0.5574376329113073,2.508469348100883
2020-03-29,DHAMRA,0,0,0.0,0.0,0.8571428571428571,0.8333333333333334,0.5107126460737526,2.2982069073318865
2020-03-30,DHAMRA,1,1,0.0,20.6980648325043,0.8571428571428571,0.8333333333333334,0.5107126460737526,2.2982069073318865
2020-03-31,DHAMRA,3,3,133.76685700861398,0.0,1.1428571428571428,0.9,0.5998312193351399,2.69924048700813
2020-04-01,DHAMRA,0,0,0.0,0.0,1.1428571428571428,0.8666666666666667,0.617280685023271,2.7777630826047197
2020-04-02,DHAMRA,1,1,0.0,34.541000693563404,1.0,0.8666666666666667,0.5574376329113073,2.508469348100883
2020-04-03,DHAMRA,0,0,0.0,0.0,0.7142857142857143,0.8666666666666667,0.4344454746331393,1.9550046358491269
2020-04-04,DHAMRA,2,2,0.0,19.905710921990202,1.0,0.9333333333333333,0.5267601195780712,2.3704205381013206
2020-04-05,DHAMRA,2,2,94.4676404999231,0.0,1.2857142857142858,0.9666666666666667,0.6213009810172364,2.7958544145775637
2020-04-06,DHAMRA,3,3,80.20974869380541,37.2496357310693,1.5714285714285714,1.0333333333333334,0.6859184313087902,3.086632940889556
2020-04-07,DHAMRA,0,0,0.0,0.0,1.1428571428571428,1.0333333333333334,0.5396630333881409,2.4284836502466343
2020-04-08,DHAMRA,0,0,0.0,0.0,1.1428571428571428,0.9666666666666667,0.5679271670816257,2.555672251867316
2020-04-09,DHAMRA,2,2,96.6140583167875,0.0,1.2857142857142858,1.0,0.6055324872205857,2.724896192492636
2020-04-10,DHAMRA,0,0,0.0,0.0,1.2857142857142858,0.9666666666666667,0.6213009810172364,2.7958544145775637
2020-04-11,DHAMRA,1,1,47.6175512751234,0.0,1.1428571428571428,1.0,0.5533673727996529,2.490153177598438
2020-04-12,DHAMRA,1,1,31.3914752254592,0.0,1.0,1.0,0.5,2.25
2020-04-13,DHAMRA,1,1,0.0,0.0,0.7142857142857143,1.0333333333333334,0.3862427010007951,1.738092154503578
2020-04-14,DHAMRA,1,1,48.5978101869499,0.0,0.8571428571428571,1.0333333333333334,0.4364061875997187,1.9638278441987342
2020-04-15,DHAMRA,0,0,0.0,0.0,0.8571428571428571,0.9666666666666667,0.4576142859711148,2.059264286870017
2020-04-16,DHAMRA,3,3,95.9662715422952,37.283378327670796,1.0,1.0666666666666667,0.47657965106367606,2.144608429786542
2020-04-17,DHAMRA,1,1,0.0,0.0,1.1428571428571428,1.0333333333333334,0.5396630333881409,2.4284836502466343
2020-04-18,DHAMRA,2,2,59.9539954539812,17.835296723008902,1.2857142857142858,1.1,0.5629754755257897,2.533389639866054
2020-04-19,DHAMRA,1,1,0.0,4.08534162929151,1.2857142857142858,1.1,0.5629754755257897,2.533389639866054
2020-04-20,DHAMRA,0,0,0.0,0.0,1.1428571428571428,1.0666666666666667,0.5267601195780712,2.3704205381013206
2020-04-21,DHAMRA,1,1,82.19843139578339,0.0,1.1428571428571428,1.0666666666666667,0.5267601195780712,2.3704205381013206
2020-04-22,DHAMRA,2,2,28.9031809721798,53.6205248407196,1.4285714285714286,1.1,0.6101759674424228,2.7457918534909025
2020-04-23,DHAMRA,0,0,0.0,0.0,1.0,1.0666666666666667,0.47657965106367606,2.144608429786542
2020-04-24,DHAMRA,0,0,0.0,0.0,0.8571428571428571,1.0666666666666667,0.4268676006272159,1.9209042028224717
2020-04-25,DHAMRA,1,1,35.7465104952504,0.0,0.7142857142857143,1.0333333333333334,0.3862427010007951,1.738092154503578
2020-04-26,DHAMRA,1,1,0.0,51.7010786976195,0.7142857142857143,1.0,0.3944675127794143,1.7751038075073642
2020-04-27,DHAMRA,3,3,0.0,36.0924972654974,1.1428571428571428,1.1,0.5146062326505889,2.31572804692765
2020-04-28,DHAMRA,1,1,0.0,0.0,1.1428571428571428,1.1333333333333333,0.5031512187803152,2.2641804845114186
2020-04-29,DHAMRA,0,0,0.0,0.0,0.8571428571428571,1.1,0.4179562557371151,1.880803150817018
2020-04-30,DHAMRA,2,2,0.0,27.1196360054627,1.1428571428571428,1.0666666666666667,0.5267601195780712,2.3704205381013206
2020-05-01,DHAMRA,0,0,0.0,0.0,1.1428571428571428,1.0666666666666667,0.5267601195780712,2.3704205381013206
2020-05-02,DHAMRA,1,1,0.0,0.0,1.1428571428571428,1.0666666666666667,0.5267601195780712,2.3704205381013206
2020-05-03,DHAMRA,1,1,48.2471792447538,0.0,1.1428571428571428,1.1,0.5146062326505889,2.31572804692765
2020-05-04,DHAMRA,1,1,0.0,9.66074322368228,0.8571428571428571,1.0666666666666667,0.4268676006272159,1.9209042028224717
2020-05-05,DHAMRA,0,0,0.0,0.0,0.7142857142857143,1.0,0.3944675127794143,1.7751038075073642
2020-05-06,DHAMRA,1,1,50.976669690952406,0.0,0.8571428571428571,0.9333333333333333,0.4694259472076499,2.1124167624344246
2020-05-07,DHAMRA,1,1,0.0,35.1404504658367,0.7142857142857143,0.9666666666666667,0.4033260281303526,1.8149671265865868
2020-05-08,DHAMRA,3,3,0.0,33.7517177264178,1.1428571428571428,1.0666666666666667,0.5267601195780712,2.3704205381013206
2020-05-09,DHAMRA,1,1,2.7838600071014197,0.0,1.1428571428571428,1.0333333333333334,0.5396630333881409,2.4284836502466343
2020-05-10,DHAMRA,2,2,63.635935993219604,36.759905572337395,1.2857142857142858,1.1,0.5629754755257897,2.533389639866054
2020-05-11,DHAMRA,2,2,0.0,43.61108198727911,1.4285714285714286,1.1333333333333333,0.5964647504663407,2.6840913770985333
2020-05-12,DHAMRA,2,2,35.9969303910303,0.0,1.7142857142857142,1.1666666666666667,0.6690921006118895,3.010914452753503
2020-05-13,DHAMRA,0,0,0.0,0.0,1.5714285714285714,1.1333333333333333,0.6410287331513121,2.884629299180905
2020-05-14,DHAMRA,0,0,0.0,0.0,1.4285714285714286,1.1,0.6101759674424228,2.7457918534909025
2020-05-15,DHAMRA,1,1,0.0,15.9644669907352,1.1428571428571428,1.1333333333333333,0.5031512187803152,2.2641804845114186
2020-05-16,DHAMRA,2,2,0.6762972987555109,35.6524358384571,1.2857142857142858,1.1,0.5629754755257897,2.533389639866054
2020-05-17,DHAMRA,1,1,51.6833995009858,0.0,1.1428571428571428,1.1,0.5146062326505889,2.31572804692765
2020-05-18,DHAMRA,0,0,0.0,0.0,0.8571428571428571,1.0333333333333334,0.4364061875997187,1.9638278441987342
2020-05-19,DHAMRA,0,0,0.0,0.0,0.5714285714285714,1.0,0.3446009642287346,1.5507043390293056
2020-05-20,DHAMRA,0,0,0.0,0.0,0.5714285714285714,1.0,0.3446009642287346,1.5507043390293056
2020-05-21,DHAMRA,2,2,51.6833995009858,30.3933945994395,0.8571428571428571,1.0333333333333334,0.4364061875997187,1.9638278441987342
2020-05-22,DHAMRA,1,1,28.094378408637503,0.0,0.8571428571428571,1.0,0.44663262720034713,2.009846822401562
2020-05-23,DHAMRA,1,1,48.265941038607195,0.0,0.7142857142857143,1.0333333333333334,0.3862427010007951,1.738092154503578
2020-05-24,DHAMRA,2,2,0.0,49.2047286506972,0.8571428571428571,1.1,0.4179562557371151,1.880803150817018
2020-05-25,DHAMRA,1,1,44.182413933716504,0.0,1.0,1.1,0.46596181968382483,2.0968281885772115
2020-05-26,DHAMRA,1,1,1.68171467987561,0.0,1.1428571428571428,1.1,0.5146062326505889,2.31572804692765
2020-05-27,DHAMRA,1,1,56.4533002224064,0.0,1.2857142857142858,1.0333333333333334,0.5905790004537695,2.657605502041963
2020-05-28,DHAMRA,1,1,0.0,47.4825163992175,1.1428571428571428,1.0333333333333334,0.5396630333881409,2.4284836502466343
2020-05-29,DHAMRA,1,1,39.7896650813752,0.0,1.1428571428571428,1.0666666666666667,0.5267601195780712,2.3704205381013206
2020-05-30,DHAMRA,2,2,41.4889685022846,14.331210386402098,1.2857142857142858,1.0666666666666667,0.5764057290038561,2.5938257805173524
2020-05-31,DHAMRA,0,0,0.0,0.0,1.0,1.0666666666666667,0.47657965106367606,2.144608429786542
2020-06-01,DHAMRA,1,1,0.0,30.7837199677939,1.0,1.0666666666666667,0.47657965106367606,2.144608429786542
2020-06-02,DHAMRA,1,1,0.0,13.6000077938762,1.0,1.0666666666666667,0.47657965106367606,2.144608429786542
2020-06-03,DHAMRA,0,0,0.0,0.0,0.8571428571428571,1.0333333333333334,0.4364061875997187,1.9638278441987342
2020-06-04,DHAMRA,1,1,0.695701810905171,0.0,0.8571428571428571,1.0666666666666667,0.4268676006272159,1.9209042028224717
2020-06-05,DHAMRA,1,1,0.0,30.1063633556704,0.8571428571428571,1.0666666666666667,0.4268676006272159,1.9209042028224717
2020-06-06,DHAMRA,1,1,22.3246237909999,10.424357352594399,0.7142857142857143,1.0666666666666667,0.37859036463180457,1.7036566408431206
2020-06-07,DHAMRA,1,1,0.0,52.871386646492695,0.8571428571428571,1.0,0.44663262720034713,2.009846822401562
2020-06-08,DHAMRA,1,1,0.0,0.433558407262455,0.8571428571428571,1.0,0.44663262720034713,2.009846822401562
2020-06-09,DHAMRA,1,1,0.0,50.9209556500079,0.8571428571428571,0.9666666666666667,0.4576142859711148,2.059264286870017
2020-06-10,DHAMRA,2,2,52.0485186932382,25.9270053817683,1.1428571428571428,0.9666666666666667,0.5679271670816257,2.555672251867316
2020-06-11,DHAMRA,3,3,127.5206926978,7.3130133270674,1.4285714285714286,1.0,0.6553990357712653,2.949295660970694
2020-06-12,DHAMRA,0,0,0.0,0.0,1.2857142857142858,1.0,0.6055324872205857,2.724896192492636
2020-06-13,DHAMRA,1,1,0.0,30.1140032722004,1.2857142857142858,1.0333333333333334,0.5905790004537695,2.657605502041963
2020-06-14,DHAMRA,2,2,106.275204330277,16.7692244596819,1.4285714285714286,1.0666666666666667,0.6245552730329997,2.810498728648499
2020-06-15,DHAMRA,1,1,47.639721983234,0.0,1.4285714285714286,1.0333333333333334,0.6396240336602096,2.878308151470943
2020-06-16,DHAMRA,1,1,0.0,14.048180559033801,1.4285714285714286,1.0333333333333334,0.6396240336602096,2.878308151470943
2020-06-17,DHAMRA,2,2,39.1372353022415,30.6742539435432,1.4285714285714286,1.1,0.6101759674424228,2.7457918534909025
2020-06-18,DHAMRA,1,1,0.0,10.943361033744301,1.1428571428571428,1.1333333333333333,0.5031512187803152,2.2641804845114186
2020-06-19,DHAMRA,0,0,0.0,0.0,1.1428571428571428,1.1333333333333333,0.5031512187803152,2.2641804845114186
2020-06-20,DHAMRA,0,0,0.0,0.0,1.0,1.0666666666666667,0.47657965106367606,2.144608429786542
2020-06-21,DHAMRA,3,3,50.2323779828557,0.0,1.1428571428571428,1.1333333333333333,0.5031512187803152,2.2641804845114186
2020-06-22,DHAMRA,1,1,73.5987467712998,0.0,1.1428571428571428,1.1333333333333333,0.5031512187803152,2.2641804845114186
2020-06-23,DHAMRA,1,1,0.0,31.761349833915,1.1428571428571428,1.1,0.5146062326505889,2.31572804692765
2020-06-24,DHAMRA,1,1,0.0,46.2466589548474,1.0,1.1,0.46596181968382483,2.0968281885772115
2020-06-25,DHAMRA,3,3,0.0,36.0116624466452,1.2857142857142858,1.1666666666666667,0.5381907749287074,2.421858487179183
2020-06-26,DHAMRA,1,1,0.0,12.0549419600028,1.4285714285714286,1.1666666666666667,0.5833971236320304,2.625287056344137
2020-06-27,DHAMRA,1,1,0.0,27.9431327707403,1.5714285714285714,1.1666666666666667,0.6272432035816201,2.8225944161172905
2020-06-28,DHAMRA,3,3,96.8994085914763,15.3346894877951,1.5714285714285714,1.2333333333333334,0.6013748409455077,2.706186784254785
2020-06-29,DHAMRA,2,2,92.1485188934293,28.8937713986102,1.7142857142857142,1.2333333333333334,0.6422037854560306,2.8899170345521377
2020-06-30,DHAMRA,0,0,0.0,0.0,1.5714285714285714,1.2333333333333334,0.6013748409455077,2.706186784254785
2020-07-01,DHAMRA,0,0,0.0,0.0,1.4285714285714286,1.2,0.5709465968834663,2.5692596859755983
2020-07-02,DHAMRA,2,2,52.383573777317,28.4681509751625,1.2857142857142858,1.2333333333333334,0.5159212565543568,2.321645654494606
2020-07-03,DHAMRA,1,1,63.5669395811054,0.0,1.2857142857142858,1.2666666666666666,0.5056388586631163,2.275374863984023
2020-07-04,DHAMRA,2,2,10.9161641545141,29.0709792734888,1.4285714285714286,1.3,0.537020041570215,2.4165901870659674
2020-07-05,DHAMRA,0,0,0.0,0.0,1.0,1.2666666666666666,0.4217022267039683,1.8976600201678573
2020-07-06,DHAMRA,0,0,0.0,0.0,0.7142857142857143,1.2333333333333334,0.3472216885692658,1.562497598561696
2020-07-07,DHAMRA,1,1,0.0,39.805012819080005,0.8571428571428571,1.2333333333333334,0.3875721872710126,1.7440748427195567
2020-07-08,DHAMRA,2,2,102.58671995652101,0.0,1.1428571428571428,1.2666666666666666,0.4634113848477697,2.085351231814964
2020-07-09,DHAMRA,1,1,0.0,35.6766790813893,1.0,1.2666666666666666,0.4217022267039683,1.8976600201678573
2020-07-10,DHAMRA,1,1,1.11296591080073,0.0,1.0,1.2333333333333334,0.42952637620559186,1.9328686929251635
2020-07-11,DHAMRA,0,0,0.0,0.0,0.7142857142857143,1.1333333333333333,0.36479277103013885,1.6415674696356248
2020-07-12,DHAMRA,1,1,0.58588836266096,0.0,0.8571428571428571,1.1666666666666667,0.40180276654345565,1.8081124494455505
2020-07-13,DHAMRA,1,1,0.0,17.777461954174303,1.0,1.1666666666666667,0.44663262720034713,2.009846822401562
2020-07-14,DHAMRA,1,1,3.47868106854297,0.0,1.0,1.1333333333333333,0.4559964896748816,2.0519842035369673
2020-07-15,DHAMRA,1,1,0.0,32.9180919324521,0.8571428571428571,1.1333333333333333,0.40961764897181335,1.8432794203731602
2020-07-16,DHAMRA,0,0,0.0,0.0,0.7142857142857143,1.1,0.3714563710360877,1.6715536696623947
2020-07-17,DHAMRA,2,2,0.0,82.0994005839378,0.8571428571428571,1.1,0.4179562557371151,1.880803150817018
2020-07-18,DHAMRA,2,2,0.0,0.0,1.1428571428571428,1.1333333333333333,0.5031512187803152,2.2641804845114186
2020-07-19,DHAMRA,1,1,0.0,0.0,1.1428571428571428,1.1666666666666667,0.49234753636589823,2.215563913646542
2020-07-20,DHAMRA,0,0,0.0,0.0,1.0,1.1666666666666667,0.44663262720034713,2.009846822401562
2020-07-21,DHAMRA,2,2,0.0,66.42423253757,1.1428571428571428,1.1333333333333333,0.5031512187803152,2.2641804845114186
2020-07-22,DHAMRA,0,0,0.0,0.0,1.0,1.1,0.46596181968382483,2.0968281885772115
2020-07-23,DHAMRA,0,0,0.0,0.0,1.0,1.0666666666666667,0.47657965106367606,2.144608429786542
2020-07-24,DHAMRA,2,2,97.9457181574151,15.9752992016072,1.0,1.1,0.46596181968382483,2.0968281885772115
2020-07-25,DHAMRA,1,1,74.37773137960549,0.0,0.8571428571428571,1.0333333333333334,0.4364061875997187,1.9638278441987342
2020-07-26,DHAMRA,0,0,0.0,0.0,0.7142857142857143,1.0,0.3944675127794143,1.7751038075073642
2020-07-27,DHAMRA,2,2,0.0,51.9877873934775,1.0,1.0333333333333334,0.4879055854466635,2.1955751345099856
2020-07-28,DHAMRA,1,1,97.9457181574151,0.0,0.8571428571428571,0.9666666666666667,0.4576142859711148,2.059264286870017
2020-07-29,DHAMRA,2,2,0.0,49.3798270091608,1.1428571428571428,0.9666666666666667,0.5679271670816257,2.555672251867316
2020-07-30,DHAMRA,0,0,0.0,0.0,1.1428571428571428,0.9666666666666667,0.5679271670816257,2.555672251867316
2020-07-31,DHAMRA,1,1,0.0,33.9441351282206,1.0,1.0,0.5,2.25
2020-08-01,DHAMRA,2,2,43.5313025383237,1.01274837174336,1.1428571428571428,1.0,0.5533673727996529,2.490153177598438
2020-08-02,DHAMRA,3,3,0.0,51.1289455014321,1.5714285714285714,1.0666666666666667,0.670361700850297,3.0166276538263364
2020-08-03,DHAMRA,2,2,71.25467490456721,32.3219787145464,1.5714285714285714,1.0666666666666667,0.670361700850297,3.0166276538263364
2020-08-04,DHAMRA,0,0,0.0,0.0,1.4285714285714286,1.0666666666666667,0.6245552730329997,2.810498728648499
2020-08-05,DHAMRA,0,0,0.0,0.0,1.1428571428571428,1.0666666666666667,0.5267601195780712,2.3704205381013206
2020-08-06,DHAMRA,1,1,51.5917352697971,0.0,1.2857142857142858,1.0666666666666667,0.5764057290038561,2.5938257805173524
2020-08-07,DHAMRA,1,1,0.0,0.0,1.2857142857142858,1.0333333333333334,0.5905790004537695,2.657605502041963
2020-08-08,DHAMRA,0,0,0.0,0.0,1.0,1.0,0.5,2.25
2020-08-09,DHAMRA,3,3,74.7376770007012,57.3508690707058,1.0,1.0666666666666667,0.47657965106367606,2.144608429786542
2020-08-10,DHAMRA,0,0,0.0,0.0,0.7142857142857143,1.0666666666666667,0.37859036463180457,1.7036566408431206
2020-08-11,DHAMRA,0,0,0.0,0.0,0.7142857142857143,1.0333333333333334,0.3862427010007951,1.738092154503578
2020-08-12,DHAMRA,4,4,42.9062457730585,32.8000079499041,1.2857142857142858,1.1333333333333333,0.5502499566159056,2.476124804771575
2020-08-13,DHAMRA,2,2,78.5732759901536,0.0,1.4285714285714286,1.1666666666666667,0.5833971236320304,2.625287056344137
2020-08-14,DHAMRA,0,0,0.0,0.0,1.2857142857142858,1.1333333333333333,0.5502499566159056,2.476124804771575
2020-08-15,DHAMRA,1,1,44.8700893585957,0.0,1.4285714285714286,1.1666666666666667,0.5833971236320304,2.625287056344137
2020-08-16,DHAMRA,1,1,18.535900247547097,0.0,1.1428571428571428,1.1333333333333333,0.5031512187803152,2.2641804845114186
2020-08-17,DHAMRA,1,1,0.0,1.61700503490789,1.2857142857142858,1.1,0.5629754755257897,2.533389639866054
2020-08-18,DHAMRA,2,2,44.8674159853709,18.507789271784098,1.5714285714285714,1.1333333333333333,0.6410287331513121,2.884629299180905
2020-08-19,DHAMRA,0,0,0.0,0.0,1.0,1.1333333333333333,0.4559964896748816,2.0519842035369673
2020-08-20,DHAMRA,2,2,0.0,34.7887957416594,1.0,1.1333333333333333,0.4559964896748816,2.0519842035369673
2020-08-21,DHAMRA,1,1,80.51265660162079,0.0,1.1428571428571428,1.1666666666666667,0.49234753636589823,2.215563913646542
2020-08-22,DHAMRA,1,1,0.0,33.4583392624098,1.1428571428571428,1.2,0.48215044559386533,2.169677005172394
2020-08-23,DHAMRA,1,1,51.513792528552,4.03276290166979,1.1428571428571428,1.1666666666666667,0.49234753636589823,2.215563913646542
2020-08-24,DHAMRA,1,1,39.940401189280706,0.0,1.1428571428571428,1.1666666666666667,0.49234753636589823,2.215563913646542
2020-08-25,DHAMRA,0,0,0.0,0.0,0.8571428571428571,1.1666666666666667,0.40180276654345565,1.8081124494455505
2020-08-26,DHAMRA,0,0,0.0,0.0,0.8571428571428571,1.1,0.4179562557371151,1.880803150817018
2020-08-27,DHAMRA,2,2,80.2333657216063,0.0,0.8571428571428571,1.1333333333333333,0.40961764897181335,1.8432794203731602
2020-08-28,DHAMRA,0,0,0.0,0.0,0.7142857142857143,1.0666666666666667,0.37859036463180457,1.7036566408431206
2020-08-29,DHAMRA,1,1,0.0,0.0,0.7142857142857143,1.1,0.3714563710360877,1.6715536696623947
2020-08-30,DHAMRA,1,1,18.607518162843,9.93666777750512,0.7142857142857143,1.1,0.3714563710360877,1.6715536696623947
2020-08-31,DHAMRA,0,0,0.0,0.0,0.5714285714285714,1.0333333333333334,0.3383833439149577,1.5227250476173098
2020-09-01,DHAMRA,2,2,126.56638934636601,0.0,0.8571428571428571,1.0,0.44663262720034713,2.009846822401562
2020-09-02,DHAMRA,1,1,0.695700380896888,0.0,1.0,0.9666666666666667,0.5129281522943221,2.308176685324449
2020-09-03,DHAMRA,1,1,0.0,14.3912567869591,0.8571428571428571,1.0,0.44663262720034713,2.009846822401562
2020-09-04,DHAMRA,1,1,0.0,19.8059294546806,1.0,1.0333333333333334,0.4879055854466635,2.1955751345099856
2020-09-05,DHAMRA,0,0,0.0,0.0,0.8571428571428571,1.0,0.44663262720034713,2.009846822401562
2020-09-06,DHAMRA,3,3,58.54791935212371,9.93666777750512,1.1428571428571428,1.0666666666666667,0.5267601195780712,2.3704205381013206
2020-09-07,DHAMRA,0,0,0.0,0.0,1.1428571428571428,1.0666666666666667,0.5267601195780712,2.3704205381013206
2020-09-08,DHAMRA,2,2,0.0,37.0571591446475,1.1428571428571428,1.0333333333333334,0.5396630333881409,2.4284836502466343
2020-09-09,DHAMRA,2,2,41.310498175681104,0.0,1.2857142857142858,1.1,0.5629754755257897,2.533389639866054
2020-09-10,DHAMRA,2,2,67.1769950990232,48.0652372385374,1.4285714285714286,1.1666666666666667,0.5833971236320304,2.625287056344137
2020-09-11,DHAMRA,0,0,0.0,0.0,1.2857142857142858,1.0333333333333334,0.5905790004537695,2.657605502041963
2020-09-12,DHAMRA,1,1,0.0,10.2892115734209,1.4285714285714286,1.0,0.6553990357712653,2.949295660970694
2020-09-13,DHAMRA,1,1,82.5305476738334,0.0,1.1428571428571428,1.0333333333333334,0.5396630333881409,2.4284836502466343
2020-09-14,DHAMRA,3,3,37.215036325686,0.0,1.5714285714285714,1.1,0.6553990357712653,2.949295660970694
2020-09-15,DHAMRA,0,0,0.0,0.0,1.2857142857142858,1.0666666666666667,0.5764057290038561,2.5938257805173524
2020-09-16,DHAMRA,2,2,35.54262929566249,0.0,1.2857142857142858,1.1,0.5629754755257897,2.533389639866054
2020-09-17,DHAMRA,1,1,41.4255126017465,0.0,1.1428571428571428,1.0666666666666667,0.5267601195780712,2.3704205381013206
2020-09-18,DHAMRA,1,1,14.7188753200412,12.6781321188421,1.2857142857142858,1.1,0.5629754755257897,2.533389639866054
2020-09-19,DHAMRA,0,0,0.0,0.0,1.1428571428571428,1.0333333333333334,0.5396630333881409,2.4284836502466343
2020-09-20,DHAMRA,1,1,30.5380866023944,0.0,1.1428571428571428,1.0333333333333334,0.5396630333881409,2.4284836502466343
2020-09-21,DHAMRA,2,2,29.0140304950896,14.1302649247803,1.0,1.0666666666666667,0.47657965106367606,2.144608429786542
2020-09-22,DHAMRA,2,2,125.747069840462,0.0,1.2857142857142858,1.1,0.5629754755257897,2.533389639866054
2020-09-23,DHAMRA,0,0,0.0,0.0,1.0,1.0666666666666667,0.47657965106367606,2.144608429786542
2020-09-24,DHAMRA,1,1,0.0,0.0,1.0,1.1,0.46596181968382483,2.0968281885772115
2020-09-25,DHAMRA,0,0,0.0,0.0,0.8571428571428571,1.1,0.4179562557371151,1.880803150817018
2020-09-26,DHAMRA,1,1,0.0,18.496863148996102,1.0,1.0666666666666667,0.47657965106367606,2.144608429786542
2020-09-27,DHAMRA,0,0,0.0,0.0,0.8571428571428571,1.0666666666666667,0.4268676006272159,1.9209042028224717
2020-09-28,DHAMRA,1,1,0.0,0.0,0.7142857142857143,1.0666666666666667,0.37859036463180457,1.7036566408431206
2020-09-29,DHAMRA,0,0,0.0,0.0,0.42857142857142855,1.0333333333333334,0.29361724930457744,1.3212776218705984
2020-09-30,DHAMRA,2,2,133.37032209597498,0.0,0.7142857142857143,1.1,0.3714563710360877,1.6715536696623947
2020-10-01,DHAMRA,2,2,34.4204011429978,14.2801021423362,0.8571428571428571,1.1,0.4179562557371151,1.880803150817018
2020-10-02,DHAMRA,1,1,29.0140304950896,0.0,1.0,1.1,0.46596181968382483,2.0968281885772115
2020-10-03,DHAMRA,0,0,0.0,0.0,0.8571428571428571,1.0666666666666667,0.4268676006272159,1.9209042028224717
2020-10-04,DHAMRA,1,1,0.0,0.0,1.0,1.0666666666666667,0.47657965106367606,2.144608429786542
2020-10-05,DHAMRA,1,1,0.0,25.3562642376842,1.0,1.1,0.46596181968382483,2.0968281885772115
2020-10-06,DHAMRA,2,2,43.534582262474096,6.4367087512140895,1.2857142857142858,1.0666666666666667,0.5764057290038561,2.5938257805173524
2020-10-07,DHAMRA,3,3,96.8384464761891,0.0,1.4285714285714286,1.1666666666666667,0.5833971236320304,2.625287056344137
2020-10-08,DHAMRA,1,1,27.5483922772792,0.0,1.2857142857142858,1.1333333333333333,0.5502499566159056,2.476124804771575
2020-10-09,DHAMRA,2,2,91.455538421799,28.4062192049421,1.4285714285714286,1.1333333333333333,0.5964647504663407,2.6840913770985333
2020-10-10,DHAMRA,3,3,38.1290694609082,26.7127044197647,1.8571428571428572,1.1666666666666667,0.7084266872818712,3.1879200927684206
2020-10-11,DHAMRA,0,0,0.0,0.0,1.7142857142857142,1.1666666666666667,0.6690921006118895,3.010914452753503
2020-10-12,DHAMRA,0,0,0.0,0.0,1.5714285714285714,1.1333333333333333,0.6410287331513121,2.884629299180905
2020-10-13,DHAMRA,1,1,0.0,0.0,1.4285714285714286,1.1333333333333333,0.5964647504663407,2.6840913770985333
2020-10-14,DHAMRA,2,2,0.0,53.2581776741626,1.2857142857142858,1.1,0.5629754755257897,2.533389639866054
2020-10-15,DHAMRA,1,1,0.0,38.0606286128174,1.2857142857142858,1.1333333333333333,0.5502499566159056,2.476124804771575
2020-10-16,DHAMRA,1,1,0.0,1.20847134321672,1.1428571428571428,1.1,0.5146062326505889,2.31572804692765
2020-10-17,DHAMRA,1,1,0.0,21.3199005291348,0.8571428571428571,1.1,0.4179562557371151,1.880803150817018
2020-10-18,DHAMRA,1,1,0.0,34.533994648668205,1.0,1.1,0.46596181968382483,2.0968281885772115
2020-10-19,DHAMRA,0,0,0.0,0.0,1.0,1.1,0.46596181968382483,2.0968281885772115
2020-10-20,DHAMRA,0,0,0.0,0.0,0.8571428571428571,1.0666666666666667,0.4268676006272159,1.9209042028224717
2020-10-21,DHAMRA,0,0,0.0,0.0,0.5714285714285714,1.0,0.3446009642287346,1.5507043390293056
2020-10-22,DHAMRA,1,1,6.045920503133559,0.0,0.5714285714285714,0.9666666666666667,0.3513066790563569,1.580880055753606
2020-10-23,DHAMRA,0,0,0.0,0.0,0.42857142857142855,0.9666666666666667,0.30259408338436405,1.3616733752296382
2020-10-24,DHAMRA,1,1,54.8297084202202,0.0,0.42857142857142855,0.9666666666666667,0.30259408338436405,1.3616733752296382
2020-10-25,DHAMRA,1,1,5.84175230905777,0.0,0.42857142857142855,1.0,0.2979366301210704,1.3407148355448169
2020-10-26,DHAMRA,2,2,0.0,13.3095151094579,0.7142857142857143,1.0333333333333334,0.3862427010007951,1.738092154503578
2020-10-27,DHAMRA,2,2,67.1769950990232,23.5561787715554,1.0,1.1,0.46596181968382483,2.0968281885772115
2020-10-28,DHAMRA,0,0,0.0,0.0,1.0,1.0666666666666667,0.47657965106367606,2.144608429786542
2020-10-29,DHAMRA,1,1,1.1396934494598199,0.0,1.0,1.1,0.46596181968382483,2.0968281885772115
2020-10-30,DHAMRA,1,1,67.1769950990232,0.0,1.1428571428571428,1.0666666666666667,0.5267601195780712,2.3704205381013206
2020-10-31,DHAMRA,1,1,43.472855566364,0.0,1.1428571428571428,1.0333333333333334,0.5396630333881409,2.4284836502466343
2020-11-01,DHAMRA,1,1,0.585860840981215,0.0,1.1428571428571428,1.0333333333333334,0.5396630333881409,2.4284836502466343
2020-11-02,DHAMRA,1,1,41.468323059028904,0.0,1.0,1.0666666666666667,0.47657965106367606,2.144608429786542
2020-11-03,DHAMRA,0,0,0.0,0.0,0.7142857142857143,1.0333333333333334,0.3862427010007951,1.738092154503578
2020-11-04,DHAMRA,0,0,0.0,0.0,0.7142857142857143,1.0,0.3944675127794143,1.7751038075073642
2020-11-05,DHAMRA,2,2,46.2263592025783,38.385311965297,0.8571428571428571,1.0,0.44663262720034713,2.009846822401562
2020-11-06,DHAMRA,1,1,42.7888056017686,0.0,0.8571428571428571,0.9333333333333333,0.4694259472076499,2.1124167624344246
2020-11-07,DHAMRA,1,1,98.1584474462124,0.0,0.8571428571428571,0.9333333333333333,0.4694259472076499,2.1124167624344246
2020-11-08,DHAMRA,2,2,87.1418857807306,0.0,1.0,0.9333333333333333,0.5267601195780712,2.3704205381013206
2020-11-09,DHAMRA,1,1,0.0,26.7800454555151,1.0,0.8666666666666667,0.5574376329113073,2.508469348100883
2020-11-10,DHAMRA,2,2,41.3483680209996,0.0,1.2857142857142858,0.9333333333333333,0.637915109917611,2.8706179946292494
2020-11-11,DHAMRA,2,2,1.19988759001045,40.7798029222408,1.5714285714285714,1.0,0.7020633698789296,3.1592851644551834
2020-11-12,DHAMRA,0,0,0.0,0.0,1.2857142857142858,0.9666666666666667,0.6213009810172364,2.7958544145775637
2020-11-13,DHAMRA,1,1,0.0,0.0,1.2857142857142858,0.9333333333333333,0.637915109917611,2.8706179946292494
2020-11-14,DHAMRA,1,1,0.0,0.0,1.2857142857142858,0.9333333333333333,0.637915109917611,2.8706179946292494
2020-11-15,DHAMRA,0,0,0.0,0.0,1.0,0.9,0.5415704832167999,2.4370671744755996
2020-11-16,DHAMRA,0,0,0.0,0.0,0.8571428571428571,0.8666666666666667,0.495879214182326,2.231456463820467
2020-11-17,DHAMRA,0,0,0.0,0.0,0.5714285714285714,0.8333333333333334,0.384278175693148,1.729251790619166
2020-11-18,DHAMRA,2,2,0.0,44.119497758936696,0.5714285714285714,0.9,0.3664169843549362,1.648876429597213
2020-11-19,DHAMRA,0,0,0.0,0.0,0.5714285714285714,0.9,0.3664169843549362,1.648876429597213
2020-11-20,DHAMRA,0,0,0.0,0.0,0.42857142857142855,0.9,0.3130896353396874,1.4089033590285933
2020-11-21,DHAMRA,1,1,28.2484728295055,0.655093533353778,0.42857142857142855,0.9,0.3130896353396874,1.4089033590285933
2020-11-22,DHAMRA,1,1,0.0,2.49378513511006,0.5714285714285714,0.9333333333333333,0.35855700680362323,1.6135065306163046
2020-11-23,DHAMRA,0,0,0.0,0.0,0.5714285714285714,0.9,0.3664169843549362,1.648876429597213
2020-11-24,DHAMRA,1,1,44.965970358974495,0.0,0.7142857142857143,0.9,0.4232309758150566,1.9045393911677546
2020-11-25,DHAMRA,1,1,0.0,44.055147005622295,0.5714285714285714,0.8666666666666667,0.37496170690176517,1.6873276810579432
2020-11-26,DHAMRA,0,0,0.0,0.0,0.5714285714285714,0.8,0.3944675127794143,1.7751038075073642
2020-11-27,DHAMRA,0,0,0.0,0.0,0.5714285714285714,0.8,0.3944675127794143,1.7751038075073642
2020-11-28,DHAMRA,1,1,25.3641237416361,0.0,0.5714285714285714,0.8,0.3944675127794143,1.7751038075073642
2020-11-29,DHAMRA,0,0,0.0,0.0,0.42857142857142855,0.7666666666666667,0.3404048297802547,1.5318217340111462
2020-11-30,DHAMRA,1,1,41.433649075502,0.0,0.5714285714285714,0.7666666666666667,0.4056476070907559,1.8254142319084017
2020-12-01,DHAMRA,0,0,0.0,0.0,0.42857142857142855,0.7333333333333333,0.3490138812211882,1.570562465495347
2020-12-02,DHAMRA,1,1,44.8639508192137,0.0,0.42857142857142855,0.7333333333333333,0.3490138812211882,1.570562465495347
2020-12-03,DHAMRA,2,2,45.7158335520458,10.8888583587855,0.7142857142857143,0.8,0.4599076870805793,2.069584591862607
2020-12-04,DHAMRA,1,1,27.9639281508999,0.0,0.8571428571428571,0.8333333333333334,0.5107126460737526,2.2982069073318865
2020-12-05,DHAMRA,2,2,126.149534231446,0.0,1.0,0.8333333333333334,0.574442516811659,2.5849913256524655
2020-12-06,DHAMRA,0,0,0.0,0.0,1.0,0.8,0.5926665999540697,2.6669996997933136
2020-12-07,DHAMRA,1,1,0.0,27.4226689895504,1.0,0.8,0.5926665999540697,2.6669996997933136
2020-12-08,DHAMRA,1,1,40.6975203725477,0.0,1.1428571428571428,0.7666666666666667,0.676125988345924,3.042566947556658
2020-12-09,DHAMRA,2,2,93.59587467991061,0.0,1.2857142857142858,0.8,0.7131463054619585,3.209158374578813
2020-12-10,DHAMRA,0,0,0.0,0.0,1.0,0.7333333333333333,0.6330803692548326,2.8488616616467466
2020-12-11,DHAMRA,1,1,46.8994776035944,0.0,1.0,0.7,0.6553990357712653,2.949295660970694
2020-12-12,DHAMRA,0,0,0.0,0.0,0.7142857142857143,0.7,0.5076524636341017,2.2844360863534576
2020-12-13,DHAMRA,4,4,148.074360499509,19.6026090197208,1.2857142857142858,0.8,0.7131463054619585,3.209158374578813
2020-12-14,DHAMRA,0,0,0.0,0.0,1.1428571428571428,0.7666666666666667,0.676125988345924,3.042566947556658
2020-12-15,DHAMRA,1,1,6.95785894047102,0.0,1.1428571428571428,0.8,0.6553990357712653,2.949295660970694
2020-12-16,DHAMRA,0,0,0.0,0.0,0.8571428571428571,0.8,0.5267601195780712,2.3704205381013206
2020-12-17,DHAMRA,0,0,0.0,0.0,0.8571428571428571,0.8,0.5267601195780712,2.3704205381013206
2020-12-18,DHAMRA,1,1,0.0,32.3960268366999,0.8571428571428571,0.7666666666666667,0.5441394571844889,2.4486275573302
2020-12-19,DHAMRA,1,1,22.3246237909999,10.424357352594399,1.0,0.8,0.5926665999540697,2.6669996997933136
2020-12-20,DHAMRA,0,0,0.0,0.0,0.42857142857142855,0.8,0.33260453459539463,1.4967204056792758
2020-12-21,DHAMRA,0,0,0.0,0.0,0.42857142857142855,0.7666666666666667,0.3404048297802547,1.5318217340111462
2020-12-22,DHAMRA,1,1,96.9855637742041,0.0,0.42857142857142855,0.7666666666666667,0.3404048297802547,1.5318217340111462
2020-12-23,DHAMRA,1,1,0.0,38.341368108409796,0.5714285714285714,0.8,0.3944675127794143,1.7751038075073642
2020-12-24,DHAMRA,1,1,0.0,0.0,0.7142857142857143,0.8,0.4599076870805793,2.069584591862607
2020-12-25,DHAMRA,1,1,0.0,9.20348824310323,0.7142857142857143,0.8,0.4599076870805793,2.069584591862607
2020-12-26,DHAMRA,1,1,0.0,15.2868138382616,0.7142857142857143,0.8333333333333334,0.44663262720034713,2.009846822401562
2020-12-27,DHAMRA,1,1,80.2333657216063,0.0,0.8571428571428571,0.8666666666666667,0.495879214182326,2.231456463820467
2020-12-28,DHAMRA,1,1,0.0,4.597932362753481,1.0,0.8666666666666667,0.5574376329113073,2.508469348100883
2020-12-29,DHAMRA,0,0,0.0,0.0,0.8571428571428571,0.8666666666666667,0.495879214182326,2.231456463820467
2020-12-30,DHAMRA,1,1,93.93335443848541,0.0,0.8571428571428571,0.8666666666666667,0.495879214182326,2.231456463820467
2020-12-31,DHAMRA,3,3,42.388706923753595,34.5128210655459,1.1428571428571428,0.9666666666666667,0.5679271670816257,2.555672251867316
2021-01-01,DHAMRA,0,0,0.0,0.0,1.0,0.9333333333333333,0.5267601195780712,2.3704205381013206
2021-01-02,DHAMRA,3,3,0.0,30.11026482164,1.2857142857142858,0.9666666666666667,0.6213009810172364,2.7958544145775637
2021-01-03,DHAMRA,2,2,53.0917738183685,14.5149789769121,1.4285714285714286,1.0,0.6553990357712653,2.949295660970694
2021-01-04,DHAMRA,0,0,0.0,0.0,1.2857142857142858,0.9333333333333333,0.637915109917611,2.8706179946292494
2021-01-05,DHAMRA,2,2,0.0,1.38123720282018,1.5714285714285714,1.0,0.7020633698789296,3.1592851644551834
2021-01-06,DHAMRA,1,1,96.7306001270836,0.0,1.5714285714285714,1.0,0.7020633698789296,3.1592851644551834
2021-01-07,DHAMRA,1,1,0.0,1.38123720282018,1.2857142857142858,1.0,0.6055324872205857,2.724896192492636
2021-01-08,DHAMRA,0,0,0.0,0.0,1.2857142857142858,0.9333333333333333,0.637915109917611,2.8706179946292494
2021-01-09,DHAMRA,0,0,0.0,0.0,0.8571428571428571,0.9333333333333333,0.4694259472076499,2.1124167624344246
2021-01-10,DHAMRA,1,1,0.0,34.8442226706723,0.7142857142857143,0.9333333333333333,0.41288761607846486,1.8579942723530918
2021-01-11,DHAMRA,0,0,0.0,0.0,0.7142857142857143,0.9333333333333333,0.41288761607846486,1.8579942723530918
2021-01-12,DHAMRA,0,0,0.0,0.0,0.42857142857142855,0.8,0.33260453459539463,1.4967204056792758
2021-01-13,DHAMRA,0,0,0.0,0.0,0.2857142857142857,0.8,0.27602094452130677,1.2420942503458805
2021-01-14,DHAMRA,0,0,0.0,0.0,0.14285714285714285,0.7666666666666667,0.22784901820834996,1.0253205819375748
2021-01-15,DHAMRA,0,0,0.0,0.0,0.14285714285714285,0.7666666666666667,0.22784901820834996,1.0253205819375748
2021-01-16,DHAMRA,1,1,0.0,31.568340200393198,0.2857142857142857,0.8,0.27602094452130677,1.2420942503458805
2021-01-17,DHAMRA,1,1,47.6418024112869,0.0,0.2857142857142857,0.8,0.27602094452130677,1.2420942503458805
2021-01-18,DHAMRA,1,1,2.41823980986065,0.0,0.42857142857142855,0.8,0.33260453459539463,1.4967204056792758
2021-01-19,DHAMRA,0,0,0.0,0.0,0.42857142857142855,0.8,0.33260453459539463,1.4967204056792758
2021-01-20,DHAMRA,0,0,0.0,0.0,0.42857142857142855,0.8,0.33260453459539463,1.4967204056792758
2021-01-21,DHAMRA,0,0,0.0,0.0,0.42857142857142855,0.7666666666666667,0.3404048297802547,1.5318217340111462
2021-01-22,DHAMRA,0,0,0.0,0.0,0.42857142857142855,0.7333333333333333,0.3490138812211882,1.570562465495347
2021-01-23,DHAMRA,2,2,65.2583885278891,0.0,0.5714285714285714,0.7666666666666667,0.4056476070907559,1.8254142319084017
2021-01-24,DHAMRA,0,0,0.0,0.0,0.42857142857142855,0.7333333333333333,0.3490138812211882,1.570562465495347
2021-01-25,DHAMRA,1,1,0.0,35.1274931273643,0.42857142857142855,0.7333333333333333,0.3490138812211882,1.570562465495347
2021-01-26,DHAMRA,0,0,0.0,0.0,0.42857142857142855,0.7,0.35855700680362323,1.6135065306163046
2021-01-27,DHAMRA,3,3,70.5229797525238,0.0,0.8571428571428571,0.7666666666666667,0.5441394571844889,2.4486275573302
2021-01-28,DHAMRA,2,2,0.0,60.997403541128605,1.1428571428571428,0.8333333333333334,0.6357911951701146,2.861060378265516
2021-01-29,DHAMRA,0,0,0.0,0.0,1.1428571428571428,0.8,0.6553990357712653,2.949295660970694
2021-01-30,DHAMRA,1,1,0.0,35.761531609692206,1.0,0.7333333333333333,0.6330803692548326,2.8488616616467466
2021-01-31,DHAMRA,1,1,0.557633360803811,0.0,1.1428571428571428,0.7666666666666667,0.676125988345924,3.042566947556658
2021-02-01,DHAMRA,0,0,0.0,0.0,1.0,0.6666666666666666,0.679178699175393,3.0563041462892686
2021-02-02,DHAMRA,1,1,47.2226193460988,0.0,1.1428571428571428,0.6333333333333333,0.7697263924549363,3.4637687660472136
2021-02-03,DHAMRA,0,0,0.0,0.0,0.7142857142857143,0.6333333333333333,0.5477860353479961,2.4650371590659823
2021-02-04,DHAMRA,0,0,0.0,0.0,0.42857142857142855,0.5666666666666667,0.40961764897181335,1.8432794203731602
2021-02-05,DHAMRA,1,1,46.9348715307395,0.0,0.5714285714285714,0.5666666666666667,0.5031512187803152,2.2641804845114186
2021-02-06,DHAMRA,2,2,55.2645142089204,0.0,0.7142857142857143,0.6,0.5709465968834663,2.5692596859755983
2021-02-07,DHAMRA,0,0,0.0,0.0,0.5714285714285714,0.6,0.48215044559386533,2.169677005172394
2021-02-08,DHAMRA,1,1,0.0,0.0,0.7142857142857143,0.6333333333333333,0.5477860353479961,2.4650371590659823
2021-02-09,DHAMRA,1,1,0.0,0.0,0.7142857142857143,0.6333333333333333,0.5477860353479961,2.4650371590659823
2021-02-10,DHAMRA,2,2,0.0,30.8123438006961,1.0,0.7,0.6553990357712653,2.949295660970694
2021-02-11,DHAMRA,2,2,0.0,5.23310070917323,1.2857142857142858,0.7666666666666667,0.7341005835304253,3.303452625886914
2021-02-12,DHAMRA,0,0,0.0,0.0,1.1428571428571428,0.7666666666666667,0.676125988345924,3.042566947556658
2021-02-13,DHAMRA,1,1,1.3686815240813601,0.0,1.0,0.8,0.5926665999540697,2.6669996997933136
2021-02-14,DHAMRA,1,1,0.0,15.470590516043499,1.1428571428571428,0.8333333333333334,0.6357911951701146,2.861060378265516
2021-02-15,DHAMRA,0,0,0.0,0.0,1.0,0.8,0.5926665999540697,2.6669996997933136
2021-02-16,DHAMRA,1,1,0.0,29.899705374773998,1.0,0.8,0.5926665999540697,2.6669996997933136
2021-02-17,DHAMRA,0,0,0.0,0.0,0.7142857142857143,0.7666666666666667,0.47440128348604355,2.134805775687196
2021-02-18,DHAMRA,0,0,0.0,0.0,0.42857142857142855,0.7666666666666667,0.3404048297802547,1.5318217340111462
2021-02-19,DHAMRA,0,0,0.0,0.0,0.42857142857142855,0.7666666666666667,0.3404048297802547,1.5318217340111462
2021-02-20,DHAMRA,1,1,47.6063031282859,0.0,0.42857142857142855,0.8,0.33260453459539463,1.4967204056792758
2021-02-21,DHAMRA,2,2,0.0,32.4505735207093,0.5714285714285714,0.8666666666666667,0.37496170690176517,1.6873276810579432
2021-02-22,DHAMRA,1,1,0.0,29.006475988279902,0.7142857142857143,0.8333333333333334,0.44663262720034713,2.009846822401562
2021-02-23,DHAMRA,0,0,0.0,0.0,0.5714285714285714,0.8333333333333334,0.384278175693148,1.729251790619166
2021-02-24,DHAMRA,1,1,42.1174264013183,0.0,0.7142857142857143,0.8333333333333334,0.44663262720034713,2.009846822401562
2021-02-25,DHAMRA,2,2,48.9601022489812,38.4331082836185,1.0,0.9,0.5415704832167999,2.4370671744755996
2021-02-26,DHAMRA,1,1,0.47028819644103,0.0,1.1428571428571428,0.8333333333333334,0.6357911951701146,2.861060378265516
2021-02-27,DHAMRA,0,0,0.0,0.0,1.0,0.7666666666666667,0.6121887123277204,2.7548492054747418
2021-02-28,DHAMRA,1,1,0.0,50.6576464930567,0.8571428571428571,0.8,0.5267601195780712,2.3704205381013206
2021-03-01,DHAMRA,0,0,0.0,0.0,0.7142857142857143,0.7666666666666667,0.47440128348604355,2.134805775687196
2021-03-02,DHAMRA,0,0,0.0,0.0,0.7142857142857143,0.7333333333333333,0.49026097218520404,2.2061743748334184
2021-03-03,DHAMRA,1,1,0.0,0.0,0.7142857142857143,0.7666666666666667,0.47440128348604355,2.134805775687196
2021-03-04,DHAMRA,1,1,0.0,47.490417676714195,0.5714285714285714,0.7666666666666667,0.4056476070907559,1.8254142319084017
2021-03-05,DHAMRA,0,0,0.0,0.0,0.42857142857142855,0.7666666666666667,0.3404048297802547,1.5318217340111462
2021-03-06,DHAMRA,2,2,144.77056188311,0.0,0.7142857142857143,0.8333333333333334,0.44663262720034713,2.009846822401562
2021-03-07,DHAMRA,0,0,0.0,0.0,0.5714285714285714,0.8,0.3944675127794143,1.7751038075073642
2021-03-08,DHAMRA,2,2,47.2539445379832,49.6760410404043,0.8571428571428571,0.8,0.5267601195780712,2.3704205381013206
2021-03-09,DHAMRA,0,0,0.0,0.0,0.8571428571428571,0.8,0.5267601195780712,2.3704205381013206
2021-03-10,DHAMRA,0,0,0.0,0.0,0.7142857142857143,0.7666666666666667,0.47440128348604355,2.134805775687196
2021-03-11,DHAMRA,1,1,0.0,30.1028226945635,0.7142857142857143,0.7666666666666667,0.47440128348604355,2.134805775687196
2021-03-12,DHAMRA,0,0,0.0,0.0,0.7142857142857143,0.7,0.5076524636341017,2.2844360863534576
2021-03-13,DHAMRA,0,0,0.0,0.0,0.42857142857142855,0.6333333333333333,0.38108101201258543,1.7148645540566345
2021-03-14,DHAMRA,0,0,0.0,0.0,0.42857142857142855,0.6333333333333333,0.38108101201258543,1.7148645540566345
2021-03-15,DHAMRA,0,0,0.0,0.0,0.14285714285714285,0.6,0.24179617240741008,1.0880827758333453
2021-03-16,DHAMRA,0,0,0.0,0.0,0.14285714285714285,0.5666666666666667,0.24566852240179055,1.1055083508080574
2021-03-17,DHAMRA,2,2,0.0,26.8941533983111,0.42857142857142855,0.6333333333333333,0.38108101201258543,1.7148645540566345
2021-03-18,DHAMRA,1,1,0.0,14.7787080060735,0.42857142857142855,0.6333333333333333,0.38108101201258543,1.7148645540566345
2021-03-19,DHAMRA,1,1,0.0,31.8805776767163,0.5714285714285714,0.6666666666666666,0.44663262720034713,2.009846822401562
2021-03-20,DHAMRA,0,0,0.0,0.0,0.5714285714285714,0.6666666666666666,0.44663262720034713,2.009846822401562
2021-03-21,DHAMRA,1,1,53.8916943579188,0.0,0.7142857142857143,0.7,0.5076524636341017,2.2844360863534576
2021-03-22,DHAMRA,1,1,42.8085703719653,0.0,0.8571428571428571,0.7,0.5833971236320304,2.625287056344137
2021-03-23,DHAMRA,2,2,0.0,43.1687549326033,1.1428571428571428,0.7,0.7209099194040978,3.24409463731844
2021-03-24,DHAMRA,1,1,0.0,1.61373292518305,1.0,0.7,0.6553990357712653,2.949295660970694
2021-03-25,DHAMRA,0,0,0.0,0.0,0.8571428571428571,0.7,0.5833971236320304,2.625287056344137
2021-03-26,DHAMRA,1,1,80.31976294629541,0.0,0.8571428571428571,0.7,0.5833971236320304,2.625287056344137
2021-03-27,DHAMRA,4,4,53.1923285495261,65.63076956115479,1.4285714285714286,0.7666666666666667,0.784997530177847,3.5324888858003116
2021-03-28,DHAMRA,1,1,44.8100414991266,0.0,1.4285714285714286,0.7666666666666667,0.784997530177847,3.5324888858003116
2021-03-29,DHAMRA,2,2,93.9389984344112,0.0,1.5714285714285714,0.8333333333333334,0.7906042341413257,3.557719053635966
2021-03-30,DHAMRA,1,1,17.4489350885534,0.0,1.4285714285714286,0.8333333333333334,0.7448684956686833,3.351908230509075
2021-03-31,DHAMRA,1,1,45.0119251019535,0.0,1.4285714285714286,0.8666666666666667,0.7256229899299018,3.2653034546845583
2021-04-01,DHAMRA,1,1,0.0,0.0,1.5714285714285714,0.9,0.7538120168321845,3.39215407574483
2021-04-02,DHAMRA,0,0,0.0,0.0,1.4285714285714286,0.8666666666666667,0.7256229899299018,3.2653034546845583
2021-04-03,DHAMRA,3,3,94.6968055404916,11.5446293828517,1.2857142857142858,0.9333333333333333,0.637915109917611,2.8706179946292494
2021-04-04,DHAMRA,1,1,0.0,36.2294367352407,1.2857142857142858,0.9666666666666667,0.6213009810172364,2.7958544145775637
2021-04-05,DHAMRA,2,2,148.369942764841,1.1859358266964,1.2857142857142858,0.9666666666666667,0.6213009810172364,2.7958544145775637
2021-04-06,DHAMRA,3,3,0.0,75.5543601302425,1.5714285714285714,1.0666666666666667,0.670361700850297,3.0166276538263364
2021-04-07,DHAMRA,1,1,41.365182802491695,0.0,1.5714285714285714,1.0333333333333334,0.6859184313087902,3.086632940889556
2021-04-08,DHAMRA,0,0,0.0,0.0,1.4285714285714286,1.0333333333333334,0.6396240336602096,2.878308151470943
2021-04-09,DHAMRA,0,0,0.0,0.0,1.4285714285714286,1.0333333333333334,0.6396240336602096,2.878308151470943
2021-04-10,DHAMRA,1,1,0.0,33.5466410526163,1.1428571428571428,1.0333333333333334,0.5396630333881409,2.4284836502466343
2021-04-11,DHAMRA,0,0,0.0,0.0,1.0,1.0333333333333334,0.4879055854466635,2.1955751345099856
2021-04-12,DHAMRA,0,0,0.0,0.0,0.7142857142857143,1.0333333333333334,0.3862427010007951,1.738092154503578
2021-04-13,DHAMRA,0,0,0.0,0.0,0.2857142857142857,1.0333333333333334,0.2525131368532423,1.1363091158395902
2021-04-14,DHAMRA,1,1,0.0,10.897171807938498,0.2857142857142857,1.0666666666666667,0.2500746329788933,1.12533584840502
2021-04-15,DHAMRA,0,0,0.0,0.0,0.2857142857142857,1.0666666666666667,0.2500746329788933,1.12533584840502
2021-04-16,DHAMRA,0,0,0.0,0.0,0.2857142857142857,1.0,0.25513150433131665,1.148091769490925
2021-04-17,DHAMRA,1,1,0.0,47.490417676714195,0.2857142857142857,1.0,0.25513150433131665,1.148091769490925
2021-04-18,DHAMRA,0,0,0.0,0.0,0.2857142857142857,0.9666666666666667,0.257950117210218,1.160775527445981
2021-04-19,DHAMRA,1,1,82.6973723879113,0.0,0.42857142857142855,1.0,0.2979366301210704,1.3407148355448169
2021-04-20,DHAMRA,1,1,0.0,15.286282434982901,0.5714285714285714,1.0,0.3446009642287346,1.5507043390293056
2021-04-21,DHAMRA,0,0,0.0,0.0,0.42857142857142855,0.9666666666666667,0.30259408338436405,1.3616733752296382
2021-04-22,DHAMRA,0,0,0.0,0.0,0.42857142857142855,0.9,0.3130896353396874,1.4089033590285933
2021-04-23,DHAMRA,1,1,0.0,14.7816857735444,0.5714285714285714,0.9,0.3664169843549362,1.648876429597213
2021-04-24,DHAMRA,3,3,95.22064113844449,16.863852923272,0.8571428571428571,1.0,0.44663262720034713,2.009846822401562
2021-04-25,DHAMRA,2,2,45.4469956849172,32.205296653155,1.1428571428571428,1.0333333333333334,0.5396630333881409,2.4284836502466343
2021-04-26,DHAMRA,0,0,0.0,0.0,1.0,0.9,0.5415704832167999,2.4370671744755996
2021-04-27,DHAMRA,1,1,43.5249554982645,0.0,1.0,0.9,0.5415704832167999,2.4370671744755996
2021-04-28,DHAMRA,1,1,0.0,0.288684996290282,1.1428571428571428,0.8666666666666667,0.617280685023271,2.7777630826047197
2021-04-29,DHAMRA,1,1,0.0,0.0,1.2857142857142858,0.8666666666666667,0.6737674882875564,3.0319536972940035
2021-04-30,DHAMRA,2,2,46.2203374591885,0.0,1.4285714285714286,0.9,0.7070195389445062,3.1815879252502777
2021-05-01,DHAMRA,1,1,0.0,3.75434265329959,1.1428571428571428,0.9,0.5998312193351399,2.69924048700813
2021-05-02,DHAMRA,0,0,0.0,0.0,0.8571428571428571,0.9,0.48215044559386533,2.169677005172394
2021-05-03,DHAMRA,2,2,83.00008905808531,0.0,1.1428571428571428,0.8666666666666667,0.617280685023271,2.7777630826047197
2021-05-04,DHAMRA,0,0,0.0,0.0,1.0,0.8333333333333334,0.574442516811659,2.5849913256524655
2021-05-05,DHAMRA,2,2,42.8022193930862,0.0,1.1428571428571428,0.8333333333333334,0.6357911951701146,2.861060378265516
2021-05-06,DHAMRA,0,0,0.0,0.0,1.0,0.7333333333333333,0.6330803692548326,2.8488616616467466
2021-05-07,DHAMRA,0,0,0.0,0.0,0.7142857142857143,0.7,0.5076524636341017,2.2844360863534576
2021-05-08,DHAMRA,3,3,0.0,56.491394423768,1.0,0.8,0.5926665999540697,2.6669996997933136
2021-05-09,DHAMRA,2,2,50.3298848821253,0.549500601489228,1.2857142857142858,0.8666666666666667,0.6737674882875564,3.0319536972940035
2021-05-10,DHAMRA,1,1,0.0,0.0,1.1428571428571428,0.8666666666666667,0.617280685023271,2.7777630826047197
2021-05-11,DHAMRA,1,1,42.7756836092096,0.0,1.2857142857142858,0.9,0.6553990357712653,2.949295660970694
2021-05-12,DHAMRA,1,1,0.0,34.5868280153423,1.1428571428571428,0.9333333333333333,0.5833971236320303,2.6252870563441366
2021-05-13,DHAMRA,1,1,6.01828857552109,0.0,1.2857142857142858,0.9666666666666667,0.6213009810172364,2.7958544145775637
2021-05-14,DHAMRA,1,1,0.0,34.0303367509619,1.4285714285714286,0.9666666666666667,0.6718906723485366,3.0235080255684146
2021-05-15,DHAMRA,1,1,0.0,19.6212201903792,1.1428571428571428,1.0,0.5533673727996529,2.490153177598438
2021-05-16,DHAMRA,1,1,65.7128343269565,0.0,1.0,1.0333333333333334,0.4879055854466635,2.1955751345099856
2021-05-17,DHAMRA,1,1,0.0,30.640193242313,1.0,1.0333333333333334,0.4879055854466635,2.1955751345099856
2021-05-18,DHAMRA,2,2,53.870742407475504,0.0,1.1428571428571428,1.1,0.5146062326505889,2.31572804692765
2021-05-19,DHAMRA,1,1,0.0,9.76785271562434,1.1428571428571428,1.1,0.5146062326505889,2.31572804692765
2021-05-20,DHAMRA,1,1,33.313903697293,0.0,1.1428571428571428,1.1,0.5146062326505889,2.31572804692765
2021-05-21,DHAMRA,1,1,0.0,26.3357201942082,1.1428571428571428,1.1333333333333333,0.5031512187803152,2.2641804845114186
2021-05-22,DHAMRA,2,2,1.2100247052203599,29.735665073175202,1.2857142857142858,1.2,0.5267601195780712,2.3704205381013206
2021-05-23,DHAMRA,0,0,0.0,0.0,1.1428571428571428,1.1666666666666667,0.49234753636589823,2.215563913646542
2021-05-24,DHAMRA,0,0,0.0,0.0,1.0,1.0666666666666667,0.47657965106367606,2.144608429786542
2021-05-25,DHAMRA,0,0,0.0,0.0,0.7142857142857143,1.0,0.3944675127794143,1.7751038075073642
2021-05-26,DHAMRA,0,0,0.0,0.0,0.5714285714285714,1.0,0.3446009642287346,1.5507043390293056
2021-05-27,DHAMRA,1,1,0.0,0.537183479134132,0.5714285714285714,1.0,0.3446009642287346,1.5507043390293056
2021-05-28,DHAMRA,1,1,13.4463543446675,0.0,0.5714285714285714,1.0,0.3446009642287346,1.5507043390293056
2021-05-29,DHAMRA,2,2,43.3508206468778,30.319271439274598,0.5714285714285714,1.0333333333333334,0.3383833439149577,1.5227250476173098
2021-05-30,DHAMRA,2,2,0.0,50.187600594596,0.8571428571428571,1.0333333333333334,0.4364061875997187,1.9638278441987342
2021-05-31,DHAMRA,0,0,0.0,0.0,0.8571428571428571,1.0,0.44663262720034713,2.009846822401562
2021-06-01,DHAMRA,3,3,81.44301749183809,10.6385280232856,1.2857142857142858,1.1,0.5629754755257897,2.533389639866054
2021-06-02,DHAMRA,0,0,0.0,0.0,1.2857142857142858,1.0333333333333334,0.5905790004537695,2.657605502041963
2021-06-03,DHAMRA,1,1,10.890517422560501,0.0,1.2857142857142858,1.0666666666666667,0.5764057290038561,2.5938257805173524
2021-06-04,DHAMRA,2,2,0.0,42.2122079664035,1.4285714285714286,1.0666666666666667,0.6245552730329997,2.810498728648499
2021-06-05,DHAMRA,3,3,174.14908085192698,11.6989499508396,1.5714285714285714,1.1666666666666667,0.6272432035816201,2.8225944161172905
2021-06-06,DHAMRA,1,1,0.0,35.697389855381104,1.4285714285714286,1.2,0.5709465968834663,2.5692596859755983
2021-06-07,DHAMRA,1,1,0.99132494931281,0.0,1.5714285714285714,1.1333333333333333,0.6410287331513121,2.884629299180905
2021-06-08,DHAMRA,2,2,0.0,25.9447484593158,1.4285714285714286,1.1333333333333333,0.5964647504663407,2.6840913770985333
2021-06-09,DHAMRA,1,1,0.0,11.9587163717029,1.5714285714285714,1.1333333333333333,0.6410287331513121,2.884629299180905
2021-06-10,DHAMRA,1,1,14.9327404957828,0.0,1.5714285714285714,1.1333333333333333,0.6410287331513121,2.884629299180905
2021-06-11,DHAMRA,1,1,0.0,0.0,1.4285714285714286,1.1333333333333333,0.5964647504663407,2.6840913770985333
2021-06-12,DHAMRA,1,1,0.0,33.996402389987004,1.1428571428571428,1.1333333333333333,0.5031512187803152,2.2641804845114186
2021-06-13,DHAMRA,2,2,6.6584884774586195,13.3811047503761,1.2857142857142858,1.1666666666666667,0.5381907749287074,2.421858487179183
2021-06-14,DHAMRA,2,2,36.465994776977,0.0,1.4285714285714286,1.2,0.5709465968834663,2.5692596859755983
2021-06-15,DHAMRA,0,0,0.0,0.0,1.1428571428571428,1.1666666666666667,0.49234753636589823,2.215563913646542
2021-06-16,DHAMRA,2,2,84.10741354193759,20.5331038781317,1.2857142857142858,1.2,0.5267601195780712,2.3704205381013206
2021-06-17,DHAMRA,1,1,0.0,0.0,1.2857142857142858,1.1666666666666667,0.5381907749287074,2.421858487179183
2021-06-18,DHAMRA,1,1,0.0,19.461261112924102,1.2857142857142858,1.1666666666666667,0.5381907749287074,2.421858487179183
2021-06-19,DHAMRA,0,0,0.0,0.0,1.1428571428571428,1.1333333333333333,0.5031512187803152,2.2641804845114186
2021-06-20,DHAMRA,1,1,0.0,4.80490859384554,1.0,1.1333333333333333,0.4559964896748816,2.0519842035369673
2021-06-21,DHAMRA,1,1,37.0297601029146,0.0,0.8571428571428571,1.1,0.4179562557371151,1.880803150817018
2021-06-22,DHAMRA,0,0,0.0,0.0,0.8571428571428571,1.1,0.4179562557371151,1.880803150817018
2021-06-23,DHAMRA,2,2,0.0,44.0684962741794,0.8571428571428571,1.1666666666666667,0.40180276654345565,1.8081124494455505
2021-06-24,DHAMRA,1,1,79.09916573488991,0.0,0.8571428571428571,1.2,0.3944675127794143,1.7751038075073642
2021-06-25,DHAMRA,2,2,0.0,0.0,1.0,1.2666666666666666,0.4217022267039683,1.8976600201678573
2021-06-26,DHAMRA,0,0,0.0,11.0983088504392,1.0,1.2333333333333334,0.42952637620559186,1.9328686929251635
2021-06-27,DHAMRA,0,0,0.0,0.0,0.8571428571428571,1.2,0.3944675127794143,1.7751038075073642
2021-06-28,DHAMRA,3,3,0.0,47.3260104896941,1.1428571428571428,1.2333333333333334,0.4725180722960206,2.126331325332093
2021-06-29,DHAMRA,1,1,35.2549855658891,0.0,1.2857142857142858,1.2,0.5267601195780712,2.3704205381013206
2021-06-30,DHAMRA,1,1,0.0,4.09318462397612,1.1428571428571428,1.2333333333333334,0.4725180722960206,2.126331325332093
2021-07-01,DHAMRA,1,1,0.0,0.0,1.1428571428571428,1.1666666666666667,0.49234753636589823,2.215563913646542
2021-07-02,DHAMRA,2,2,84.9119931550555,25.9776685052239,1.1428571428571428,1.2333333333333334,0.4725180722960206,2.126331325332093
2021-07-03,DHAMRA,0,0,0.0,0.0,1.1428571428571428,1.2,0.48215044559386533,2.169677005172394
2021-07-04,DHAMRA,0,0,0.0,0.0,1.1428571428571428,1.1333333333333333,0.5031512187803152,2.2641804845114186
2021-07-05,DHAMRA,3,3,146.938512049326,0.0,1.1428571428571428,1.1333333333333333,0.5031512187803152,2.2641804845114186
2021-07-06,DHAMRA,1,1,0.0,1.20847134321672,1.1428571428571428,1.1333333333333333,0.5031512187803152,2.2641804845114186
2021-07-07,DHAMRA,1,1,0.0,31.6421823228188,1.1428571428571428,1.1333333333333333,0.5031512187803152,2.2641804845114186
2021-07-08,DHAMRA,0,0,0.0,0.0,1.0,1.0666666666666667,0.47657965106367606,2.144608429786542
2021-07-09,DHAMRA,1,1,0.0,14.5268832133004,0.8571428571428571,1.0666666666666667,0.4268676006272159,1.9209042028224717
2021-07-10,DHAMRA,3,3,123.752633745299,0.0,1.2857142857142858,1.1333333333333333,0.5502499566159056,2.476124804771575
2021-07-11,DHAMRA,1,1,0.0,17.4681454522546,1.4285714285714286,1.1333333333333333,0.5964647504663407,2.6840913770985333
2021-07-12,DHAMRA,0,0,0.0,0.0,1.0,1.1,0.46596181968382483,2.0968281885772115
2021-07-13,DHAMRA,1,1,0.0,0.0,1.0,1.0666666666666667,0.47657965106367606,2.144608429786542
2021-07-14,DHAMRA,1,1,0.0,0.0,1.0,1.0333333333333334,0.4879055854466635,2.1955751345099856
2021-07-15,DHAMRA,1,1,50.979545015812505,0.0,1.1428571428571428,1.0666666666666667,0.5267601195780712,2.3704205381013206
2021-07-16,DHAMRA,0,0,0.0,0.0,1.0,1.0,0.5,2.25
2021-07-17,DHAMRA,1,1,0.0,33.994474466073,0.7142857142857143,1.0,0.3944675127794143,1.7751038075073642
2021-07-18,DHAMRA,2,2,18.751075364589,0.0,0.8571428571428571,1.0333333333333334,0.4364061875997187,1.9638278441987342
2021-07-19,DHAMRA,1,1,0.0,24.8666697014902,1.0,1.0666666666666667,0.47657965106367606,2.144608429786542
2021-07-20,DHAMRA,1,1,4.83869433640619,0.0,1.0,1.0666666666666667,0.47657965106367606,2.144608429786542
2021-07-21,DHAMRA,2,2,94.5855143252282,0.0,1.1428571428571428,1.1,0.5146062326505889,2.31572804692765
2021-07-22,DHAMRA,2,2,99.1875698149603,24.8666697014902,1.2857142857142858,1.1666666666666667,0.5381907749287074,2.421858487179183
2021-07-23,DHAMRA,3,3,0.556777663954563,36.8157888515192,1.7142857142857142,1.2,0.6553990357712653,2.949295660970694
2021-07-24,DHAMRA,0,0,0.0,0.0,1.5714285714285714,1.1666666666666667,0.6272432035816201,2.8225944161172905
2021-07-25,DHAMRA,1,1,19.145142348549403,0.0,1.4285714285714286,1.1333333333333333,0.5964647504663407,2.6840913770985333
2021-07-26,DHAMRA,2,2,106.221745540847,34.6845801639379,1.5714285714285714,1.2,0.6140303729468465,2.763136678260809
2021-07-27,DHAMRA,1,1,0.0,33.3492344355263,1.5714285714285714,1.2333333333333334,0.6013748409455077,2.706186784254785
2021-07-28,DHAMRA,2,2,98.2565529513502,8.429287411210389,1.5714285714285714,1.2,0.6140303729468465,2.763136678260809
2021-07-29,DHAMRA,0,0,0.0,0.0,1.2857142857142858,1.1666666666666667,0.5381907749287074,2.421858487179183
2021-07-30,DHAMRA,1,1,0.0,49.275241129904,1.0,1.1666666666666667,0.44663262720034713,2.009846822401562
2021-07-31,DHAMRA,1,1,0.0,16.8585748224208,1.1428571428571428,1.1666666666666667,0.49234753636589823,2.215563913646542
2021-08-01,DHAMRA,0,0,0.0,0.0,1.0,1.1,0.46596181968382483,2.0968281885772115
2021-08-02,DHAMRA,1,1,28.4843450558572,0.0,0.8571428571428571,1.1333333333333333,0.40961764897181335,1.8432794203731602
2021-08-03,DHAMRA,1,1,1.07473989986233,0.0,0.8571428571428571,1.1666666666666667,0.40180276654345565,1.8081124494455505
2021-08-04,DHAMRA,1,1,33.321156679008006,0.0,0.7142857142857143,1.1,0.3714563710360877,1.6715536696623947
2021-08-05,DHAMRA,0,0,0.0,0.0,0.7142857142857143,1.0666666666666667,0.37859036463180457,1.7036566408431206
2021-08-06,DHAMRA,0,0,0.0,0.0,0.5714285714285714,1.0333333333333334,0.3383833439149577,1.5227250476173098
2021-08-07,DHAMRA,2,2,2.41691638214694,0.0,0.7142857142857143,1.1,0.3714563710360877,1.6715536696623947
2021-08-08,DHAMRA,0,0,0.0,0.0,0.7142857142857143,1.0666666666666667,0.37859036463180457,1.7036566408431206
2021-08-09,DHAMRA,2,2,15.391223973281699,49.2658123434124,0.8571428571428571,1.0333333333333334,0.4364061875997187,1.9638278441987342
2021-08-10,DHAMRA,0,0,0.0,0.0,0.7142857142857143,1.0,0.3944675127794143,1.7751038075073642
2021-08-11,DHAMRA,2,2,69.5715851166138,14.6791272908685,0.8571428571428571,1.0666666666666667,0.4268676006272159,1.9209042028224717
2021-08-12,DHAMRA,0,0,0.0,0.0,0.8571428571428571,1.0333333333333334,0.4364061875997187,1.9638278441987342
2021-08-13,DHAMRA,0,0,0.0,0.0,0.8571428571428571,1.0,0.44663262720034713,2.009846822401562
2021-08-14,DHAMRA,2,2,71.8499198968194,9.23602124447257,0.8571428571428571,1.0333333333333334,0.4364061875997187,1.9638278441987342
2021-08-15,DHAMRA,0,0,0.0,0.0,0.8571428571428571,1.0333333333333334,0.4364061875997187,1.9638278441987342
2021-08-16,DHAMRA,1,1,2.17719498974518,18.5868573368285,0.7142857142857143,1.0333333333333334,0.3862427010007951,1.738092154503578
2021-08-17,DHAMRA,1,1,0.0,0.0,0.8571428571428571,1.0,0.44663262720034713,2.009846822401562
2021-08-18,DHAMRA,0,0,0.0,0.0,0.5714285714285714,0.9666666666666667,0.3513066790563569,1.580880055753606
2021-08-19,DHAMRA,2,2,38.3636838200388,0.0,0.8571428571428571,1.0,0.44663262720034713,2.009846822401562
2021-08-20,DHAMRA,1,1,31.178383323061,0.0,1.0,0.9666666666666667,0.5129281522943221,2.308176685324449
2021-08-21,DHAMRA,1,1,0.0,0.0,0.8571428571428571,0.9333333333333333,0.4694259472076499,2.1124167624344246
2021-08-22,DHAMRA,0,0,0.0,0.0,0.8571428571428571,0.8333333333333334,0.5107126460737526,2.2982069073318865
2021-08-23,DHAMRA,1,1,43.5421105767962,0.0,0.8571428571428571,0.8666666666666667,0.495879214182326,2.231456463820467
2021-08-24,DHAMRA,0,0,0.0,0.0,0.7142857142857143,0.8333333333333334,0.44663262720034713,2.009846822401562
2021-08-25,DHAMRA,0,0,0.0,0.0,0.7142857142857143,0.7666666666666667,0.47440128348604355,2.134805775687196
2021-08-26,DHAMRA,2,2,81.0188505575792,31.794677651149502,0.7142857142857143,0.8,0.4599076870805793,2.069584591862607
2021-08-27,DHAMRA,1,1,0.0,1.08058288503938,0.7142857142857143,0.7666666666666667,0.47440128348604355,2.134805775687196
2021-08-28,DHAMRA,2,2,0.0,54.145628952003705,0.8571428571428571,0.8333333333333334,0.5107126460737526,2.2982069073318865
2021-08-29,DHAMRA,0,0,0.0,0.0,0.8571428571428571,0.8,0.5267601195780712,2.3704205381013206
2021-08-30,DHAMRA,0,0,0.0,0.0,0.7142857142857143,0.7666666666666667,0.47440128348604355,2.134805775687196
2021-08-31,DHAMRA,2,2,0.0,9.78937109698729,1.0,0.8333333333333334,0.574442516811659,2.5849913256524655
2021-09-01,DHAMRA,1,1,0.0,15.9656457891338,1.1428571428571428,0.8333333333333334,0.6357911951701146,2.861060378265516
2021-09-02,DHAMRA,1,1,82.561167145462,0.0,1.0,0.8333333333333334,0.574442516811659,2.5849913256524655
2021-09-03,DHAMRA,1,1,0.0,12.479349399496298,1.0,0.8333333333333334,0.574442516811659,2.5849913256524655
2021-09-04,DHAMRA,2,2,44.2389592975358,0.0,1.0,0.9,0.5415704832167999,2.4370671744755996
2021-09-05,DHAMRA,1,1,0.0,0.0,1.1428571428571428,0.9333333333333333,0.5833971236320303,2.6252870563441366
2021-09-06,DHAMRA,1,1,0.0,11.0234453813413,1.2857142857142858,0.9,0.6553990357712653,2.949295660970694
2021-09-07,DHAMRA,2,2,46.5503448255768,0.0,1.2857142857142858,0.9666666666666667,0.6213009810172364,2.7958544145775637
2021-09-08,DHAMRA,1,1,10.309329482358,0.0,1.2857142857142858,0.9333333333333333,0.637915109917611,2.8706179946292494
2021-09-09,DHAMRA,1,1,0.0,32.9515395512778,1.2857142857142858,0.9666666666666667,0.6213009810172364,2.7958544145775637
2021-09-10,DHAMRA,0,0,0.0,0.0,1.1428571428571428,0.9,0.5998312193351399,2.69924048700813
2021-09-11,DHAMRA,1,1,42.8085703719653,0.0,1.0,0.9333333333333333,0.5267601195780712,2.3704205381013206
2021-09-12,DHAMRA,3,3,33.400424011099396,31.099745309800202,1.2857142857142858,1.0333333333333334,0.5905790004537695,2.657605502041963
2021-09-13,DHAMRA,1,1,15.2063789112957,0.0,1.2857142857142858,1.0,0.6055324872205857,2.724896192492636
2021-09-14,DHAMRA,0,0,0.0,0.0,1.0,1.0,0.5,2.25
2021-09-15,DHAMRA,2,2,31.8653376778395,0.0,1.1428571428571428,1.0333333333333334,0.5396630333881409,2.4284836502466343
2021-09-16,DHAMRA,0,0,0.0,0.0,1.0,1.0,0.5,2.25
2021-09-17,DHAMRA,3,3,0.0,62.0060090000276,1.4285714285714286,1.1,0.6101759674424228,2.7457918534909025
2021-09-18,DHAMRA,2,2,5.371135211337281,0.0,1.5714285714285714,1.1,0.6553990357712653,2.949295660970694
2021-09-19,DHAMRA,0,0,0.0,0.0,1.1428571428571428,1.0666666666666667,0.5267601195780712,2.3704205381013206
2021-09-20,DHAMRA,2,2,46.2284033946124,22.497749939136103,1.2857142857142858,1.1,0.5629754755257897,2.533389639866054
2021-09-21,DHAMRA,2,2,99.1954139862178,11.411399416411001,1.5714285714285714,1.1666666666666667,0.6272432035816201,2.8225944161172905
2021-09-22,DHAMRA,1,1,1.01267239277609,0.0,1.4285714285714286,1.1666666666666667,0.5833971236320304,2.625287056344137
2021-09-23,DHAMRA,0,0,0.0,0.0,1.4285714285714286,1.1666666666666667,0.5833971236320304,2.625287056344137
2021-09-24,DHAMRA,2,2,93.359964672046,2.8912018501137,1.2857142857142858,1.2333333333333334,0.5159212565543568,2.321645654494606
2021-09-25,DHAMRA,0,0,0.0,0.0,1.0,1.1666666666666667,0.44663262720034713,2.009846822401562
2021-09-26,DHAMRA,0,0,0.0,0.0,1.0,1.1333333333333333,0.4559964896748816,2.0519842035369673
2021-09-27,DHAMRA,2,2,44.705296709806305,8.673605550341101,1.0,1.1333333333333333,0.4559964896748816,2.0519842035369673
2021-09-28,DHAMRA,1,1,0.0,9.69056727988146,0.8571428571428571,1.1666666666666667,0.40180276654345565,1.8081124494455505
2021-09-29,DHAMRA,1,1,94.355761011361,0.0,0.8571428571428571,1.2,0.3944675127794143,1.7751038075073642
2021-09-30,DHAMRA,0,0,0.0,0.0,0.8571428571428571,1.1333333333333333,0.40961764897181335,1.8432794203731602
2021-10-01,DHAMRA,0,0,0.0,0.0,0.5714285714285714,1.1,0.3272214162884123,1.4724963732978553
2021-10-02,DHAMRA,0,0,0.0,0.0,0.5714285714285714,1.0666666666666667,0.33260453459539463,1.4967204056792758
2021-10-03,DHAMRA,1,1,40.7898121312617,0.0,0.7142857142857143,1.0666666666666667,0.37859036463180457,1.7036566408431206
2021-10-04,DHAMRA,1,1,101.474309726034,0.0,0.5714285714285714,1.0333333333333334,0.3383833439149577,1.5227250476173098
2021-10-05,DHAMRA,1,1,44.1702761935904,0.0,0.5714285714285714,1.0333333333333334,0.3383833439149577,1.5227250476173098
2021-10-06,DHAMRA,0,0,0.0,0.0,0.42857142857142855,1.0,0.2979366301210704,1.3407148355448169
2021-10-07,DHAMRA,0,0,0.0,0.0,0.42857142857142855,0.9333333333333333,0.3076296257437548,1.3843333158468967
2021-10-08,DHAMRA,2,2,78.5933785200485,0.0,0.7142857142857143,0.9666666666666667,0.4033260281303526,1.8149671265865868
2021-10-09,DHAMRA,0,0,0.0,0.0,0.7142857142857143,0.9333333333333333,0.41288761607846486,1.8579942723530918
2021-10-10,DHAMRA,1,1,0.0,0.0,0.7142857142857143,0.9666666666666667,0.4033260281303526,1.8149671265865868
2021-10-11,DHAMRA,2,2,49.125290628529996,0.0,0.8571428571428571,1.0,0.44663262720034713,2.009846822401562
2021-10-12,DHAMRA,1,1,48.7180420345657,0.0,0.8571428571428571,0.9333333333333333,0.4694259472076499,2.1124167624344246
2021-10-13,DHAMRA,1,1,40.7573702441246,0.0,1.0,0.9333333333333333,0.5267601195780712,2.3704205381013206
2021-10-14,DHAMRA,0,0,0.0,0.0,1.0,0.9333333333333333,0.5267601195780712,2.3704205381013206
2021-10-15,DHAMRA,2,2,54.4665111298174,38.8283068771659,1.0,0.9333333333333333,0.5267601195780712,2.3704205381013206
2021-10-16,DHAMRA,1,1,0.0,0.0,1.1428571428571428,0.9666666666666667,0.5679271670816257,2.555672251867316
2021-10-17,DHAMRA,1,1,51.6873041984009,0.0,1.1428571428571428,0.9,0.5998312193351399,2.69924048700813
2021-10-18,DHAMRA,0,0,0.0,0.0,0.8571428571428571,0.8333333333333334,0.5107126460737526,2.2982069073318865
2021-10-19,DHAMRA,3,3,101.612898395252,63.5148547168534,1.1428571428571428,0.9333333333333333,0.5833971236320303,2.6252870563441366
2021-10-20,DHAMRA,1,1,0.0,14.9838751109412,1.1428571428571428,0.9,0.5998312193351399,2.69924048700813
2021-10-21,DHAMRA,1,1,1.3929528097750699,0.0,1.2857142857142858,0.8666666666666667,0.6737674882875564,3.0319536972940035
2021-10-22,DHAMRA,1,1,0.0,3.62929906415296,1.1428571428571428,0.8666666666666667,0.617280685023271,2.7777630826047197
2021-10-23,DHAMRA,1,1,3.61148350826267,0.0,1.1428571428571428,0.9,0.5998312193351399,2.69924048700813
2021-10-24,DHAMRA,1,1,0.0,18.1188694855616,1.1428571428571428,0.8666666666666667,0.617280685023271,2.7777630826047197
2021-10-25,DHAMRA,0,0,0.0,0.0,1.1428571428571428,0.8666666666666667,0.617280685023271,2.7777630826047197
2021-10-26,DHAMRA,3,3,4.78864044398998,41.3856329474919,1.1428571428571428,0.9666666666666667,0.5679271670816257,2.555672251867316
2021-10-27,DHAMRA,1,1,27.6932765688489,0.0,1.1428571428571428,0.9333333333333333,0.5833971236320303,2.6252870563441366
2021-10-28,DHAMRA,0,0,0.0,0.0,1.0,0.9,0.5415704832167999,2.4370671744755996
2021-10-29,DHAMRA,2,2,124.76648696939,0.40203648850706497,1.1428571428571428,0.9333333333333333,0.5833971236320303,2.6252870563441366
2021-10-30,DHAMRA,0,0,0.0,0.0,1.0,0.9333333333333333,0.5267601195780712,2.3704205381013206
2021-10-31,DHAMRA,5,5,216.236909849632,5.3116361644426195,1.5714285714285714,1.1,0.6553990357712653,2.949295660970694
2021-11-01,DHAMRA,0,0,0.0,0.0,1.5714285714285714,1.1,0.6553990357712653,2.949295660970694
2021-11-02,DHAMRA,1,1,49.6605028392209,0.0,1.2857142857142858,1.1,0.5629754755257897,2.533389639866054
2021-11-03,DHAMRA,2,2,38.636931775165195,7.70372794697705,1.4285714285714286,1.1333333333333333,0.5964647504663407,2.6840913770985333
2021-11-04,DHAMRA,0,0,0.0,0.0,1.4285714285714286,1.1,0.6101759674424228,2.7457918534909025
2021-11-05,DHAMRA,2,2,2.41675881263363,138.817145416161,1.4285714285714286,1.1666666666666667,0.5833971236320304,2.625287056344137
2021-11-06,DHAMRA,0,0,0.0,0.0,1.4285714285714286,1.1666666666666667,0.5833971236320304,2.625287056344137
2021-11-07,DHAMRA,1,1,0.0,0.0,0.8571428571428571,1.1333333333333333,0.40961764897181335,1.8432794203731602
2021-11-08,DHAMRA,2,2,46.9507991524664,0.822781919789471,1.1428571428571428,1.2,0.48215044559386533,2.169677005172394
2021-11-09,DHAMRA,1,1,0.0,7.2563830866715,1.1428571428571428,1.2,0.48215044559386533,2.169677005172394
2021-11-10,DHAMRA,0,0,0.0,0.0,0.8571428571428571,1.1333333333333333,0.40961764897181335,1.8432794203731602
2021-11-11,DHAMRA,1,1,16.6246426481634,0.0,1.0,1.1333333333333333,0.4559964896748816,2.0519842035369673
2021-11-12,DHAMRA,1,1,58.522547977425695,0.0,0.8571428571428571,1.1333333333333333,0.40961764897181335,1.8432794203731602
2021-11-13,DHAMRA,1,1,94.44288485685051,0.0,1.0,1.1666666666666667,0.44663262720034713,2.009846822401562
2021-11-14,DHAMRA,1,1,0.0,0.0,1.0,1.1333333333333333,0.4559964896748816,2.0519842035369673
2021-11-15,DHAMRA,0,0,0.0,0.0,0.7142857142857143,1.1,0.3714563710360877,1.6715536696623947
2021-11-16,DHAMRA,1,1,0.0,5.93313422208111,0.7142857142857143,1.1,0.3714563710360877,1.6715536696623947
2021-11-17,DHAMRA,2,2,90.6057460405557,0.0,1.0,1.1666666666666667,0.44663262720034713,2.009846822401562
2021-11-18,DHAMRA,0,0,0.0,0.0,0.8571428571428571,1.0666666666666667,0.4268676006272159,1.9209042028224717
2021-11-19,DHAMRA,0,0,0.0,0.0,0.7142857142857143,1.0333333333333334,0.3862427010007951,1.738092154503578
2021-11-20,DHAMRA,1,1,80.2485694896535,0.0,0.7142857142857143,1.0333333333333334,0.3862427010007951,1.738092154503578
2021-11-21,DHAMRA,0,0,0.0,0.0,0.5714285714285714,1.0,0.3446009642287346,1.5507043390293056
2021-11-22,DHAMRA,1,1,0.0,15.715976377536402,0.7142857142857143,1.0,0.3944675127794143,1.7751038075073642
2021-11-23,DHAMRA,0,0,0.0,0.0,0.5714285714285714,0.9666666666666667,0.3513066790563569,1.580880055753606
2021-11-24,DHAMRA,0,0,0.0,0.0,0.2857142857142857,0.9666666666666667,0.257950117210218,1.160775527445981
2021-11-25,DHAMRA,0,0,0.0,0.0,0.2857142857142857,0.8666666666666667,0.26786250847354637,1.2053812881309587
2021-11-26,DHAMRA,1,1,48.2987064072547,0.0,0.42857142857142855,0.8666666666666667,0.31902812118788376,1.4356265453454768
2021-11-27,DHAMRA,1,1,34.5449576632054,0.0,0.42857142857142855,0.9,0.3130896353396874,1.4089033590285933
2021-11-28,DHAMRA,0,0,0.0,0.0,0.42857142857142855,0.8333333333333334,0.325508295835916,1.464787331261622
2021-11-29,DHAMRA,3,3,0.0,8.5598285205725,0.7142857142857143,0.9333333333333333,0.41288761607846486,1.8579942723530918
2021-11-30,DHAMRA,3,3,107.35373272450701,0.0,1.1428571428571428,0.8666666666666667,0.617280685023271,2.7777630826047197
2021-12-01,DHAMRA,0,0,0.0,0.0,1.1428571428571428,0.8666666666666667,0.617280685023271,2.7777630826047197
2021-12-02,DHAMRA,0,0,0.0,0.0,1.1428571428571428,0.8333333333333334,0.6357911951701146,2.861060378265516
2021-12-03,DHAMRA,2,2,0.0,21.8775124279002,1.2857142857142858,0.8333333333333334,0.693022011349724,3.118599051073758
2021-12-04,DHAMRA,0,0,0.0,0.0,1.1428571428571428,0.8333333333333334,0.6357911951701146,2.861060378265516
2021-12-05,DHAMRA,0,0,0.0,0.0,1.1428571428571428,0.7666666666666667,0.676125988345924,3.042566947556658
2021-12-06,DHAMRA,1,1,48.4672041253366,0.0,0.8571428571428571,0.8,0.5267601195780712,2.3704205381013206
2021-12-07,DHAMRA,2,2,0.0,47.8259998543851,0.7142857142857143,0.8333333333333334,0.44663262720034713,2.009846822401562
2021-12-08,DHAMRA,1,1,48.2833059210679,0.0,0.8571428571428571,0.8,0.5267601195780712,2.3704205381013206
2021-12-09,DHAMRA,3,3,152.140663287912,9.762552301595889,1.2857142857142858,0.8666666666666667,0.6737674882875564,3.0319536972940035
2021-12-10,DHAMRA,1,1,46.8057524199025,0.0,1.1428571428571428,0.9,0.5998312193351399,2.69924048700813
2021-12-11,DHAMRA,1,1,1.20923606648782,0.0,1.2857142857142858,0.9,0.6553990357712653,2.949295660970694
2021-12-12,DHAMRA,1,1,41.8018139529122,0.40203648850706497,1.4285714285714286,0.9,0.7070195389445062,3.1815879252502777
2021-12-13,DHAMRA,0,0,0.0,0.0,1.2857142857142858,0.8666666666666667,0.6737674882875564,3.0319536972940035
2021-12-14,DHAMRA,1,1,0.0,44.112338690833205,1.1428571428571428,0.8666666666666667,0.617280685023271,2.7777630826047197
2021-12-15,DHAMRA,1,1,81.7936672155692,0.0,1.1428571428571428,0.9,0.5998312193351399,2.69924048700813
2021-12-16,DHAMRA,2,2,103.92791284778501,23.973848359088798,1.0,0.9333333333333333,0.5267601195780712,2.3704205381013206
2021-12-17,DHAMRA,0,0,0.0,0.0,0.8571428571428571,0.8666666666666667,0.495879214182326,2.231456463820467
2021-12-18,DHAMRA,1,1,0.0,0.0,0.8571428571428571,0.9,0.48215044559386533,2.169677005172394
2021-12-19,DHAMRA,1,1,0.0,0.0,0.8571428571428571,0.9333333333333333,0.4694259472076499,2.1124167624344246
2021-12-20,DHAMRA,2,2,51.4771382291212,18.532174097103002,1.1428571428571428,0.9666666666666667,0.5679271670816257,2.555672251867316
2021-12-21,DHAMRA,1,1,60.656566832738896,0.0,1.1428571428571428,1.0,0.5533673727996529,2.490153177598438
2021-12-22,DHAMRA,1,1,80.2561960354861,0.0,1.1428571428571428,1.0,0.5533673727996529,2.490153177598438
2021-12-23,DHAMRA,0,0,0.0,0.0,0.8571428571428571,1.0,0.44663262720034713,2.009846822401562
2021-12-24,DHAMRA,1,1,57.759341626225,0.0,1.0,1.0333333333333334,0.4879055854466635,2.1955751345099856
2021-12-25,DHAMRA,0,0,0.0,0.0,0.8571428571428571,1.0333333333333334,0.4364061875997187,1.9638278441987342
2021-12-26,DHAMRA,1,1,0.179123316643722,18.519233501444102,0.8571428571428571,1.0333333333333334,0.4364061875997187,1.9638278441987342
2021-12-27,DHAMRA,0,0,0.0,0.0,0.5714285714285714,1.0,0.3446009642287346,1.5507043390293056
2021-12-28,DHAMRA,1,1,51.4835842847647,0.0,0.5714285714285714,1.0333333333333334,0.3383833439149577,1.5227250476173098
2021-12-29,DHAMRA,2,2,40.7880309167581,46.7705864816192,0.7142857142857143,1.0,0.3944675127794143,1.7751038075073642
2021-12-30,DHAMRA,0,0,0.0,0.0,0.7142857142857143,0.9,0.4232309758150566,1.9045393911677546
2021-12-31,DHAMRA,2,2,104.98929122702401,0.0,0.8571428571428571,0.9666666666666667,0.4576142859711148,2.059264286870017
2022-01-01,DHAMRA,0,0,0.0,0.0,0.8571428571428571,0.9666666666666667,0.4576142859711148,2.059264286870017
2022-01-02,DHAMRA,2,2,0.0,50.9209556500079,1.0,0.9666666666666667,0.5129281522943221,2.308176685324449
2022-01-03,DHAMRA,1,1,0.0,0.0,1.1428571428571428,1.0,0.5533673727996529,2.490153177598438
2022-01-04,DHAMRA,0,0,0.0,0.0,1.0,1.0,0.5,2.25
2022-01-05,DHAMRA,0,0,0.0,0.0,0.7142857142857143,0.9666666666666667,0.4033260281303526,1.8149671265865868
2022-01-06,DHAMRA,3,3,67.1079384685897,49.3591967516695,1.1428571428571428,1.0,0.5533673727996529,2.490153177598438
2022-01-07,DHAMRA,1,1,0.0,50.9209556500079,1.0,1.0,0.5,2.25
2022-01-08,DHAMRA,1,1,42.8992353599063,0.0,1.1428571428571428,0.9333333333333333,0.5833971236320303,2.6252870563441366
2022-01-09,DHAMRA,0,0,0.0,0.0,0.8571428571428571,0.9,0.48215044559386533,2.169677005172394
2022-01-10,DHAMRA,0,0,0.0,0.0,0.7142857142857143,0.8666666666666667,0.4344454746331393,1.9550046358491269
2022-01-11,DHAMRA,1,1,21.2346652878393,0.0,0.8571428571428571,0.8666666666666667,0.495879214182326,2.231456463820467
2022-01-12,DHAMRA,0,0,0.0,0.0,0.8571428571428571,0.8666666666666667,0.495879214182326,2.231456463820467
2022-01-13,DHAMRA,2,2,46.2463486969297,38.6861946333769,0.7142857142857143,0.9,0.4232309758150566,1.9045393911677546
2022-01-14,DHAMRA,0,0,0.0,0.0,0.5714285714285714,0.8666666666666667,0.37496170690176517,1.6873276810579432
2022-01-15,DHAMRA,0,0,0.0,0.0,0.42857142857142855,0.8,0.33260453459539463,1.4967204056792758
2022-01-16,DHAMRA,1,1,0.0,52.3961967770337,0.5714285714285714,0.8333333333333334,0.384278175693148,1.729251790619166
2022-01-17,DHAMRA,0,0,0.0,0.0,0.5714285714285714,0.8,0.3944675127794143,1.7751038075073642
2022-01-18,DHAMRA,2,2,50.3569403481148,2.0945643171046497,0.7142857142857143,0.8333333333333334,0.44663262720034713,2.009846822401562
2022-01-19,DHAMRA,1,1,0.0,41.523750605132896,0.8571428571428571,0.8,0.5267601195780712,2.3704205381013206
2022-01-20,DHAMRA,3,3,184.250632000526,0.0,1.0,0.8666666666666667,0.5574376329113073,2.508469348100883
2022-01-21,DHAMRA,1,1,30.7515319433501,0.42024686600495,1.1428571428571428,0.8666666666666667,0.617280685023271,2.7777630826047197
2022-01-22,DHAMRA,1,1,0.0,18.1638512643482,1.2857142857142858,0.9,0.6553990357712653,2.949295660970694
2022-01-23,DHAMRA,1,1,0.0,13.319563703879298,1.2857142857142858,0.9,0.6553990357712653,2.949295660970694
2022-01-24,DHAMRA,1,1,0.0,0.0,1.4285714285714286,0.9333333333333333,0.6891007040065003,3.100953168029251
2022-01-25,DHAMRA,0,0,0.0,0.0,1.1428571428571428,0.9,0.5998312193351399,2.69924048700813
2022-01-26,DHAMRA,3,3,72.1387827010323,5.40905495724859,1.4285714285714286,1.0,0.6553990357712653,2.949295660970694
2022-01-27,DHAMRA,1,1,0.0,0.0,1.1428571428571428,1.0,0.5533673727996529,2.490153177598438
2022-01-28,DHAMRA,0,0,0.0,0.0,1.0,0.9333333333333333,0.5267601195780712,2.3704205381013206
2022-01-29,DHAMRA,2,2,0.0,48.7771414100962,1.1428571428571428,1.0,0.5533673727996529,2.490153177598438
2022-01-30,DHAMRA,2,2,36.434536745400905,15.501619924242,1.2857142857142858,1.0,0.6055324872205857,2.724896192492636
2022-01-31,DHAMRA,1,1,48.9840112733551,0.0,1.2857142857142858,1.0333333333333334,0.5905790004537695,2.657605502041963
2022-02-01,DHAMRA,1,1,58.6655076161772,0.0,1.4285714285714286,1.0,0.6553990357712653,2.949295660970694
2022-02-02,DHAMRA,1,1,24.5783747656653,0.0,1.1428571428571428,1.0,0.5533673727996529,2.490153177598438
2022-02-03,DHAMRA,1,1,0.0,49.4459109854072,1.1428571428571428,1.0333333333333334,0.5396630333881409,2.4284836502466343
2022-02-04,DHAMRA,1,1,0.0,0.0,1.2857142857142858,1.0666666666666667,0.5764057290038561,2.5938257805173524
2022-02-05,DHAMRA,0,0,0.0,0.0,1.0,0.9666666666666667,0.5129281522943221,2.308176685324449
2022-02-06,DHAMRA,0,0,0.0,10.3973528266093,0.7142857142857143,0.9333333333333333,0.41288761607846486,1.8579942723530918
2022-02-07,DHAMRA,1,1,0.0,37.4064111609189,0.7142857142857143,0.9333333333333333,0.41288761607846486,1.8579942723530918
2022-02-08,DHAMRA,0,0,0.0,0.0,0.5714285714285714,0.9333333333333333,0.35855700680362323,1.6135065306163046
2022-02-09,DHAMRA,2,2,0.0,33.8281126434952,0.7142857142857143,1.0,0.3944675127794143,1.7751038075073642
2022-02-10,DHAMRA,1,1,0.0,10.550317249826799,0.7142857142857143,1.0,0.3944675127794143,1.7751038075073642
2022-02-11,DHAMRA,1,1,0.0,0.0,0.7142857142857143,1.0333333333333334,0.3862427010007951,1.738092154503578
2022-02-12,DHAMRA,2,2,1.39160212987251,0.0,1.0,1.0333333333333334,0.4879055854466635,2.1955751345099856
2022-02-13,DHAMRA,2,2,128.1845146771,0.0,1.2857142857142858,1.1,0.5629754755257897,2.533389639866054
2022-02-14,DHAMRA,2,2,139.976623045949,0.0,1.4285714285714286,1.1666666666666667,0.5833971236320304,2.625287056344137
2022-02-15,DHAMRA,1,1,0.0,38.3555258621318,1.5714285714285714,1.1666666666666667,0.6272432035816201,2.8225944161172905
2022-02-16,DHAMRA,0,0,0.0,0.0,1.2857142857142858,1.1666666666666667,0.5381907749287074,2.421858487179183
2022-02-17,DHAMRA,2,2,92.3034351845983,7.62342928454294,1.4285714285714286,1.1666666666666667,0.5833971236320304,2.625287056344137
2022-02-18,DHAMRA,0,0,0.0,0.0,1.2857142857142858,1.1333333333333333,0.5502499566159056,2.476124804771575
2022-02-19,DHAMRA,1,1,74.3022316563181,0.0,1.1428571428571428,1.0666666666666667,0.5267601195780712,2.3704205381013206
2022-02-20,DHAMRA,1,1,0.0,2.08931550401576,1.0,1.0666666666666667,0.47657965106367606,2.144608429786542
2022-02-21,DHAMRA,2,2,53.808941892652804,1.3359541705676499,1.0,1.1,0.46596181968382483,2.0968281885772115
2022-02-22,DHAMRA,0,0,0.0,0.0,0.8571428571428571,1.0666666666666667,0.4268676006272159,1.9209042028224717
2022-02-23,DHAMRA,1,1,22.6071496598576,0.0,1.0,1.0666666666666667,0.47657965106367606,2.144608429786542
2022-02-24,DHAMRA,2,2,83.9004099052169,11.3917431373549,1.0,1.1333333333333333,0.4559964896748816,2.0519842035369673
2022-02-25,DHAMRA,1,1,0.0,21.423176777360098,1.1428571428571428,1.0666666666666667,0.5267601195780712,2.3704205381013206
2022-02-26,DHAMRA,2,2,76.10255830725269,0.0,1.2857142857142858,1.1,0.5629754755257897,2.533389639866054
2022-02-27,DHAMRA,2,2,0.0,35.112909602481,1.4285714285714286,1.1666666666666667,0.5833971236320304,2.625287056344137
2022-02-28,DHAMRA,1,1,42.7811209228499,0.0,1.2857142857142858,1.1333333333333333,0.5502499566159056,2.476124804771575
2022-03-01,DHAMRA,1,1,62.7067242140995,0.0,1.4285714285714286,1.1,0.6101759674424228,2.7457918534909025
2022-03-02,DHAMRA,1,1,0.0,7.57131608913738,1.4285714285714286,1.1,0.6101759674424228,2.7457918534909025
2022-03-03,DHAMRA,3,3,141.785833928859,50.0091036763554,1.5714285714285714,1.1666666666666667,0.6272432035816201,2.8225944161172905
2022-03-04,DHAMRA,1,1,102.583749345132,0.0,1.5714285714285714,1.1666666666666667,0.6272432035816201,2.8225944161172905
2022-03-05,DHAMRA,1,1,0.0,35.839466153227704,1.4285714285714286,1.1666666666666667,0.5833971236320304,2.625287056344137
2022-03-06,DHAMRA,0,0,0.0,0.0,1.1428571428571428,1.1333333333333333,0.5031512187803152,2.2641804845114186
2022-03-07,DHAMRA,2,2,51.762710807988604,19.441919605329502,1.2857142857142858,1.2,0.5267601195780712,2.3704205381013206
2022-03-08,DHAMRA,1,1,48.2983611850683,0.0,1.2857142857142858,1.2333333333333334,0.5159212565543568,2.321645654494606
2022-03-09,DHAMRA,0,0,0.0,0.0,1.1428571428571428,1.2,0.48215044559386533,2.169677005172394
2022-03-10,DHAMRA,0,0,0.0,0.0,0.7142857142857143,1.2,0.35271122599189547,1.5872005169635297
2022-03-11,DHAMRA,4,4,109.73523246936901,59.7988660828196,1.1428571428571428,1.2666666666666666,0.4634113848477697,2.085351231814964
2022-03-12,DHAMRA,1,1,41.4384367853304,0.0,1.1428571428571428,1.2666666666666666,0.4634113848477697,2.085351231814964
2022-03-13,DHAMRA,1,1,42.8554954626079,0.0,1.2857142857142858,1.2666666666666666,0.5056388586631163,2.275374863984023
2022-03-14,DHAMRA,2,2,0.0,21.850062423792302,1.2857142857142858,1.2666666666666666,0.5056388586631163,2.275374863984023
2022-03-15,DHAMRA,0,0,0.0,0.0,1.1428571428571428,1.2,0.48215044559386533,2.169677005172394
2022-03-16,DHAMRA,2,2,42.1526893986234,20.1045755906862,1.4285714285714286,1.2,0.5709465968834663,2.5692596859755983
2022-03-17,DHAMRA,1,1,82.6055884007993,0.0,1.5714285714285714,1.2,0.6140303729468465,2.763136678260809
2022-03-18,DHAMRA,2,2,0.0,5.99344762825136,1.2857142857142858,1.2666666666666666,0.5056388586631163,2.275374863984023
2022-03-19,DHAMRA,2,2,105.353174601864,0.0,1.4285714285714286,1.2666666666666666,0.5477860353479961,2.4650371590659823
2022-03-20,DHAMRA,1,1,4.07771658670573,0.0,1.4285714285714286,1.3,0.537020041570215,2.4165901870659674
2022-03-21,DHAMRA,0,0,0.0,0.0,1.1428571428571428,1.2666666666666666,0.4634113848477697,2.085351231814964
2022-03-22,DHAMRA,1,1,30.2787391359633,0.0,1.2857142857142858,1.2666666666666666,0.5056388586631163,2.275374863984023
2022-03-23,DHAMRA,0,0,0.0,0.0,1.0,1.2,0.43782349911420193,1.9702057460139086
2022-03-24,DHAMRA,2,2,41.3731847814967,0.0,1.1428571428571428,1.2666666666666666,0.4634113848477697,2.085351231814964
2022-03-25,DHAMRA,1,1,0.0,18.642040192515,1.0,1.2666666666666666,0.4217022267039683,1.8976600201678573
2022-03-26,DHAMRA,1,1,0.0,46.1777990695634,0.8571428571428571,1.2333333333333334,0.3875721872710126,1.7440748427195567
2022-03-27,DHAMRA,1,1,0.0,47.6758231522526,0.8571428571428571,1.2333333333333334,0.3875721872710126,1.7440748427195567
2022-03-28,DHAMRA,2,2,140.41926721589,0.0,1.1428571428571428,1.2333333333333334,0.4725180722960206,2.126331325332093
2022-03-29,DHAMRA,2,2,46.251824974896,30.0688799575246,1.2857142857142858,1.2333333333333334,0.5159212565543568,2.321645654494606
2022-03-30,DHAMRA,0,0,0.0,0.0,1.2857142857142858,1.2,0.5267601195780712,2.3704205381013206
2022-03-31,DHAMRA,1,1,0.0,37.4948518636587,1.1428571428571428,1.2,0.48215044559386533,2.169677005172394
2022-04-01,DHAMRA,0,0,0.0,0.0,1.0,1.1666666666666667,0.44663262720034713,2.009846822401562
2022-04-02,DHAMRA,2,2,114.03662908913199,0.0,1.1428571428571428,1.1333333333333333,0.5031512187803152,2.2641804845114186
2022-04-03,DHAMRA,1,1,0.0,50.3504739780076,1.1428571428571428,1.1333333333333333,0.5031512187803152,2.2641804845114186
2022-04-04,DHAMRA,0,0,0.0,0.0,0.8571428571428571,1.1,0.4179562557371151,1.880803150817018
2022-04-05,DHAMRA,1,1,0.0,30.3473538166607,0.7142857142857143,1.1333333333333333,0.36479277103013885,1.6415674696356248
2022-04-06,DHAMRA,2,2,16.510959668910697,48.660086630088,1.0,1.1333333333333333,0.4559964896748816,2.0519842035369673
2022-04-07,DHAMRA,0,0,0.0,0.0,0.8571428571428571,1.1,0.4179562557371151,1.880803150817018
2022-04-08,DHAMRA,3,3,0.0,98.3857779350114,1.2857142857142858,1.2,0.5267601195780712,2.3704205381013206
2022-04-09,DHAMRA,0,0,0.0,0.0,1.0,1.2,0.43782349911420193,1.9702057460139086
2022-04-10,DHAMRA,2,2,0.0,85.1634901501631,1.1428571428571428,1.1333333333333333,0.5031512187803152,2.2641804845114186
2022-04-11,DHAMRA,1,1,80.2561960354861,0.0,1.2857142857142858,1.1333333333333333,0.5502499566159056,2.476124804771575
2022-04-12,DHAMRA,3,3,166.514676194623,49.4459109854072,1.5714285714285714,1.2,0.6140303729468465,2.763136678260809
2022-04-13,DHAMRA,1,1,0.0,36.9408880337611,1.4285714285714286,1.1666666666666667,0.5833971236320304,2.625287056344137
2022-04-14,DHAMRA,0,0,0.0,0.0,1.4285714285714286,1.1666666666666667,0.5833971236320304,2.625287056344137
2022-04-15,DHAMRA,2,2,0.0,46.870982472132,1.2857142857142858,1.1666666666666667,0.5381907749287074,2.421858487179183
2022-04-16,DHAMRA,1,1,0.0,47.6520772768754,1.4285714285714286,1.1666666666666667,0.5833971236320304,2.625287056344137
2022-04-17,DHAMRA,1,1,46.9242764292519,0.0,1.2857142857142858,1.1333333333333333,0.5502499566159056,2.476124804771575
2022-04-18,DHAMRA,1,1,43.1081746416054,0.0,1.2857142857142858,1.1,0.5629754755257897,2.533389639866054
2022-04-19,DHAMRA,3,3,168.58607961868398,33.4548913593482,1.2857142857142858,1.1666666666666667,0.5381907749287074,2.421858487179183
2022-04-20,DHAMRA,0,0,0.0,0.0,1.1428571428571428,1.1666666666666667,0.49234753636589823,2.215563913646542
2022-04-21,DHAMRA,0,0,0.0,0.0,1.1428571428571428,1.1333333333333333,0.5031512187803152,2.2641804845114186
2022-04-22,DHAMRA,1,1,49.0746522318277,0.0,1.0,1.1666666666666667,0.44663262720034713,2.009846822401562
2022-04-23,DHAMRA,1,1,0.0,10.2785823253041,1.0,1.1333333333333333,0.4559964896748816,2.0519842035369673
2022-04-24,DHAMRA,0,0,0.0,0.0,0.8571428571428571,1.1,0.4179562557371151,1.880803150817018
2022-04-25,DHAMRA,1,1,0.0,9.23602124447257,0.8571428571428571,1.1,0.4179562557371151,1.880803150817018
2022-04-26,DHAMRA,0,0,0.0,0.0,0.42857142857142855,1.0666666666666667,0.28960125549970406,1.3032056497486684
2022-04-27,DHAMRA,3,3,83.15166444702689,35.200876538338804,0.8571428571428571,1.1,0.4179562557371151,1.880803150817018
2022-04-28,DHAMRA,2,2,26.868961344913203,4.454100742470789,1.1428571428571428,1.1,0.5146062326505889,2.31572804692765
2022-04-29,DHAMRA,2,2,46.9481014864117,36.759905572337395,1.2857142857142858,1.1666666666666667,0.5381907749287074,2.421858487179183
2022-04-30,DHAMRA,3,3,76.9359283578542,12.923179239134301,1.5714285714285714,1.2333333333333334,0.6013748409455077,2.706186784254785
2022-05-01,DHAMRA,2,2,43.4887841291645,10.845548312073001,1.8571428571428572,1.3,0.6553990357712653,2.949295660970694
2022-05-02,DHAMRA,1,1,0.0,38.9049420226226,1.8571428571428572,1.2666666666666666,0.668021049684309,3.0060947235793902
2022-05-03,DHAMRA,2,2,99.6067525871684,0.0,2.142857142857143,1.3,0.7256229899299018,3.2653034546845583
2022-05-04,DHAMRA,1,1,61.2212642890431,0.0,1.8571428571428572,1.3333333333333333,0.6432012386059681,2.8944055737268566
2022-05-05,DHAMRA,0,0,0.0,0.0,1.5714285714285714,1.3,0.577662934878744,2.599483206954348
2022-05-06,DHAMRA,1,1,0.0,0.0,1.4285714285714286,1.2666666666666666,0.5477860353479961,2.4650371590659823
2022-05-07,DHAMRA,1,1,62.693567811963,0.0,1.1428571428571428,1.3,0.45479411267180747,2.0465735070231337
2022-05-08,DHAMRA,2,2,1.13478339703001,116.28689029709,1.1428571428571428,1.2666666666666666,0.4634113848477697,2.085351231814964
2022-05-09,DHAMRA,3,3,122.251005503434,45.5845814668602,1.4285714285714286,1.3666666666666667,0.5169795311646199,2.3264078902407896
2022-05-10,DHAMRA,1,1,48.333557668962,0.0,1.2857142857142858,1.3333333333333333,0.48661034494929345,2.1897465522718207
2022-05-11,DHAMRA,0,0,0.0,0.0,1.1428571428571428,1.3,0.45479411267180747,2.0465735070231337
2022-05-12,DHAMRA,0,0,0.0,0.0,1.1428571428571428,1.2,0.48215044559386533,2.169677005172394
2022-05-13,DHAMRA,3,3,45.332016296217205,46.078530216504795,1.4285714285714286,1.2666666666666666,0.5477860353479961,2.4650371590659823
2022-05-14,DHAMRA,1,1,0.0,10.8741611945529,1.4285714285714286,1.3,0.537020041570215,2.4165901870659674
2022-05-15,DHAMRA,1,1,0.0,2.03551063696566,1.2857142857142858,1.2666666666666666,0.5056388586631163,2.275374863984023
2022-05-16,DHAMRA,1,1,42.0545823731197,0.0,1.0,1.2666666666666666,0.4217022267039683,1.8976600201678573
2022-05-17,DHAMRA,1,1,44.221500258160205,0.0,1.0,1.2666666666666666,0.4217022267039683,1.8976600201678573
2022-05-18,DHAMRA,2,2,0.0,56.5553944323811,1.2857142857142858,1.3,0.495879214182326,2.231456463820467
2022-05-19,DHAMRA,1,1,43.4445892605128,0.0,1.4285714285714286,1.2333333333333334,0.5590855747888863,2.5158850865499884
2022-05-20,DHAMRA,2,2,48.7316040599777,72.3317293787948,1.2857142857142858,1.3,0.495879214182326,2.231456463820467
2022-05-21,DHAMRA,1,1,103.982381263379,0.0,1.2857142857142858,1.3333333333333333,0.48661034494929345,2.1897465522718207
2022-05-22,DHAMRA,0,0,0.0,0.0,1.1428571428571428,1.3,0.45479411267180747,2.0465735070231337
2022-05-23,DHAMRA,2,2,73.61529681615791,13.577376955594099,1.2857142857142858,1.3333333333333333,0.48661034494929345,2.1897465522718207
2022-05-24,DHAMRA,1,1,13.5970539714152,0.0,1.2857142857142858,1.3666666666666667,0.47780205772517054,2.1501092597632674
2022-05-25,DHAMRA,0,0,0.0,0.0,1.0,1.3333333333333333,0.40733340004593027,1.8330003002066861
2022-05-26,DHAMRA,2,2,89.4995960406607,0.0,1.1428571428571428,1.4,0.43155485130580784,1.9419968308761353
2022-05-27,DHAMRA,0,0,0.0,0.0,0.8571428571428571,1.3,0.37496170690176517,1.6873276810579432
2022-05-28,DHAMRA,3,3,108.246855411592,28.247389279954,1.1428571428571428,1.3333333333333333,0.44663262720034713,2.009846822401562
2022-05-29,DHAMRA,1,1,0.0,48.0157625774345,1.2857142857142858,1.3,0.495879214182326,2.231456463820467
2022-05-30,DHAMRA,2,2,0.0,2.69304377453843,1.2857142857142858,1.2666666666666666,0.5056388586631163,2.275374863984023
2022-05-31,DHAMRA,3,3,89.7983446455706,52.1067718613662,1.5714285714285714,1.3,0.577662934878744,2.599483206954348
2022-06-01,DHAMRA,1,1,0.0,9.17189092018481,1.7142857142857142,1.3,0.617280685023271,2.7777630826047197
2022-06-02,DHAMRA,2,2,44.5121217694386,3.62929906415296,1.7142857142857142,1.3,0.617280685023271,2.7777630826047197
2022-06-03,DHAMRA,3,3,34.4176023290653,28.3327540368666,2.142857142857143,1.3666666666666667,0.7009689915600508,3.1543604620202284
2022-06-04,DHAMRA,0,0,0.0,0.0,1.7142857142857142,1.3666666666666667,0.59424281498435,2.674092667429575
2022-06-05,DHAMRA,2,2,86.4442704619827,0.0,1.8571428571428572,1.4,0.6200583547474737,2.7902625963636316
2022-06-06,DHAMRA,2,2,154.95353418117102,0.0,1.8571428571428572,1.4333333333333333,0.6090978356088851,2.740940260239983
2022-06-07,DHAMRA,1,1,0.0,23.602611941292597,1.5714285714285714,1.4,0.5457897097480721,2.456053693866324
2022-06-08,DHAMRA,0,0,0.0,0.0,1.4285714285714286,1.3,0.537020041570215,2.4165901870659674
2022-06-09,DHAMRA,0,0,0.0,0.0,1.1428571428571428,1.2666666666666666,0.4634113848477697,2.085351231814964
2022-06-10,DHAMRA,2,2,50.3922901950603,3.5887730650467904,1.0,1.3333333333333333,0.40733340004593027,1.8330003002066861
2022-06-11,DHAMRA,3,3,63.9771007121269,9.909411789876732,1.4285714285714286,1.4333333333333333,0.49875415540221146,2.244393699309952
2022-06-12,DHAMRA,0,0,0.0,0.0,1.1428571428571428,1.3333333333333333,0.44663262720034713,2.009846822401562
2022-06-13,DHAMRA,3,3,52.0485186932382,58.015030342660296,1.2857142857142858,1.4,0.4694259472076499,2.1124167624344246
2022-06-14,DHAMRA,0,0,0.0,0.0,1.1428571428571428,1.3666666666666667,0.438895800357604,1.975031101609218
2022-06-15,DHAMRA,0,0,0.0,0.0,1.1428571428571428,1.3333333333333333,0.44663262720034713,2.009846822401562
2022-06-16,DHAMRA,1,1,11.9222517234218,0.0,1.2857142857142858,1.3333333333333333,0.48661034494929345,2.1897465522718207
2022-06-17,DHAMRA,2,2,24.9686185437228,9.21844045160362,1.2857142857142858,1.3333333333333333,0.48661034494929345,2.1897465522718207
2022-06-18,DHAMRA,2,2,150.226099413566,0.0,1.1428571428571428,1.3666666666666667,0.438895800357604,1.975031101609218
2022-06-19,DHAMRA,1,1,0.0,47.2949501785398,1.2857142857142858,1.3333333333333333,0.48661034494929345,2.1897465522718207
2022-06-20,DHAMRA,0,0,0.0,0.0,0.8571428571428571,1.3,0.37496170690176517,1.6873276810579432
2022-06-21,DHAMRA,1,1,0.0,14.1515027296238,1.0,1.3333333333333333,0.40733340004593027,1.8330003002066861
2022-06-22,DHAMRA,1,1,0.0,14.6257156044773,1.1428571428571428,1.3,0.45479411267180747,2.0465735070231337
2022-06-23,DHAMRA,0,0,0.0,0.0,1.0,1.2666666666666666,0.4217022267039683,1.8976600201678573
2022-06-24,DHAMRA,1,1,57.759341626225,0.0,0.8571428571428571,1.3,0.37496170690176517,1.6873276810579432
2022-06-25,DHAMRA,0,0,0.0,0.0,0.5714285714285714,1.2333333333333334,0.3089528659282928,1.3902878966773176
2022-06-26,DHAMRA,1,1,0.0,9.327943230768629,0.5714285714285714,1.2666666666666666,0.3050618574598407,1.3727783585692832
2022-06-27,DHAMRA,3,3,143.896269658095,10.840611232743301,1.0,1.2666666666666666,0.4217022267039683,1.8976600201678573
2022-06-28,DHAMRA,2,2,40.5104496616359,0.0,1.1428571428571428,1.3,0.45479411267180747,2.0465735070231337
2022-06-29,DHAMRA,0,0,0.0,0.0,1.0,1.2333333333333334,0.42952637620559186,1.9328686929251635
2022-06-30,DHAMRA,3,3,139.356221004069,10.0247867045031,1.4285714285714286,1.2333333333333334,0.5590855747888863,2.5158850865499884
2022-07-01,DHAMRA,1,1,45.640709756067004,0.0,1.4285714285714286,1.2333333333333334,0.5590855747888863,2.5158850865499884
2022-07-02,DHAMRA,2,2,0.0,17.1989236739981,1.7142857142857142,1.2333333333333334,0.6422037854560306,2.8899170345521377
2022-07-03,DHAMRA,2,2,78.8400756131574,0.0,1.8571428571428572,1.2,0.6945395019980801,3.1254277589913606
2022-07-04,DHAMRA,2,2,42.8149213508444,76.891981664884,1.7142857142857142,1.2666666666666666,0.6295006481969407,2.8327529168862333
2022-07-05,DHAMRA,1,1,33.9769018607364,0.0,1.5714285714285714,1.2333333333333334,0.6013748409455077,2.706186784254785
2022-07-06,DHAMRA,1,1,39.323512244398906,0.0,1.7142857142857142,1.2,0.6553990357712653,2.949295660970694
2022-07-07,DHAMRA,2,2,47.9745045672786,12.9305679481525,1.5714285714285714,1.2333333333333334,0.6013748409455077,2.706186784254785
2022-07-08,DHAMRA,1,1,65.98770958927881,0.0,1.5714285714285714,1.2666666666666666,0.5892588271463645,2.6516647221586402
2022-07-09,DHAMRA,0,0,0.0,0.0,1.2857142857142858,1.2666666666666666,0.5056388586631163,2.275374863984023
2022-07-10,DHAMRA,0,0,0.0,0.0,1.0,1.2,0.43782349911420193,1.9702057460139086
2022-07-11,DHAMRA,1,1,1.39295654208299,0.0,0.8571428571428571,1.1333333333333333,0.40961764897181335,1.8432794203731602
2022-07-12,DHAMRA,2,2,46.850747685376106,0.0,1.0,1.2,0.43782349911420193,1.9702057460139086
2022-07-13,DHAMRA,0,0,0.0,0.0,0.8571428571428571,1.1,0.4179562557371151,1.880803150817018
2022-07-14,DHAMRA,1,1,41.417894037506706,0.0,0.7142857142857143,1.1333333333333333,0.36479277103013885,1.6415674696356248
2022-07-15,DHAMRA,0,0,0.0,0.0,0.5714285714285714,1.1333333333333333,0.3221961366206628,1.4498826147929826
2022-07-16,DHAMRA,1,1,14.266797970572,10.0247867045031,0.7142857142857143,1.1333333333333333,0.36479277103013885,1.6415674696356248
2022-07-17,DHAMRA,1,1,0.0,0.0,0.8571428571428571,1.1,0.4179562557371151,1.880803150817018
2022-07-18,DHAMRA,1,1,21.2422013814117,0.0,0.8571428571428571,1.0666666666666667,0.4268676006272159,1.9209042028224717
2022-07-19,DHAMRA,1,1,52.3975162065134,0.0,0.7142857142857143,1.0666666666666667,0.37859036463180457,1.7036566408431206
2022-07-20,DHAMRA,1,1,37.162697995934494,0.0,0.8571428571428571,1.1,0.4179562557371151,1.880803150817018
2022-07-21,DHAMRA,2,2,81.02456106435521,0.0,1.0,1.1333333333333333,0.4559964896748816,2.0519842035369673
2022-07-22,DHAMRA,0,0,0.0,0.0,1.0,1.1,0.46596181968382483,2.0968281885772115
2022-07-23,DHAMRA,2,2,80.2388615340402,17.865954093842703,1.1428571428571428,1.1666666666666667,0.49234753636589823,2.215563913646542
2022-07-24,DHAMRA,0,0,0.0,0.0,1.0,1.1333333333333333,0.4559964896748816,2.0519842035369673
2022-07-25,DHAMRA,2,2,42.8992353599063,12.2470807932841,1.1428571428571428,1.2,0.48215044559386533,2.169677005172394
2022-07-26,DHAMRA,1,1,0.0,13.066221506626,1.1428571428571428,1.2,0.48215044559386533,2.169677005172394
2022-07-27,DHAMRA,2,2,97.4385034812253,0.0,1.2857142857142858,1.1666666666666667,0.5381907749287074,2.421858487179183
2022-07-28,DHAMRA,2,2,98.1231075581591,11.0638952525155,1.2857142857142858,1.1666666666666667,0.5381907749287074,2.421858487179183
2022-07-29,DHAMRA,0,0,0.0,0.0,1.2857142857142858,1.1666666666666667,0.5381907749287074,2.421858487179183
2022-07-30,DHAMRA,2,2,144.41425123645303,0.0,1.2857142857142858,1.1333333333333333,0.5502499566159056,2.476124804771575
2022-07-31,DHAMRA,1,1,44.1927890158331,0.0,1.4285714285714286,1.1333333333333333,0.5964647504663407,2.6840913770985333
2022-08-01,DHAMRA,1,1,43.5842947853815,0.0,1.2857142857142858,1.1,0.5629754755257897,2.533389639866054
2022-08-02,DHAMRA,2,2,72.9479443809179,4.05756279083504,1.4285714285714286,1.1,0.6101759674424228,2.7457918534909025
2022-08-03,DHAMRA,0,0,0.0,0.0,1.1428571428571428,1.0333333333333334,0.5396630333881409,2.4284836502466343
2022-08-04,DHAMRA,0,0,0.0,0.0,0.8571428571428571,1.0,0.44663262720034713,2.009846822401562
2022-08-05,DHAMRA,1,1,0.0,24.6773447103263,1.0,1.0,0.5,2.25
2022-08-06,DHAMRA,2,2,116.90786865242801,0.0,1.0,1.0,0.5,2.25
2022-08-07,DHAMRA,2,2,102.47466700964,0.0,1.1428571428571428,1.0333333333333334,0.5396630333881409,2.4284836502466343
2022-08-08,DHAMRA,1,1,42.8274649913952,0.0,1.1428571428571428,1.0666666666666667,0.5267601195780712,2.3704205381013206
2022-08-09,DHAMRA,1,1,79.0019247899253,0.0,1.0,1.1,0.46596181968382483,2.0968281885772115
2022-08-10,DHAMRA,2,2,3.53808631005148,11.5755459699805,1.2857142857142858,1.1333333333333333,0.5502499566159056,2.476124804771575
2022-08-11,DHAMRA,0,0,0.0,0.0,1.2857142857142858,1.0666666666666667,0.5764057290038561,2.5938257805173524
2022-08-12,DHAMRA,1,1,44.8463081745096,0.0,1.2857142857142858,1.1,0.5629754755257897,2.533389639866054
2022-08-13,DHAMRA,0,0,0.0,0.0,1.0,1.0666666666666667,0.47657965106367606,2.144608429786542
2022-08-14,DHAMRA,1,1,40.841682050194805,0.0,0.8571428571428571,1.1,0.4179562557371151,1.880803150817018
2022-08-15,DHAMRA,3,3,107.732532763783,14.1311709273339,1.1428571428571428,1.1666666666666667,0.49234753636589823,2.215563913646542
2022-08-16,DHAMRA,1,1,95.0221734232498,0.0,1.1428571428571428,1.1666666666666667,0.49234753636589823,2.215563913646542
2022-08-17,DHAMRA,1,1,0.0,14.745622167793,1.0,1.1666666666666667,0.44663262720034713,2.009846822401562
2022-08-18,DHAMRA,1,1,95.6255396602234,0.0,1.1428571428571428,1.1666666666666667,0.49234753636589823,2.215563913646542
2022-08-19,DHAMRA,0,0,0.0,0.0,1.0,1.1333333333333333,0.4559964896748816,2.0519842035369673
2022-08-20,DHAMRA,1,1,0.0,18.0273159967687,1.1428571428571428,1.1,0.5146062326505889,2.31572804692765
2022-08-21,DHAMRA,1,1,57.6612775929775,0.0,1.1428571428571428,1.1333333333333333,0.5031512187803152,2.2641804845114186
2022-08-22,DHAMRA,2,2,46.326858319291,11.5697699198043,1.0,1.1333333333333333,0.4559964896748816,2.0519842035369673
2022-08-23,DHAMRA,1,1,0.0,19.829840763669598,1.0,1.1666666666666667,0.44663262720034713,2.009846822401562
2022-08-24,DHAMRA,2,2,59.1682108574146,34.0145357189173,1.1428571428571428,1.1666666666666667,0.49234753636589823,2.215563913646542
2022-08-25,DHAMRA,1,1,74.2848167941455,0.0,1.1428571428571428,1.1666666666666667,0.49234753636589823,2.215563913646542
2022-08-26,DHAMRA,2,2,0.0,32.9161054527538,1.4285714285714286,1.1666666666666667,0.5833971236320304,2.625287056344137
2022-08-27,DHAMRA,0,0,0.0,0.0,1.2857142857142858,1.1,0.5629754755257897,2.533389639866054
2022-08-28,DHAMRA,3,3,100.11163660632201,10.8865776068623,1.5714285714285714,1.2,0.6140303729468465,2.763136678260809
2022-08-29,DHAMRA,1,1,0.0,1.37468451421845,1.4285714285714286,1.1666666666666667,0.5833971236320304,2.625287056344137
2022-08-30,DHAMRA,1,1,0.0,56.481694328166,1.4285714285714286,1.1666666666666667,0.5833971236320304,2.625287056344137
2022-08-31,DHAMRA,2,2,154.928799170828,0.0,1.4285714285714286,1.2,0.5709465968834663,2.5692596859755983
2022-09-01,DHAMRA,1,1,0.0,0.0,1.4285714285714286,1.1666666666666667,0.5833971236320304,2.625287056344137
2022-09-02,DHAMRA,1,1,23.452697822246197,0.0,1.2857142857142858,1.2,0.5267601195780712,2.3704205381013206
2022-09-03,DHAMRA,0,0,0.0,0.0,1.2857142857142858,1.2,0.5267601195780712,2.3704205381013206
2022-09-04,DHAMRA,2,2,47.4201482847098,0.0,1.1428571428571428,1.2333333333333334,0.4725180722960206,2.126331325332093
2022-09-05,DHAMRA,1,1,0.0,28.795431398121103,1.1428571428571428,1.2,0.48215044559386533,2.169677005172394
2022-09-06,DHAMRA,1,1,0.0,0.0,1.1428571428571428,1.1666666666666667,0.49234753636589823,2.215563913646542
2022-09-07,DHAMRA,1,1,0.0,1.20822379589695,1.0,1.1666666666666667,0.44663262720034713,2.009846822401562
2022-09-08,DHAMRA,1,1,85.3279626940996,0.0,1.0,1.1666666666666667,0.44663262720034713,2.009846822401562
2022-09-09,DHAMRA,0,0,0.0,0.0,0.8571428571428571,1.1,0.4179562557371151,1.880803150817018
2022-09-10,DHAMRA,2,2,0.0,15.7908790964215,1.1428571428571428,1.1666666666666667,0.49234753636589823,2.215563913646542
2022-09-11,DHAMRA,0,0,0.0,0.0,0.8571428571428571,1.1333333333333333,0.40961764897181335,1.8432794203731602
2022-09-12,DHAMRA,1,1,0.0,38.6551758739625,0.8571428571428571,1.1666666666666667,0.40180276654345565,1.8081124494455505
2022-09-13,DHAMRA,1,1,63.428472909072,0.0,0.8571428571428571,1.1666666666666667,0.40180276654345565,1.8081124494455505
2022-09-14,DHAMRA,0,0,0.0,0.0,0.7142857142857143,1.0666666666666667,0.37859036463180457,1.7036566408431206
2022-09-15,DHAMRA,0,0,0.0,0.0,0.5714285714285714,1.0333333333333334,0.3383833439149577,1.5227250476173098
2022-09-16,DHAMRA,1,1,81.3124050681928,0.0,0.7142857142857143,1.0333333333333334,0.3862427010007951,1.738092154503578
2022-09-17,DHAMRA,0,0,0.0,0.0,0.42857142857142855,1.0,0.2979366301210704,1.3407148355448169
2022-09-18,DHAMRA,4,4,93.9465854661192,48.3276383530464,1.0,1.1333333333333333,0.4559964896748816,2.0519842035369673
2022-09-19,DHAMRA,0,0,0.0,0.0,0.8571428571428571,1.1,0.4179562557371151,1.880803150817018
2022-09-20,DHAMRA,1,1,25.1176509792467,0.0,0.8571428571428571,1.1,0.4179562557371151,1.880803150817018
2022-09-21,DHAMRA,1,1,42.158920284582095,0.0,1.0,1.0666666666666667,0.47657965106367606,2.144608429786542
2022-09-22,DHAMRA,2,2,77.799466054511,10.771638726768,1.2857142857142858,1.1,0.5629754755257897,2.533389639866054
2022-09-23,DHAMRA,0,0,0.0,0.0,1.1428571428571428,1.0333333333333334,0.5396630333881409,2.4284836502466343
2022-09-24,DHAMRA,2,2,50.9685697315597,17.3234735844149,1.4285714285714286,1.0666666666666667,0.6245552730329997,2.810498728648499
2022-09-25,DHAMRA,0,0,0.0,0.0,0.8571428571428571,1.0,0.44663262720034713,2.009846822401562
2022-09-26,DHAMRA,1,1,65.4799004829987,0.0,1.0,1.0333333333333334,0.4879055854466635,2.1955751345099856
2022-09-27,DHAMRA,3,3,0.0,29.7645067646333,1.2857142857142858,1.0333333333333334,0.5905790004537695,2.657605502041963
2022-09-28,DHAMRA,0,0,0.0,0.0,1.1428571428571428,1.0,0.5533673727996529,2.490153177598438
2022-09-29,DHAMRA,1,1,0.0,0.0,1.0,1.0,0.5,2.25
2022-09-30,DHAMRA,2,2,55.0319519324669,0.0,1.2857142857142858,1.0,0.6055324872205857,2.724896192492636
2022-10-01,DHAMRA,0,0,0.0,0.0,1.0,0.9666666666666667,0.5129281522943221,2.308176685324449
2022-10-02,DHAMRA,1,1,0.0,0.0,1.1428571428571428,0.9666666666666667,0.5679271670816257,2.555672251867316
2022-10-03,DHAMRA,0,0,0.0,0.0,1.0,0.9666666666666667,0.5129281522943221,2.308176685324449
2022-10-04,DHAMRA,0,0,0.0,0.0,0.5714285714285714,0.9,0.3664169843549362,1.648876429597213
2022-10-05,DHAMRA,2,2,42.8274649913952,0.0,0.8571428571428571,0.9333333333333333,0.4694259472076499,2.1124167624344246
2022-10-06,DHAMRA,1,1,23.1285170723824,3.0769777207337,0.8571428571428571,0.9333333333333333,0.4694259472076499,2.1124167624344246
2022-10-07,DHAMRA,1,1,0.0,0.0,0.7142857142857143,0.9333333333333333,0.41288761607846486,1.8579942723530918
2022-10-08,DHAMRA,1,1,0.0,0.0,0.8571428571428571,0.9333333333333333,0.4694259472076499,2.1124167624344246
2022-10-09,DHAMRA,0,0,0.0,0.0,0.7142857142857143,0.9333333333333333,0.41288761607846486,1.8579942723530918
2022-10-10,DHAMRA,1,1,0.0,8.47152381838835,0.8571428571428571,0.9,0.48215044559386533,2.169677005172394
2022-10-11,DHAMRA,2,2,43.5016564635319,27.9279028852234,1.1428571428571428,0.9666666666666667,0.5679271670816257,2.555672251867316
2022-10-12,DHAMRA,0,0,0.0,0.0,0.8571428571428571,0.9333333333333333,0.4694259472076499,2.1124167624344246
2022-10-13,DHAMRA,1,1,0.0,15.7269585032139,0.8571428571428571,0.9333333333333333,0.4694259472076499,2.1124167624344246
2022-10-14,DHAMRA,0,0,0.0,0.0,0.7142857142857143,0.9333333333333333,0.41288761607846486,1.8579942723530918
2022-10-15,DHAMRA,1,1,52.0540327467097,0.0,0.7142857142857143,0.9666666666666667,0.4033260281303526,1.8149671265865868
2022-10-16,DHAMRA,0,0,0.0,0.0,0.7142857142857143,0.9333333333333333,0.41288761607846486,1.8579942723530918
2022-10-17,DHAMRA,1,1,66.94456003398979,0.0,0.7142857142857143,0.9666666666666667,0.4033260281303526,1.8149671265865868
2022-10-18,DHAMRA,3,3,133.322131149936,0.0,0.8571428571428571,0.9333333333333333,0.4694259472076499,2.1124167624344246
2022-10-19,DHAMRA,0,0,0.0,0.0,0.8571428571428571,0.9333333333333333,0.4694259472076499,2.1124167624344246
2022-10-20,DHAMRA,1,1,23.4085756976954,0.0,0.8571428571428571,0.9333333333333333,0.4694259472076499,2.1124167624344246
2022-10-21,DHAMRA,0,0,0.0,0.0,0.8571428571428571,0.9,0.48215044559386533,2.169677005172394
2022-10-22,DHAMRA,1,1,42.523102852031606,0.0,0.8571428571428571,0.8666666666666667,0.495879214182326,2.231456463820467
2022-10-23,DHAMRA,1,1,75.464317662528,0.0,1.0,0.9,0.5415704832167999,2.4370671744755996
2022-10-24,DHAMRA,0,0,0.0,0.0,0.8571428571428571,0.8333333333333334,0.5107126460737526,2.2982069073318865
2022-10-25,DHAMRA,2,2,23.4085756976954,7.6093948388896395,0.7142857142857143,0.9,0.4232309758150566,1.9045393911677546
2022-10-26,DHAMRA,2,2,55.680453528802,28.4295418223201,1.0,0.9333333333333333,0.5267601195780712,2.3704205381013206
2022-10-27,DHAMRA,0,0,0.0,0.0,0.8571428571428571,0.8333333333333334,0.5107126460737526,2.2982069073318865
2022-10-28,DHAMRA,2,2,3.4801691744978203,5.96071957369566,1.1428571428571428,0.9,0.5998312193351399,2.69924048700813
2022-10-29,DHAMRA,0,0,0.0,0.0,1.0,0.8666666666666667,0.5574376329113073,2.508469348100883
2022-10-30,DHAMRA,0,0,0.0,0.0,0.8571428571428571,0.8,0.5267601195780712,2.3704205381013206
2022-10-31,DHAMRA,1,1,44.2665978754838,0.0,1.0,0.8333333333333334,0.574442516811659,2.5849913256524655
2022-11-01,DHAMRA,2,2,0.0,120.707856017956,1.0,0.8666666666666667,0.5574376329113073,2.508469348100883
2022-11-02,DHAMRA,1,1,27.367102171587,0.0,0.8571428571428571,0.9,0.48215044559386533,2.169677005172394
2022-11-03,DHAMRA,1,1,0.0,9.67867248798648,1.0,0.9333333333333333,0.5267601195780712,2.3704205381013206
2022-11-04,DHAMRA,1,1,41.5547649483156,0.0,0.8571428571428571,0.9,0.48215044559386533,2.169677005172394
2022-11-05,DHAMRA,0,0,0.0,0.0,0.8571428571428571,0.8666666666666667,0.495879214182326,2.231456463820467
2022-11-06,DHAMRA,0,0,0.0,0.0,0.8571428571428571,0.8333333333333334,0.5107126460737526,2.2982069073318865
2022-11-07,DHAMRA,0,0,0.0,0.0,0.7142857142857143,0.8,0.4599076870805793,2.069584591862607
2022-11-08,DHAMRA,1,1,80.2018446315748,0.0,0.5714285714285714,0.8333333333333334,0.384278175693148,1.729251790619166
2022-11-09,DHAMRA,0,0,0.0,0.0,0.42857142857142855,0.8,0.33260453459539463,1.4967204056792758
2022-11-10,DHAMRA,1,1,42.8139645791046,0.0,0.42857142857142855,0.7666666666666667,0.3404048297802547,1.5318217340111462
2022-11-11,DHAMRA,0,0,0.0,0.0,0.2857142857142857,0.7666666666666667,0.28069964558897625,1.2631484051503932
2022-11-12,DHAMRA,0,0,0.0,0.0,0.2857142857142857,0.7333333333333333,0.2858584537102011,1.2863630416959049
2022-11-13,DHAMRA,0,0,0.0,0.0,0.2857142857142857,0.7333333333333333,0.2858584537102011,1.2863630416959049
2022-11-14,DHAMRA,1,1,63.6345349208124,0.0,0.42857142857142855,0.7333333333333333,0.3490138812211882,1.570562465495347
2022-11-15,DHAMRA,1,1,45.7068265434003,0.0,0.42857142857142855,0.7666666666666667,0.3404048297802547,1.5318217340111462
2022-11-16,DHAMRA,1,1,14.266797970572,10.0247867045031,0.5714285714285714,0.7666666666666667,0.4056476070907559,1.8254142319084017
2022-11-17,DHAMRA,0,0,0.0,0.0,0.42857142857142855,0.6666666666666666,0.3691851106220206,1.6613329977990927
2022-11-18,DHAMRA,1,1,42.1326194018068,0.0,0.5714285714285714,0.7,0.43155485130580784,1.9419968308761353
2022-11-19,DHAMRA,0,0,0.0,0.0,0.5714285714285714,0.6666666666666666,0.44663262720034713,2.009846822401562
2022-11-20,DHAMRA,3,3,6.58928956943258,9.11470906405523,1.0,0.7666666666666667,0.6121887123277204,2.7548492054747418
2022-11-21,DHAMRA,2,2,50.734146731543795,12.0991174116815,1.1428571428571428,0.8,0.6553990357712653,2.949295660970694
2022-11-22,DHAMRA,0,0,0.0,0.0,1.0,0.7666666666666667,0.6121887123277204,2.7548492054747418
2022-11-23,DHAMRA,0,0,0.0,0.0,0.8571428571428571,0.7666666666666667,0.5441394571844889,2.4486275573302
2022-11-24,DHAMRA,0,0,0.0,0.0,0.8571428571428571,0.7,0.5833971236320304,2.625287056344137
2022-11-25,DHAMRA,2,2,98.5652120571789,0.0,1.0,0.7,0.6553990357712653,2.949295660970694
2022-11-26,DHAMRA,1,1,44.8409698671796,0.0,1.1428571428571428,0.7333333333333333,0.6979726489959158,3.140876920481621
2022-11-27,DHAMRA,1,1,44.184806678362804,0.0,0.8571428571428571,0.7,0.5833971236320304,2.625287056344137
2022-11-28,DHAMRA,2,2,44.871094478837,27.6609837377685,0.8571428571428571,0.7666666666666667,0.5441394571844889,2.4486275573302
2022-11-29,DHAMRA,0,0,0.0,0.0,0.8571428571428571,0.7666666666666667,0.5441394571844889,2.4486275573302
2022-11-30,DHAMRA,1,1,0.0,34.5772283674363,1.0,0.7666666666666667,0.6121887123277204,2.7548492054747418
2022-12-01,DHAMRA,0,0,0.0,0.0,1.0,0.7,0.6553990357712653,2.949295660970694
2022-12-02,DHAMRA,0,0,0.0,0.0,0.7142857142857143,0.6666666666666666,0.5267601195780712,2.3704205381013206
2022-12-03,DHAMRA,2,2,23.179211923866003,50.9209556500079,0.8571428571428571,0.7,0.5833971236320304,2.625287056344137
2022-12-04,DHAMRA,0,0,0.0,0.0,0.7142857142857143,0.6666666666666666,0.5267601195780712,2.3704205381013206
2022-12-05,DHAMRA,1,1,45.5737089230882,0.0,0.5714285714285714,0.7,0.43155485130580784,1.9419968308761353
2022-12-06,DHAMRA,1,1,23.179211923866003,0.0,0.7142857142857143,0.7333333333333333,0.49026097218520404,2.2061743748334184
2022-12-07,DHAMRA,1,1,0.0,15.951379026275498,0.7142857142857143,0.7666666666666667,0.47440128348604355,2.134805775687196
2022-12-08,DHAMRA,3,3,79.4931798045604,37.8291089569171,1.1428571428571428,0.8333333333333334,0.6357911951701146,2.861060378265516
2022-12-09,DHAMRA,1,1,78.1928558930836,0.0,1.2857142857142858,0.8666666666666667,0.6737674882875564,3.0319536972940035
2022-12-10,DHAMRA,3,3,101.210950580569,34.0363735564088,1.4285714285714286,0.9333333333333333,0.6891007040065003,3.100953168029251
2022-12-11,DHAMRA,0,0,0.0,0.0,1.4285714285714286,0.9333333333333333,0.6891007040065003,3.100953168029251
2022-12-12,DHAMRA,1,1,31.337877276978002,0.0,1.4285714285714286,0.9666666666666667,0.6718906723485366,3.0235080255684146
2022-12-13,DHAMRA,0,0,0.0,0.0,1.2857142857142858,0.9666666666666667,0.6213009810172364,2.7958544145775637
2022-12-14,DHAMRA,0,0,0.0,0.0,1.1428571428571428,0.9333333333333333,0.5833971236320303,2.6252870563441366
2022-12-15,DHAMRA,0,0,0.0,0.0,0.7142857142857143,0.9,0.4232309758150566,1.9045393911677546
2022-12-16,DHAMRA,0,0,0.0,0.0,0.5714285714285714,0.8666666666666667,0.37496170690176517,1.6873276810579432
2022-12-17,DHAMRA,0,0,0.0,0.0,0.14285714285714285,0.8666666666666667,0.22222493853622355,1.000012223413006
2022-12-18,DHAMRA,0,0,0.0,0.0,0.14285714285714285,0.8333333333333334,0.22393905025039476,1.0077257261267765
2022-12-19,DHAMRA,1,1,107.355421860185,0.0,0.14285714285714285,0.8666666666666667,0.22222493853622355,1.000012223413006
2022-12-20,DHAMRA,1,1,0.0,27.9279028852234,0.2857142857142857,0.8,0.27602094452130677,1.2420942503458805
2022-12-21,DHAMRA,0,0,0.0,0.0,0.2857142857142857,0.7333333333333333,0.2858584537102011,1.2863630416959049
2022-12-22,DHAMRA,1,1,2.40949638220094,0.0,0.42857142857142855,0.7666666666666667,0.3404048297802547,1.5318217340111462
2022-12-23,DHAMRA,1,1,2.07247663138575,0.0,0.5714285714285714,0.8,0.3944675127794143,1.7751038075073642
2022-12-24,DHAMRA,1,1,12.0758560137829,0.0,0.7142857142857143,0.8333333333333334,0.44663262720034713,2.009846822401562
2022-12-25,DHAMRA,2,2,51.021247013368004,15.8258250050823,1.0,0.8333333333333334,0.574442516811659,2.5849913256524655
2022-12-26,DHAMRA,1,1,46.953578904660496,0.0,1.0,0.8333333333333334,0.574442516811659,2.5849913256524655
2022-12-27,DHAMRA,1,1,63.620720401273594,0.0,1.0,0.8333333333333334,0.574442516811659,2.5849913256524655
2022-12-28,DHAMRA,0,0,0.0,0.0,1.0,0.7666666666666667,0.6121887123277204,2.7548492054747418
2022-12-29,DHAMRA,0,0,0.0,0.0,0.8571428571428571,0.7666666666666667,0.5441394571844889,2.4486275573302
2022-12-30,DHAMRA,1,1,44.2739042347214,0.0,0.8571428571428571,0.7666666666666667,0.5441394571844889,2.4486275573302
2022-12-31,DHAMRA,1,1,0.0,34.019271367943,0.8571428571428571,0.8,0.5267601195780712,2.3704205381013206
2023-01-01,DHAMRA,1,1,45.5881655639217,0.0,0.7142857142857143,0.8333333333333334,0.44663262720034713,2.009846822401562
2023-01-02,DHAMRA,1,1,0.0,2.22609480328554,0.7142857142857143,0.8,0.4599076870805793,2.069584591862607
2023-01-03,DHAMRA,0,0,0.0,0.0,0.5714285714285714,0.8,0.3944675127794143,1.7751038075073642
2023-01-04,DHAMRA,1,1,0.0,28.6007310607007,0.7142857142857143,0.8,0.4599076870805793,2.069584591862607
2023-01-05,DHAMRA,1,1,0.0,0.581461888800295,0.8571428571428571,0.8,0.5267601195780712,2.3704205381013206
2023-01-06,DHAMRA,0,0,0.0,0.0,0.7142857142857143,0.7666666666666667,0.47440128348604355,2.134805775687196
2023-01-07,DHAMRA,2,2,77.44163686667429,0.0,0.8571428571428571,0.7333333333333333,0.5629754755257897,2.533389639866054
2023-01-08,DHAMRA,0,0,0.0,0.0,0.7142857142857143,0.7,0.5076524636341017,2.2844360863534576
2023-01-09,DHAMRA,1,1,78.6225691114623,0.0,0.7142857142857143,0.6333333333333333,0.5477860353479961,2.4650371590659823
2023-01-10,DHAMRA,1,1,44.204031457933105,0.0,0.8571428571428571,0.6666666666666666,0.6055324872205857,2.724896192492636
2023-01-11,DHAMRA,1,1,97.3060369971686,0.0,0.8571428571428571,0.6666666666666666,0.6055324872205857,2.724896192492636
2023-01-12,DHAMRA,0,0,0.0,0.0,0.7142857142857143,0.6666666666666666,0.5267601195780712,2.3704205381013206
2023-01-13,DHAMRA,1,1,5.94451979211313,0.0,0.8571428571428571,0.7,0.5833971236320304,2.625287056344137
2023-01-14,DHAMRA,2,2,36.970611694323594,0.510379310344826,0.8571428571428571,0.7666666666666667,0.5441394571844889,2.4486275573302
2023-01-15,DHAMRA,2,2,0.0,38.659259136577695,1.1428571428571428,0.8333333333333334,0.6357911951701146,2.861060378265516
2023-01-16,DHAMRA,1,1,27.023091432244097,0.0,1.1428571428571428,0.8666666666666667,0.617280685023271,2.7777630826047197
2023-01-17,DHAMRA,1,1,0.0,51.7421483627582,1.1428571428571428,0.9,0.5998312193351399,2.69924048700813
2023-01-18,DHAMRA,2,2,42.1692440416849,14.055084714398399,1.2857142857142858,0.9333333333333333,0.637915109917611,2.8706179946292494
2023-01-19,DHAMRA,0,0,0.0,0.0,1.2857142857142858,0.9,0.6553990357712653,2.949295660970694
2023-01-20,DHAMRA,1,1,0.0,1.07792237755455,1.2857142857142858,0.9333333333333333,0.637915109917611,2.8706179946292494
2023-01-21,DHAMRA,2,2,86.06309958073099,0.0,1.2857142857142858,0.9666666666666667,0.6213009810172364,2.7958544145775637
2023-01-22,DHAMRA,0,0,0.0,0.0,1.0,0.9333333333333333,0.5267601195780712,2.3704205381013206
2023-01-23,DHAMRA,1,1,45.478972694499305,0.0,1.0,0.9333333333333333,0.5267601195780712,2.3704205381013206
2023-01-24,DHAMRA,0,0,0.0,0.0,0.8571428571428571,0.8666666666666667,0.495879214182326,2.231456463820467
2023-01-25,DHAMRA,1,1,0.0,10.322820538488301,0.7142857142857143,0.8666666666666667,0.4344454746331393,1.9550046358491269
2023-01-26,DHAMRA,1,1,0.0,34.6778069442431,0.8571428571428571,0.8666666666666667,0.495879214182326,2.231456463820467
2023-01-27,DHAMRA,0,0,0.0,0.0,0.7142857142857143,0.8666666666666667,0.4344454746331393,1.9550046358491269
2023-01-28,DHAMRA,0,0,0.0,0.0,0.42857142857142855,0.8666666666666667,0.31902812118788376,1.4356265453454768
2023-01-29,DHAMRA,1,1,1.19506049029916,0.0,0.5714285714285714,0.8666666666666667,0.37496170690176517,1.6873276810579432
2023-01-30,DHAMRA,1,1,61.6855988590099,0.0,0.5714285714285714,0.8666666666666667,0.37496170690176517,1.6873276810579432
2023-01-31,DHAMRA,0,0,0.0,0.0,0.5714285714285714,0.8333333333333334,0.384278175693148,1.729251790619166
2023-02-01,DHAMRA,2,2,65.5243856019042,35.1400940587054,0.7142857142857143,0.8666666666666667,0.4344454746331393,1.9550046358491269
2023-02-02,DHAMRA,1,1,0.0,37.5726593584464,0.7142857142857143,0.9,0.4232309758150566,1.9045393911677546
2023-02-03,DHAMRA,1,1,0.0,5.95015139469516,0.8571428571428571,0.9,0.48215044559386533,2.169677005172394
2023-02-04,DHAMRA,0,0,0.0,0.0,0.8571428571428571,0.8666666666666667,0.495879214182326,2.231456463820467
2023-02-05,DHAMRA,0,0,0.0,0.0,0.7142857142857143,0.8666666666666667,0.4344454746331393,1.9550046358491269
2023-02-06,DHAMRA,1,1,5.15466474117902,17.0096356839715,0.7142857142857143,0.8333333333333334,0.44663262720034713,2.009846822401562
2023-02-07,DHAMRA,1,1,6.78169091648078,0.0,0.8571428571428571,0.8666666666666667,0.495879214182326,2.231456463820467
2023-02-08,DHAMRA,0,0,0.0,0.0,0.5714285714285714,0.8333333333333334,0.384278175693148,1.729251790619166
2023-02-09,DHAMRA,0,0,0.0,0.0,0.42857142857142855,0.8,0.33260453459539463,1.4967204056792758
2023-02-10,DHAMRA,0,0,0.0,0.0,0.2857142857142857,0.7666666666666667,0.28069964558897625,1.2631484051503932
2023-02-11,DHAMRA,1,1,97.1343425097585,0.0,0.42857142857142855,0.8,0.33260453459539463,1.4967204056792758
2023-02-12,DHAMRA,2,2,91.6892800050962,0.0,0.7142857142857143,0.8333333333333334,0.44663262720034713,2.009846822401562
2023-02-13,DHAMRA,1,1,0.0,30.246690842100097,0.7142857142857143,0.8,0.4599076870805793,2.069584591862607
2023-02-14,DHAMRA,0,0,0.0,0.0,0.5714285714285714,0.7333333333333333,0.41795625573711515,1.8808031508170182
2023-02-15,DHAMRA,0,0,0.0,0.0,0.5714285714285714,0.7,0.43155485130580784,1.9419968308761353
2023-02-16,DHAMRA,2,2,41.442562197469194,34.631856513785,0.8571428571428571,0.7333333333333333,0.5629754755257897,2.533389639866054
2023-02-17,DHAMRA,1,1,49.662431499143295,0.0,1.0,0.7,0.6553990357712653,2.949295660970694
2023-02-18,DHAMRA,0,0,0.0,0.0,0.8571428571428571,0.7,0.5833971236320304,2.625287056344137
2023-02-19,DHAMRA,1,1,11.120307201528,0.0,0.7142857142857143,0.7,0.5076524636341017,2.2844360863534576
2023-02-20,DHAMRA,0,0,0.0,0.0,0.5714285714285714,0.6333333333333333,0.4634113848477697,2.085351231814964
2023-02-21,DHAMRA,0,0,0.0,0.0,0.5714285714285714,0.6333333333333333,0.4634113848477697,2.085351231814964
2023-02-22,DHAMRA,1,1,0.0,8.328668931060319,0.7142857142857143,0.6333333333333333,0.5477860353479961,2.4650371590659823
2023-02-23,DHAMRA,2,2,0.0,12.5175714262254,0.7142857142857143,0.7,0.5076524636341017,2.2844360863534576
2023-02-24,DHAMRA,0,0,0.0,0.0,0.5714285714285714,0.6666666666666666,0.44663262720034713,2.009846822401562
2023-02-25,DHAMRA,1,1,0.0,15.9996981499342,0.7142857142857143,0.6666666666666666,0.5267601195780712,2.3704205381013206
2023-02-26,DHAMRA,2,2,50.7591422412252,0.0,0.8571428571428571,0.7333333333333333,0.5629754755257897,2.533389639866054
2023-02-27,DHAMRA,0,0,0.0,0.0,0.8571428571428571,0.7333333333333333,0.5629754755257897,2.533389639866054
2023-02-28,DHAMRA,1,1,0.5562155731136591,0.0,1.0,0.7333333333333333,0.6330803692548326,2.8488616616467466
2023-03-01,DHAMRA,2,2,74.0099606590997,0.0,1.1428571428571428,0.7666666666666667,0.676125988345924,3.042566947556658
2023-03-02,DHAMRA,0,0,0.0,0.0,0.8571428571428571,0.7666666666666667,0.5441394571844889,2.4486275573302
2023-03-03,DHAMRA,1,1,76.70858318342991,0.0,1.0,0.7333333333333333,0.6330803692548326,2.8488616616467466
2023-03-04,DHAMRA,1,1,0.0,34.551167714681704,1.0,0.7333333333333333,0.6330803692548326,2.8488616616467466
2023-03-05,DHAMRA,0,0,0.0,0.0,0.7142857142857143,0.7,0.5076524636341017,2.2844360863534576
2023-03-06,DHAMRA,0,0,0.0,0.0,0.7142857142857143,0.7,0.5076524636341017,2.2844360863534576
2023-03-07,DHAMRA,2,2,61.217324316620704,37.040784407458204,0.8571428571428571,0.7666666666666667,0.5441394571844889,2.4486275573302
2023-03-08,DHAMRA,0,0,0.0,0.0,0.5714285714285714,0.7333333333333333,0.41795625573711515,1.8808031508170182
2023-03-09,DHAMRA,1,1,44.5024464328311,0.0,0.7142857142857143,0.7333333333333333,0.49026097218520404,2.2061743748334184
2023-03-10,DHAMRA,0,0,0.0,0.0,0.5714285714285714,0.7333333333333333,0.41795625573711515,1.8808031508170182
2023-03-11,DHAMRA,3,3,168.150663607608,0.0,0.8571428571428571,0.8333333333333334,0.5107126460737526,2.2982069073318865
2023-03-12,DHAMRA,0,0,0.0,0.0,0.8571428571428571,0.8333333333333334,0.5107126460737526,2.2982069073318865
2023-03-13,DHAMRA,2,2,107.476585962849,85.4392823419068,1.1428571428571428,0.8666666666666667,0.617280685023271,2.7777630826047197
2023-03-14,DHAMRA,0,0,0.0,0.0,0.8571428571428571,0.8,0.5267601195780712,2.3704205381013206
2023-03-15,DHAMRA,1,1,0.0,35.153474423747696,1.0,0.8,0.5926665999540697,2.6669996997933136
2023-03-16,DHAMRA,1,1,0.0,35.281286426330105,1.0,0.8333333333333334,0.574442516811659,2.5849913256524655
2023-03-17,DHAMRA,1,1,0.0,7.261109080072081,1.1428571428571428,0.8666666666666667,0.617280685023271,2.7777630826047197
2023-03-18,DHAMRA,0,0,0.0,0.0,0.7142857142857143,0.8,0.4599076870805793,2.069584591862607
2023-03-19,DHAMRA,1,1,27.3155316252907,0.0,0.8571428571428571,0.8,0.5267601195780712,2.3704205381013206
2023-03-20,DHAMRA,1,1,0.0,34.5176355796731,0.7142857142857143,0.8333333333333334,0.44663262720034713,2.009846822401562
2023-03-21,DHAMRA,0,0,0.0,0.0,0.7142857142857143,0.8,0.4599076870805793,2.069584591862607
2023-03-22,DHAMRA,3,3,44.882506988759296,38.2789670144916,1.0,0.9,0.5415704832167999,2.4370671744755996
2023-03-23,DHAMRA,2,2,46.1756163308171,34.049992465272595,1.1428571428571428,0.9666666666666667,0.5679271670816257,2.555672251867316
2023-03-24,DHAMRA,1,1,46.8202604614466,0.0,1.1428571428571428,0.9666666666666667,0.5679271670816257,2.555672251867316
2023-03-25,DHAMRA,0,0,0.0,0.0,1.1428571428571428,0.9,0.5998312193351399,2.69924048700813
2023-03-26,DHAMRA,1,1,49.066398490504305,0.0,1.1428571428571428,0.9333333333333333,0.5833971236320303,2.6252870563441366
2023-03-27,DHAMRA,0,0,0.0,0.0,1.0,0.9,0.5415704832167999,2.4370671744755996
2023-03-28,DHAMRA,0,0,0.0,0.0,1.0,0.8333333333333334,0.574442516811659,2.5849913256524655
2023-03-29,DHAMRA,1,1,0.540480396706138,0.0,0.7142857142857143,0.8666666666666667,0.4344454746331393,1.9550046358491269
2023-03-30,DHAMRA,0,0,0.0,0.0,0.42857142857142855,0.8333333333333334,0.325508295835916,1.464787331261622
2023-03-31,DHAMRA,0,0,0.0,0.0,0.2857142857142857,0.7666666666666667,0.28069964558897625,1.2631484051503932
2023-04-01,DHAMRA,1,1,0.0,0.0,0.42857142857142855,0.8,0.33260453459539463,1.4967204056792758
2023-04-02,DHAMRA,0,0,0.0,0.0,0.2857142857142857,0.7666666666666667,0.28069964558897625,1.2631484051503932
2023-04-03,DHAMRA,2,2,108.234281424271,0.0,0.5714285714285714,0.8,0.3944675127794143,1.7751038075073642
2023-04-04,DHAMRA,1,1,98.06619738018861,0.0,0.7142857142857143,0.8333333333333334,0.44663262720034713,2.009846822401562
2023-04-05,DHAMRA,1,1,0.0,36.948142130697995,0.7142857142857143,0.8666666666666667,0.4344454746331393,1.9550046358491269
2023-04-06,DHAMRA,3,3,81.9362391138723,0.0,1.1428571428571428,0.9,0.5998312193351399,2.69924048700813
2023-04-07,DHAMRA,0,0,0.0,0.0,1.1428571428571428,0.9,0.5998312193351399,2.69924048700813
2023-04-08,DHAMRA,2,2,134.031539498867,0.0,1.2857142857142858,0.9333333333333333,0.637915109917611,2.8706179946292494
2023-04-09,DHAMRA,0,0,0.0,0.0,1.2857142857142858,0.9333333333333333,0.637915109917611,2.8706179946292494
2023-04-10,DHAMRA,0,0,0.0,0.0,1.0,0.8333333333333334,0.574442516811659,2.5849913256524655
2023-04-11,DHAMRA,2,2,27.1818269100491,0.0,1.1428571428571428,0.9,0.5998312193351399,2.69924048700813
2023-04-12,DHAMRA,1,1,0.0,73.3800478466912,1.1428571428571428,0.8666666666666667,0.617280685023271,2.7777630826047197
2023-04-13,DHAMRA,0,0,0.0,0.0,0.7142857142857143,0.8666666666666667,0.4344454746331393,1.9550046358491269
2023-04-14,DHAMRA,2,2,57.5988113864377,43.2240686245032,1.0,0.9,0.5415704832167999,2.4370671744755996
2023-04-15,DHAMRA,0,0,0.0,0.0,0.7142857142857143,0.8666666666666667,0.4344454746331393,1.9550046358491269
2023-04-16,DHAMRA,1,1,0.0,34.53298321351,0.8571428571428571,0.8666666666666667,0.495879214182326,2.231456463820467
2023-04-17,DHAMRA,1,1,44.8941218701599,0.0,1.0,0.9,0.5415704832167999,2.4370671744755996
2023-04-18,DHAMRA,2,2,2.35957779734803,3.63167342600418,1.0,0.9333333333333333,0.5267601195780712,2.3704205381013206
2023-04-19,DHAMRA,1,1,62.6119297442979,0.0,1.0,0.9333333333333333,0.5267601195780712,2.3704205381013206
2023-04-20,DHAMRA,0,0,0.0,0.0,1.0,0.9333333333333333,0.5267601195780712,2.3704205381013206
2023-04-21,DHAMRA,0,0,0.0,0.0,0.7142857142857143,0.8333333333333334,0.44663262720034713,2.009846822401562
2023-04-22,DHAMRA,2,2,79.0689019043202,4.29155031837364,1.0,0.8333333333333334,0.574442516811659,2.5849913256524655
2023-04-23,DHAMRA,1,1,0.0,16.9038770325498,1.0,0.8333333333333334,0.574442516811659,2.5849913256524655
2023-04-24,DHAMRA,0,0,0.0,0.0,0.8571428571428571,0.8333333333333334,0.5107126460737526,2.2982069073318865
2023-04-25,DHAMRA,0,0,0.0,0.0,0.5714285714285714,0.8,0.3944675127794143,1.7751038075073642
2023-04-26,DHAMRA,1,1,1.2164576411516501,0.0,0.5714285714285714,0.8333333333333334,0.384278175693148,1.729251790619166
2023-04-27,DHAMRA,1,1,0.0,36.1436898840799,0.7142857142857143,0.8666666666666667,0.4344454746331393,1.9550046358491269
2023-04-28,DHAMRA,1,1,44.850319105567806,0.0,0.8571428571428571,0.8666666666666667,0.495879214182326,2.231456463820467
2023-04-29,DHAMRA,1,1,0.0,35.138154708246894,0.7142857142857143,0.9,0.4232309758150566,1.9045393911677546
2023-04-30,DHAMRA,0,0,0.0,32.964067971328795,0.5714285714285714,0.9,0.3664169843549362,1.648876429597213
2023-05-01,DHAMRA,0,0,0.0,0.0,0.5714285714285714,0.8666666666666667,0.37496170690176517,1.6873276810579432
2023-05-02,DHAMRA,0,0,0.0,0.0,0.5714285714285714,0.8666666666666667,0.37496170690176517,1.6873276810579432
2023-05-03,DHAMRA,0,0,0.0,0.0,0.42857142857142855,0.8,0.33260453459539463,1.4967204056792758
2023-05-04,DHAMRA,1,1,45.5936322688552,0.0,0.42857142857142855,0.8,0.33260453459539463,1.4967204056792758
2023-05-05,DHAMRA,1,1,95.5830583009786,0.0,0.42857142857142855,0.8,0.33260453459539463,1.4967204056792758
2023-05-06,DHAMRA,1,1,87.32242677724949,0.0,0.42857142857142855,0.7333333333333333,0.3490138812211882,1.570562465495347
2023-05-07,DHAMRA,1,1,0.0,36.955606753166,0.5714285714285714,0.7666666666666667,0.4056476070907559,1.8254142319084017
2023-05-08,DHAMRA,1,1,74.3677080663154,0.0,0.7142857142857143,0.7333333333333333,0.49026097218520404,2.2061743748334184
2023-05-09,DHAMRA,2,2,27.373687933592702,36.1702879221327,1.0,0.8,0.5926665999540697,2.6669996997933136
2023-05-10,DHAMRA,1,1,0.0,0.0,1.1428571428571428,0.8333333333333334,0.6357911951701146,2.861060378265516
2023-05-11,DHAMRA,2,2,0.0,38.735740775188404,1.2857142857142858,0.8333333333333334,0.693022011349724,3.118599051073758
2023-05-12,DHAMRA,0,0,0.0,0.0,1.1428571428571428,0.8,0.6553990357712653,2.949295660970694
2023-05-13,DHAMRA,1,1,28.608173925278102,0.0,1.1428571428571428,0.8333333333333334,0.6357911951701146,2.861060378265516
2023-05-14,DHAMRA,0,0,0.0,0.0,1.0,0.7666666666666667,0.6121887123277204,2.7548492054747418
2023-05-15,DHAMRA,0,0,0.0,0.0,0.8571428571428571,0.7666666666666667,0.5441394571844889,2.4486275573302
2023-05-16,DHAMRA,0,0,0.0,0.0,0.5714285714285714,0.7333333333333333,0.41795625573711515,1.8808031508170182
2023-05-17,DHAMRA,2,2,63.674939883577096,0.0,0.7142857142857143,0.7666666666666667,0.47440128348604355,2.134805775687196
2023-05-18,DHAMRA,1,1,0.0,9.73728664097428,0.5714285714285714,0.7333333333333333,0.41795625573711515,1.8808031508170182
2023-05-19,DHAMRA,1,1,94.66612271163321,0.0,0.7142857142857143,0.7333333333333333,0.49026097218520404,2.2061743748334184
2023-05-20,DHAMRA,1,1,0.0,0.0,0.7142857142857143,0.7666666666666667,0.47440128348604355,2.134805775687196
2023-05-21,DHAMRA,3,3,150.279010001352,32.9409277034734,1.1428571428571428,0.8666666666666667,0.617280685023271,2.7777630826047197
2023-05-22,DHAMRA,0,0,0.0,0.0,1.1428571428571428,0.8,0.6553990357712653,2.949295660970694
2023-05-23,DHAMRA,0,0,0.0,0.0,1.1428571428571428,0.7666666666666667,0.676125988345924,3.042566947556658
2023-05-24,DHAMRA,1,1,0.0,35.6896396864975,1.0,0.8,0.5926665999540697,2.6669996997933136
2023-05-25,DHAMRA,1,1,0.0,20.1045755906862,1.0,0.8333333333333334,0.574442516811659,2.5849913256524655
2023-05-26,DHAMRA,1,1,31.9865056578529,0.0,1.0,0.8333333333333334,0.574442516811659,2.5849913256524655
2023-05-27,DHAMRA,2,2,78.7369130924813,51.450930253578996,1.1428571428571428,0.8666666666666667,0.617280685023271,2.7777630826047197
2023-05-28,DHAMRA,2,2,0.0,14.5410663658281,1.0,0.9,0.5415704832167999,2.4370671744755996
2023-05-29,DHAMRA,1,1,93.3616467146703,0.0,1.1428571428571428,0.9,0.5998312193351399,2.69924048700813
2023-05-30,DHAMRA,0,0,0.0,0.0,1.1428571428571428,0.9,0.5998312193351399,2.69924048700813
2023-05-31,DHAMRA,1,1,0.0,37.7781537035807,1.1428571428571428,0.9333333333333333,0.5833971236320303,2.6252870563441366
2023-06-01,DHAMRA,1,1,54.6792629119341,0.0,1.1428571428571428,0.9666666666666667,0.5679271670816257,2.555672251867316
2023-06-02,DHAMRA,1,1,0.0,35.2729776355797,1.1428571428571428,1.0,0.5533673727996529,2.490153177598438
2023-06-03,DHAMRA,2,2,37.600569987009095,1.04465775200788,1.1428571428571428,1.0333333333333334,0.5396630333881409,2.4284836502466343
2023-06-04,DHAMRA,1,1,2.15129114490304,0.0,1.0,1.0333333333333334,0.4879055854466635,2.1955751345099856
2023-06-05,DHAMRA,0,0,0.0,0.0,0.8571428571428571,1.0,0.44663262720034713,2.009846822401562
2023-06-06,DHAMRA,1,1,1.00395625160611,0.0,1.0,1.0,0.5,2.25
2023-06-07,DHAMRA,1,1,107.337282452681,0.0,1.0,1.0,0.5,2.25
2023-06-08,DHAMRA,0,0,0.0,0.0,0.8571428571428571,0.9333333333333333,0.4694259472076499,2.1124167624344246
2023-06-09,DHAMRA,0,0,0.0,0.0,0.7142857142857143,0.9,0.4232309758150566,1.9045393911677546
2023-06-10,DHAMRA,1,1,47.595871467314694,0.0,0.5714285714285714,0.8666666666666667,0.37496170690176517,1.6873276810579432
2023-06-11,DHAMRA,0,0,0.0,0.0,0.42857142857142855,0.8666666666666667,0.31902812118788376,1.4356265453454768
2023-06-12,DHAMRA,0,0,0.0,0.0,0.42857142857142855,0.8333333333333334,0.325508295835916,1.464787331261622
2023-06-13,DHAMRA,1,1,61.6876826086486,0.0,0.42857142857142855,0.8666666666666667,0.31902812118788376,1.4356265453454768
2023-06-14,DHAMRA,2,2,91.55203195288499,13.5432181166719,0.5714285714285714,0.9333333333333333,0.35855700680362323,1.6135065306163046
2023-06-15,DHAMRA,1,1,0.0,0.0,0.7142857142857143,0.9666666666666667,0.4033260281303526,1.8149671265865868
2023-06-16,DHAMRA,1,1,0.0,44.109781359056896,0.8571428571428571,0.9333333333333333,0.4694259472076499,2.1124167624344246
2023-06-17,DHAMRA,1,1,91.55203195288499,0.0,0.8571428571428571,0.9333333333333333,0.4694259472076499,2.1124167624344246
2023-06-18,DHAMRA,0,0,0.0,0.0,0.8571428571428571,0.9,0.48215044559386533,2.169677005172394
2023-06-19,DHAMRA,2,2,0.0,72.1731579883582,1.1428571428571428,0.9333333333333333,0.5833971236320303,2.6252870563441366
2023-06-20,DHAMRA,1,1,36.733920692097996,0.0,1.1428571428571428,0.8666666666666667,0.617280685023271,2.7777630826047197
2023-06-21,DHAMRA,1,1,0.0,0.0,1.0,0.9,0.5415704832167999,2.4370671744755996
2023-06-22,DHAMRA,0,0,0.0,0.0,0.8571428571428571,0.9,0.48215044559386533,2.169677005172394
2023-06-23,DHAMRA,1,1,0.0,34.021753988499796,0.8571428571428571,0.9,0.48215044559386533,2.169677005172394
2023-06-24,DHAMRA,0,0,0.0,0.0,0.7142857142857143,0.8666666666666667,0.4344454746331393,1.9550046358491269
2023-06-25,DHAMRA,1,1,0.0,0.0,0.8571428571428571,0.8666666666666667,0.495879214182326,2.231456463820467
2023-06-26,DHAMRA,1,1,0.0,36.2031485136228,0.7142857142857143,0.8333333333333334,0.44663262720034713,2.009846822401562
2023-06-27,DHAMRA,1,1,0.0,0.0,0.7142857142857143,0.8,0.4599076870805793,2.069584591862607
2023-06-28,DHAMRA,0,0,0.0,0.0,0.5714285714285714,0.7666666666666667,0.4056476070907559,1.8254142319084017
2023-06-29,DHAMRA,0,0,0.0,0.0,0.5714285714285714,0.7666666666666667,0.4056476070907559,1.8254142319084017
2023-06-30,DHAMRA,2,2,0.667248893163171,31.379485376289203,0.7142857142857143,0.8,0.4599076870805793,2.069584591862607
2023-07-01,DHAMRA,1,1,27.5916892354298,0.0,0.8571428571428571,0.8,0.5267601195780712,2.3704205381013206
2023-07-02,DHAMRA,0,0,0.0,0.0,0.7142857142857143,0.7666666666666667,0.47440128348604355,2.134805775687196
2023-07-03,DHAMRA,2,2,57.383370155101005,0.0,0.8571428571428571,0.7666666666666667,0.5441394571844889,2.4486275573302
2023-07-04,DHAMRA,2,2,138.311816192564,0.0,1.0,0.8,0.5926665999540697,2.6669996997933136
2023-07-05,DHAMRA,2,2,16.6680534662965,35.079051130962796,1.2857142857142858,0.8666666666666667,0.6737674882875564,3.0319536972940035
2023-07-06,DHAMRA,1,1,65.853949994362,0.0,1.4285714285714286,0.8666666666666667,0.7256229899299018,3.2653034546845583
2023-07-07,DHAMRA,2,2,99.2326542082139,6.01052890874637,1.4285714285714286,0.9,0.7070195389445062,3.1815879252502777
2023-07-08,DHAMRA,1,1,0.0,34.5362309645208,1.4285714285714286,0.9333333333333333,0.6891007040065003,3.100953168029251
2023-07-09,DHAMRA,0,0,0.0,0.0,1.4285714285714286,0.9333333333333333,0.6891007040065003,3.100953168029251
2023-07-10,DHAMRA,2,2,71.4579263814929,38.625082951180396,1.4285714285714286,0.9666666666666667,0.6718906723485366,3.0235080255684146
2023-07-11,DHAMRA,0,0,0.0,0.0,1.1428571428571428,0.9666666666666667,0.5679271670816257,2.555672251867316
2023-07-12,DHAMRA,1,1,73.1121492936293,0.0,1.0,1.0,0.5,2.25
2023-07-13,DHAMRA,1,1,104.89818557861301,0.0,1.0,1.0,0.5,2.25
2023-07-14,DHAMRA,1,1,0.0,38.7065443196412,0.8571428571428571,0.9666666666666667,0.4576142859711148,2.059264286870017
2023-07-15,DHAMRA,1,1,42.1320750620162,0.0,0.8571428571428571,0.9666666666666667,0.4576142859711148,2.059264286870017
2023-07-16,DHAMRA,1,1,0.0,31.6823152761805,1.0,0.9666666666666667,0.5129281522943221,2.308176685324449
2023-07-17,DHAMRA,0,0,0.0,0.0,0.7142857142857143,0.9333333333333333,0.41288761607846486,1.8579942723530918
2023-07-18,DHAMRA,1,1,0.0,0.556209298981674,0.8571428571428571,0.9666666666666667,0.4576142859711148,2.059264286870017
2023-07-19,DHAMRA,1,1,0.0,0.0,0.8571428571428571,0.9333333333333333,0.4694259472076499,2.1124167624344246
2023-07-20,DHAMRA,0,0,0.0,0.0,0.7142857142857143,0.9,0.4232309758150566,1.9045393911677546
2023-07-21,DHAMRA,1,1,60.6031985493104,0.0,0.7142857142857143,0.9,0.4232309758150566,1.9045393911677546
2023-07-22,DHAMRA,0,0,0.0,0.0,0.5714285714285714,0.9,0.3664169843549362,1.648876429597213
2023-07-23,DHAMRA,0,0,0.0,0.0,0.42857142857142855,0.8666666666666667,0.31902812118788376,1.4356265453454768
2023-07-24,DHAMRA,0,0,0.0,0.0,0.42857142857142855,0.8666666666666667,0.31902812118788376,1.4356265453454768
2023-07-25,DHAMRA,1,1,0.0,8.0173252077625,0.42857142857142855,0.8666666666666667,0.31902812118788376,1.4356265453454768
2023-07-26,DHAMRA,0,0,0.0,0.0,0.2857142857142857,0.8333333333333334,0.2717594170925998,1.2229173769166992
2023-07-27,DHAMRA,1,1,0.0,13.2848420283295,0.42857142857142855,0.8333333333333334,0.325508295835916,1.464787331261622
2023-07-28,DHAMRA,3,3,49.0653253538858,0.0,0.7142857142857143,0.9333333333333333,0.41288761607846486,1.8579942723530918
2023-07-29,DHAMRA,0,0,0.0,0.0,0.7142857142857143,0.9333333333333333,0.41288761607846486,1.8579942723530918
2023-07-30,DHAMRA,1,1,106.40158945116401,0.0,0.8571428571428571,0.9,0.48215044559386533,2.169677005172394
2023-07-31,DHAMRA,1,1,0.0,52.954169455816,1.0,0.9,0.5415704832167999,2.4370671744755996
2023-08-01,DHAMRA,1,1,51.7421483627582,0.0,1.0,0.9333333333333333,0.5267601195780712,2.3704205381013206
2023-08-02,DHAMRA,0,0,0.0,0.0,1.0,0.8666666666666667,0.5574376329113073,2.508469348100883
2023-08-03,DHAMRA,1,1,0.0,0.0,1.0,0.8333333333333334,0.574442516811659,2.5849913256524655
2023-08-04,DHAMRA,1,1,29.7933923913453,0.0,0.7142857142857143,0.8,0.4599076870805793,2.069584591862607
2023-08-05,DHAMRA,1,1,0.0,33.4707467580968,0.8571428571428571,0.8,0.5267601195780712,2.3704205381013206
2023-08-06,DHAMRA,0,0,0.0,0.0,0.7142857142857143,0.7333333333333333,0.49026097218520404,2.2061743748334184
2023-08-07,DHAMRA,1,1,47.391600904074096,0.0,0.7142857142857143,0.7333333333333333,0.49026097218520404,2.2061743748334184
2023-08-08,DHAMRA,0,0,0.0,0.0,0.5714285714285714,0.7333333333333333,0.41795625573711515,1.8808031508170182
2023-08-09,DHAMRA,0,0,0.0,0.0,0.5714285714285714,0.6666666666666666,0.44663262720034713,2.009846822401562
2023-08-10,DHAMRA,0,0,0.0,0.0,0.42857142857142855,0.6666666666666666,0.3691851106220206,1.6613329977990927
2023-08-11,DHAMRA,0,0,0.0,0.0,0.2857142857142857,0.6333333333333333,0.3050618574598407,1.3727783585692832
2023-08-12,DHAMRA,1,1,0.0,14.5190486113256,0.2857142857142857,0.6333333333333333,0.3050618574598407,1.3727783585692832
2023-08-13,DHAMRA,2,2,0.696163079254009,35.608658177125,0.5714285714285714,0.6666666666666666,0.44663262720034713,2.009846822401562
2023-08-14,DHAMRA,2,2,152.443540244415,0.0,0.7142857142857143,0.7,0.5076524636341017,2.2844360863534576
2023-08-15,DHAMRA,0,0,0.0,0.0,0.7142857142857143,0.6666666666666666,0.5267601195780712,2.3704205381013206
2023-08-16,DHAMRA,0,0,0.0,0.0,0.7142857142857143,0.6666666666666666,0.5267601195780712,2.3704205381013206
2023-08-17,DHAMRA,0,0,0.0,0.0,0.7142857142857143,0.6333333333333333,0.5477860353479961,2.4650371590659823
2023-08-18,DHAMRA,0,0,0.0,0.0,0.7142857142857143,0.6,0.5709465968834663,2.5692596859755983
2023-08-19,DHAMRA,0,0,0.0,0.0,0.5714285714285714,0.6,0.48215044559386533,2.169677005172394
2023-08-20,DHAMRA,2,2,0.0,34.7029854189542,0.5714285714285714,0.6333333333333333,0.4634113848477697,2.085351231814964
2023-08-21,DHAMRA,0,0,0.0,0.0,0.2857142857142857,0.6333333333333333,0.3050618574598407,1.3727783585692832
2023-08-22,DHAMRA,1,1,79.41448966896439,0.0,0.42857142857142855,0.6666666666666666,0.3691851106220206,1.6613329977990927
2023-08-23,DHAMRA,0,0,0.0,0.0,0.42857142857142855,0.6666666666666666,0.3691851106220206,1.6613329977990927
2023-08-24,DHAMRA,2,2,0.5666141607438689,35.253048245489104,0.7142857142857143,0.7,0.5076524636341017,2.2844360863534576
2023-08-25,DHAMRA,0,0,0.0,0.0,0.7142857142857143,0.7,0.5076524636341017,2.2844360863534576
2023-08-26,DHAMRA,2,2,91.1673234849616,36.3273297847514,1.0,0.7333333333333333,0.6330803692548326,2.8488616616467466
2023-08-27,DHAMRA,1,1,42.8085703719653,0.0,0.8571428571428571,0.6666666666666666,0.6055324872205857,2.724896192492636
2023-08-28,DHAMRA,0,0,0.0,0.0,0.8571428571428571,0.6666666666666666,0.6055324872205857,2.724896192492636
2023-08-29,DHAMRA,0,0,0.0,0.0,0.7142857142857143,0.6333333333333333,0.5477860353479961,2.4650371590659823
2023-08-30,DHAMRA,2,2,25.5489051883059,39.786113884678805,1.0,0.6666666666666666,0.679178699175393,3.0563041462892686
2023-08-31,DHAMRA,1,1,18.8136923463944,0.0,0.8571428571428571,0.6666666666666666,0.6055324872205857,2.724896192492636
2023-09-01,DHAMRA,1,1,0.0,0.0,1.0,0.7,0.6553990357712653,2.949295660970694
2023-09-02,DHAMRA,0,0,0.0,0.0,0.7142857142857143,0.6666666666666666,0.5267601195780712,2.3704205381013206
2023-09-03,DHAMRA,2,2,41.4593523317523,39.0007233099201,0.8571428571428571,0.7,0.5833971236320304,2.625287056344137
2023-09-04,DHAMRA,1,1,43.7524086113375,0.0,1.0,0.7,0.6553990357712653,2.949295660970694
2023-09-05,DHAMRA,1,1,0.0,48.1450644331444,1.1428571428571428,0.7333333333333333,0.6979726489959158,3.140876920481621
2023-09-06,DHAMRA,2,2,65.1216413550209,36.7539109371619,1.1428571428571428,0.7666666666666667,0.676125988345924,3.042566947556658
2023-09-07,DHAMRA,0,0,0.0,0.0,1.0,0.7666666666666667,0.6121887123277204,2.7548492054747418
2023-09-08,DHAMRA,2,2,44.8656921442996,36.299483196625204,1.1428571428571428,0.8333333333333334,0.6357911951701146,2.861060378265516
2023-09-09,DHAMRA,0,0,0.0,0.0,1.1428571428571428,0.8333333333333334,0.6357911951701146,2.861060378265516
2023-09-10,DHAMRA,2,2,40.8545911622635,31.3202129292728,1.1428571428571428,0.9,0.5998312193351399,2.69924048700813
2023-09-11,DHAMRA,1,1,43.5110811209086,0.0,1.1428571428571428,0.9,0.5998312193351399,2.69924048700813
2023-09-12,DHAMRA,1,1,65.9585070240529,0.0,1.1428571428571428,0.8666666666666667,0.617280685023271,2.7777630826047197
2023-09-13,DHAMRA,0,0,0.0,0.0,0.8571428571428571,0.8,0.5267601195780712,2.3704205381013206
2023-09-14,DHAMRA,1,1,0.0,30.627271029092498,1.0,0.8333333333333334,0.574442516811659,2.5849913256524655
2023-09-15,DHAMRA,1,1,7.93296493931835,0.0,0.8571428571428571,0.8666666666666667,0.495879214182326,2.231456463820467
2023-09-16,DHAMRA,0,0,0.0,0.0,0.8571428571428571,0.8666666666666667,0.495879214182326,2.231456463820467
2023-09-17,DHAMRA,0,0,0.0,0.0,0.5714285714285714,0.8666666666666667,0.37496170690176517,1.6873276810579432
2023-09-18,DHAMRA,1,1,0.0,35.132880536101894,0.5714285714285714,0.9,0.3664169843549362,1.648876429597213
2023-09-19,DHAMRA,0,0,0.0,0.0,0.42857142857142855,0.8333333333333334,0.325508295835916,1.464787331261622
2023-09-20,DHAMRA,0,0,0.0,0.0,0.42857142857142855,0.8333333333333334,0.325508295835916,1.464787331261622
2023-09-21,DHAMRA,1,1,0.0,35.6021225290481,0.42857142857142855,0.8333333333333334,0.325508295835916,1.464787331261622
2023-09-22,DHAMRA,0,0,0.0,0.0,0.2857142857142857,0.8333333333333334,0.2717594170925998,1.2229173769166992
2023-09-23,DHAMRA,1,1,46.2204357042997,0.0,0.42857142857142855,0.8,0.33260453459539463,1.4967204056792758
2023-09-24,DHAMRA,1,1,0.0,35.6021225290481,0.5714285714285714,0.8333333333333334,0.384278175693148,1.729251790619166
2023-09-25,DHAMRA,3,3,0.0,0.0,0.8571428571428571,0.8666666666666667,0.495879214182326,2.231456463820467
2023-09-26,DHAMRA,0,0,0.0,0.0,0.8571428571428571,0.8333333333333334,0.5107126460737526,2.2982069073318865
2023-09-27,DHAMRA,1,1,25.004938884719902,0.0,1.0,0.8666666666666667,0.5574376329113073,2.508469348100883
2023-09-28,DHAMRA,0,0,0.0,0.0,0.8571428571428571,0.8666666666666667,0.495879214182326,2.231456463820467
2023-09-29,DHAMRA,0,0,0.0,0.0,0.8571428571428571,0.8,0.5267601195780712,2.3704205381013206
2023-09-30,DHAMRA,0,0,0.0,0.0,0.7142857142857143,0.7666666666666667,0.47440128348604355,2.134805775687196
2023-10-01,DHAMRA,2,2,0.0,75.4905176980014,0.8571428571428571,0.8,0.5267601195780712,2.3704205381013206
2023-10-02,DHAMRA,1,1,0.0,0.0,0.5714285714285714,0.8333333333333334,0.384278175693148,1.729251790619166
2023-10-03,DHAMRA,0,0,0.0,0.0,0.5714285714285714,0.7666666666666667,0.4056476070907559,1.8254142319084017
2023-10-04,DHAMRA,2,2,31.3060398886178,40.349623791006,0.7142857142857143,0.8,0.4599076870805793,2.069584591862607
2023-10-05,DHAMRA,0,0,0.0,0.0,0.7142857142857143,0.7666666666666667,0.47440128348604355,2.134805775687196
2023-10-06,DHAMRA,1,1,0.0,35.6775905673504,0.8571428571428571,0.7333333333333333,0.5629754755257897,2.533389639866054
2023-10-07,DHAMRA,1,1,0.0,0.0,1.0,0.7666666666666667,0.6121887123277204,2.7548492054747418
2023-10-08,DHAMRA,3,3,76.26743954389619,36.9951707551502,1.1428571428571428,0.8,0.6553990357712653,2.949295660970694
2023-10-09,DHAMRA,2,2,3.77267312896873,31.2543029136218,1.2857142857142858,0.8666666666666667,0.6737674882875564,3.0319536972940035
2023-10-10,DHAMRA,0,0,0.0,0.0,1.2857142857142858,0.8,0.7131463054619585,3.209158374578813
2023-10-11,DHAMRA,1,1,0.0,35.361965182971396,1.1428571428571428,0.8,0.6553990357712653,2.949295660970694
2023-10-12,DHAMRA,1,1,1.0345453482938698,3.47564288050859,1.2857142857142858,0.8,0.7131463054619585,3.209158374578813
2023-10-13,DHAMRA,2,2,0.0,0.0,1.4285714285714286,0.8666666666666667,0.7256229899299018,3.2653034546845583
2023-10-14,DHAMRA,0,0,0.0,0.0,1.2857142857142858,0.8333333333333334,0.693022011349724,3.118599051073758
2023-10-15,DHAMRA,1,1,49.3994627084748,0.0,1.0,0.8333333333333334,0.574442516811659,2.5849913256524655
2023-10-16,DHAMRA,0,0,0.0,0.0,0.7142857142857143,0.8333333333333334,0.44663262720034713,2.009846822401562
2023-10-17,DHAMRA,3,3,130.050111816455,38.1391680719286,1.1428571428571428,0.9333333333333333,0.5833971236320303,2.6252870563441366
2023-10-18,DHAMRA,0,0,0.0,0.0,1.0,0.9,0.5415704832167999,2.4370671744755996
2023-10-19,DHAMRA,3,3,62.4651121989405,33.4983612591963,1.2857142857142858,1.0,0.6055324872205857,2.724896192492636
2023-10-20,DHAMRA,3,3,50.6748586210474,27.7541537464408,1.4285714285714286,1.1,0.6101759674424228,2.7457918534909025
2023-10-21,DHAMRA,1,1,1.74427659574468,0.0,1.5714285714285714,1.1,0.6553990357712653,2.949295660970694
2023-10-22,DHAMRA,0,0,0.0,0.0,1.4285714285714286,1.1,0.6101759674424228,2.7457918534909025
2023-10-23,DHAMRA,1,1,0.0,56.993873044508,1.5714285714285714,1.1,0.6553990357712653,2.949295660970694
2023-10-24,DHAMRA,0,0,0.0,0.0,1.1428571428571428,1.0666666666666667,0.5267601195780712,2.3704205381013206
2023-10-25,DHAMRA,0,0,0.0,0.0,1.1428571428571428,0.9666666666666667,0.5679271670816257,2.555672251867316
2023-10-26,DHAMRA,3,3,182.34370310596302,6.67490197151423,1.1428571428571428,1.0666666666666667,0.5267601195780712,2.3704205381013206
2023-10-27,DHAMRA,1,1,0.0,33.784079531426805,0.8571428571428571,1.0666666666666667,0.4268676006272159,1.9209042028224717
2023-10-28,DHAMRA,0,0,0.0,0.0,0.7142857142857143,1.0666666666666667,0.37859036463180457,1.7036566408431206
2023-10-29,DHAMRA,1,1,0.0,29.9102760256828,0.8571428571428571,1.1,0.4179562557371151,1.880803150817018
2023-10-30,DHAMRA,1,1,0.0,0.0,0.8571428571428571,1.1333333333333333,0.40961764897181335,1.8432794203731602
2023-10-31,DHAMRA,1,1,0.0,15.692506224221502,1.0,1.1,0.46596181968382483,2.0968281885772115
2023-11-01,DHAMRA,1,1,0.0,19.1046531284061,1.1428571428571428,1.1,0.5146062326505889,2.31572804692765
2023-11-02,DHAMRA,0,0,0.0,0.0,0.7142857142857143,1.1,0.3714563710360877,1.6715536696623947
2023-11-03,DHAMRA,1,1,0.0,33.4653673171575,0.7142857142857143,1.0666666666666667,0.37859036463180457,1.7036566408431206
2023-11-04,DHAMRA,0,0,0.0,0.0,0.7142857142857143,1.0666666666666667,0.37859036463180457,1.7036566408431206
2023-11-05,DHAMRA,2,2,0.0,64.3662775085416,0.8571428571428571,1.1,0.4179562557371151,1.880803150817018
2023-11-06,DHAMRA,1,1,0.0,36.2147492272706,0.8571428571428571,1.1,0.4179562557371151,1.880803150817018
2023-11-07,DHAMRA,1,1,0.0,47.3466612845453,0.8571428571428571,1.0333333333333334,0.4364061875997187,1.9638278441987342
2023-11-08,DHAMRA,1,1,18.1644407918331,0.0,0.8571428571428571,1.0,0.44663262720034713,2.009846822401562
2023-11-09,DHAMRA,2,2,0.0,63.475579260360604,1.1428571428571428,1.0666666666666667,0.5267601195780712,2.3704205381013206
2023-11-10,DHAMRA,1,1,0.0,34.0199146253011,1.1428571428571428,1.0666666666666667,0.5267601195780712,2.3704205381013206
2023-11-11,DHAMRA,2,2,145.677435701983,0.40203648850706497,1.4285714285714286,1.1,0.6101759674424228,2.7457918534909025
2023-11-12,DHAMRA,0,0,0.0,0.0,1.1428571428571428,1.0333333333333334,0.5396630333881409,2.4284836502466343
2023-11-13,DHAMRA,0,0,0.0,0.0,1.0,1.0333333333333334,0.4879055854466635,2.1955751345099856
2023-11-14,DHAMRA,0,0,0.0,0.0,0.8571428571428571,1.0,0.44663262720034713,2.009846822401562
2023-11-15,DHAMRA,1,1,0.0,30.7403578538671,0.8571428571428571,1.0333333333333334,0.4364061875997187,1.9638278441987342
2023-11-16,DHAMRA,2,2,0.0,37.0395014383046,0.8571428571428571,1.0,0.44663262720034713,2.009846822401562
2023-11-17,DHAMRA,1,1,43.6867417246608,0.0,0.8571428571428571,1.0333333333333334,0.4364061875997187,1.9638278441987342
2023-11-18,DHAMRA,2,2,0.0,45.0229021198854,0.8571428571428571,1.0,0.44663262720034713,2.009846822401562
2023-11-19,DHAMRA,2,2,44.2182728840859,39.8385724618979,1.1428571428571428,0.9666666666666667,0.5679271670816257,2.555672251867316
2023-11-20,DHAMRA,2,2,62.615947807072,0.697346353851186,1.4285714285714286,1.0,0.6553990357712653,2.949295660970694
2023-11-21,DHAMRA,2,2,1.39295654208299,37.3199311201722,1.7142857142857142,1.0666666666666667,0.7131463054619585,3.209158374578813
2023-11-22,DHAMRA,1,1,48.9794761848314,0.0,1.7142857142857142,1.0666666666666667,0.7131463054619585,3.209158374578813
2023-11-23,DHAMRA,2,2,0.0,35.1519843469315,1.7142857142857142,1.1333333333333333,0.6832845303170116,3.0747803864265526
2023-11-24,DHAMRA,2,2,13.0019702014779,0.0,1.8571428571428572,1.2,0.6945395019980801,3.1254277589913606
2023-11-25,DHAMRA,2,2,0.0,70.9812857121079,1.8571428571428572,1.1666666666666667,0.7084266872818712,3.1879200927684206
2023-11-26,DHAMRA,2,2,45.5737089230882,48.0300670472311,1.8571428571428572,1.2,0.6945395019980801,3.1254277589913606
2023-11-27,DHAMRA,1,1,0.0,0.0,1.7142857142857142,1.2333333333333334,0.6422037854560306,2.8899170345521377
2023-11-28,DHAMRA,0,0,0.0,0.0,1.4285714285714286,1.2,0.5709465968834663,2.5692596859755983
2023-11-29,DHAMRA,1,1,0.0,29.5370663895793,1.4285714285714286,1.2,0.5709465968834663,2.5692596859755983
2023-11-30,DHAMRA,2,2,0.0,74.14122008001709,1.4285714285714286,1.2333333333333334,0.5590855747888863,2.5158850865499884
2023-12-01,DHAMRA,2,2,77.3894427711421,0.0,1.4285714285714286,1.2666666666666666,0.5477860353479961,2.4650371590659823
2023-12-02,DHAMRA,0,0,0.0,0.0,1.1428571428571428,1.2666666666666666,0.4634113848477697,2.085351231814964
2023-12-03,DHAMRA,0,0,0.0,0.0,0.8571428571428571,1.2333333333333334,0.3875721872710126,1.7440748427195567
2023-12-04,DHAMRA,1,1,0.0,36.706675573351504,0.8571428571428571,1.2666666666666666,0.38108101201258543,1.7148645540566345
2023-12-05,DHAMRA,1,1,0.0,26.2863816248003,1.0,1.2333333333333334,0.42952637620559186,1.9328686929251635
2023-12-06,DHAMRA,0,0,0.0,0.0,0.8571428571428571,1.2,0.3944675127794143,1.7751038075073642
2023-12-07,DHAMRA,3,3,144.38568089783598,3.47564288050859,1.0,1.2666666666666666,0.4217022267039683,1.8976600201678573
2023-12-08,DHAMRA,0,0,0.0,0.0,0.7142857142857143,1.2333333333333334,0.3472216885692658,1.562497598561696
2023-12-09,DHAMRA,2,2,42.7471312862118,0.0,1.0,1.2333333333333334,0.42952637620559186,1.9328686929251635
2023-12-10,DHAMRA,1,1,74.0980165846624,0.0,1.1428571428571428,1.2333333333333334,0.4725180722960206,2.126331325332093
2023-12-11,DHAMRA,3,3,75.84339919719,0.0,1.4285714285714286,1.2666666666666666,0.5477860353479961,2.4650371590659823
2023-12-12,DHAMRA,0,0,0.0,0.0,1.2857142857142858,1.2666666666666666,0.5056388586631163,2.275374863984023
2023-12-13,DHAMRA,2,2,31.5791334253959,51.0239566494744,1.5714285714285714,1.3333333333333333,0.5665667612183226,2.549550425482452
2023-12-14,DHAMRA,0,0,0.0,0.0,1.1428571428571428,1.3333333333333333,0.44663262720034713,2.009846822401562
2023-12-15,DHAMRA,2,2,34.5152055552781,0.0,1.4285714285714286,1.3666666666666667,0.5169795311646199,2.3264078902407896
2023-12-16,DHAMRA,3,3,77.1015375111661,36.383680480048895,1.5714285714285714,1.4,0.5457897097480721,2.456053693866324
2023-12-17,DHAMRA,2,2,47.255158118362594,38.6789663082083,1.7142857142857142,1.4333333333333333,0.5729799931497255,2.5784099691737645
2023-12-18,DHAMRA,0,0,0.0,0.0,1.2857142857142858,1.3666666666666667,0.47780205772517054,2.1501092597632674
2023-12-19,DHAMRA,1,1,41.4212188102528,0.0,1.4285714285714286,1.3333333333333333,0.5267601195780712,2.3704205381013206
2023-12-20,DHAMRA,4,4,0.0,86.9286608720413,1.7142857142857142,1.4,0.5833971236320304,2.625287056344137
2023-12-21,DHAMRA,0,0,0.0,0.0,1.7142857142857142,1.3333333333333333,0.6055324872205857,2.724896192492636
2023-12-22,DHAMRA,1,1,0.0,34.5941307698983,1.5714285714285714,1.3333333333333333,0.5665667612183226,2.549550425482452
2023-12-23,DHAMRA,2,2,77.3977829399624,0.40203648850706497,1.4285714285714286,1.3333333333333333,0.5267601195780712,2.3704205381013206
2023-12-24,DHAMRA,1,1,37.3391071414552,0.0,1.2857142857142858,1.3,0.495879214182326,2.231456463820467
2023-12-25,DHAMRA,3,3,98.25808459933029,72.0994932048361,1.7142857142857142,1.3333333333333333,0.6055324872205857,2.724896192492636
2023-12-26,DHAMRA,1,1,0.0,35.1053510713139,1.7142857142857142,1.3,0.617280685023271,2.7777630826047197
2023-12-27,DHAMRA,0,0,0.0,0.0,1.1428571428571428,1.2666666666666666,0.4634113848477697,2.085351231814964
2023-12-28,DHAMRA,2,2,46.4186451410625,0.0,1.4285714285714286,1.3333333333333333,0.5267601195780712,2.3704205381013206
2023-12-29,DHAMRA,0,0,0.0,0.0,1.2857142857142858,1.3,0.495879214182326,2.231456463820467
2023-12-30,DHAMRA,1,1,0.0,31.8559817691903,1.1428571428571428,1.2666666666666666,0.4634113848477697,2.085351231814964
2023-12-31,DHAMRA,1,1,0.534988812187979,0.0,1.1428571428571428,1.2333333333333334,0.4725180722960206,2.126331325332093
2024-01-01,DHAMRA,1,1,3.1036360448816,0.0,0.8571428571428571,1.2666666666666666,0.38108101201258543,1.7148645540566345
2024-01-02,DHAMRA,1,1,1.07115906107132,0.0,0.8571428571428571,1.3,0.37496170690176517,1.6873276810579432
2024-01-03,DHAMRA,2,2,0.0,34.4973080751272,1.1428571428571428,1.3333333333333333,0.44663262720034713,2.009846822401562
2024-01-04,DHAMRA,1,1,45.3985277728978,0.0,1.0,1.3333333333333333,0.40733340004593027,1.8330003002066861
2024-01-05,DHAMRA,0,0,0.0,0.0,1.0,1.3333333333333333,0.40733340004593027,1.8330003002066861
2024-01-06,DHAMRA,1,1,82.56998765549619,0.0,1.0,1.2666666666666666,0.4217022267039683,1.8976600201678573
2024-01-07,DHAMRA,1,1,0.0,35.255959660613904,1.0,1.3,0.41431541304225217,1.8644193586901348
2024-01-08,DHAMRA,2,2,50.764719502999,0.0,1.1428571428571428,1.3,0.45479411267180747,2.0465735070231337
2024-01-09,DHAMRA,2,2,43.5269247411568,43.4673946670589,1.2857142857142858,1.3333333333333333,0.48661034494929345,2.1897465522718207
2024-01-10,DHAMRA,0,0,0.0,0.0,1.0,1.2333333333333334,0.42952637620559186,1.9328686929251635
2024-01-11,DHAMRA,0,0,0.0,0.0,0.8571428571428571,1.2333333333333334,0.3875721872710126,1.7440748427195567
2024-01-12,DHAMRA,1,1,0.0,33.515307651281994,1.0,1.2,0.43782349911420193,1.9702057460139086
2024-01-13,DHAMRA,0,0,0.0,0.0,0.8571428571428571,1.2,0.3944675127794143,1.7751038075073642
2024-01-14,DHAMRA,3,3,55.6254609678017,36.18559228353,1.1428571428571428,1.2333333333333334,0.4725180722960206,2.126331325332093
2024-01-15,DHAMRA,0,0,0.0,0.0,0.8571428571428571,1.1333333333333333,0.40961764897181335,1.8432794203731602
2024-01-16,DHAMRA,2,2,0.0,72.2537926174204,0.8571428571428571,1.1333333333333333,0.40961764897181335,1.8432794203731602
2024-01-17,DHAMRA,0,0,0.0,0.0,0.8571428571428571,1.1333333333333333,0.40961764897181335,1.8432794203731602
2024-01-18,DHAMRA,0,0,0.0,0.0,0.8571428571428571,1.1,0.4179562557371151,1.880803150817018
2024-01-19,DHAMRA,0,0,0.0,0.0,0.7142857142857143,0.9666666666666667,0.4033260281303526,1.8149671265865868
2024-01-20,DHAMRA,2,2,0.0,29.9680165091027,1.0,1.0333333333333334,0.4879055854466635,2.1955751345099856
2024-01-21,DHAMRA,1,1,0.0,36.0934276837102,0.7142857142857143,1.0333333333333334,0.3862427010007951,1.738092154503578
2024-01-22,DHAMRA,0,0,0.0,0.0,0.7142857142857143,0.9666666666666667,0.4033260281303526,1.8149671265865868
2024-01-23,DHAMRA,0,0,0.0,0.0,0.42857142857142855,0.9333333333333333,0.3076296257437548,1.3843333158468967
2024-01-24,DHAMRA,3,3,0.0,58.2124453301957,0.8571428571428571,0.9333333333333333,0.4694259472076499,2.1124167624344246
2024-01-25,DHAMRA,0,0,0.0,0.0,0.8571428571428571,0.9,0.48215044559386533,2.169677005172394
2024-01-26,DHAMRA,0,0,0.0,0.0,0.8571428571428571,0.9,0.48215044559386533,2.169677005172394
2024-01-27,DHAMRA,0,0,0.0,0.0,0.5714285714285714,0.8333333333333334,0.384278175693148,1.729251790619166
2024-01-28,DHAMRA,2,2,60.3864625330648,32.9633657511394,0.7142857142857143,0.9,0.4232309758150566,1.9045393911677546
2024-01-29,DHAMRA,0,0,0.0,0.0,0.7142857142857143,0.8666666666666667,0.4344454746331393,1.9550046358491269
2024-01-30,DHAMRA,1,1,0.0,38.0606286128174,0.8571428571428571,0.8666666666666667,0.495879214182326,2.231456463820467
2024-01-31,DHAMRA,0,0,0.0,0.0,0.42857142857142855,0.8333333333333334,0.325508295835916,1.464787331261622
2024-02-01,DHAMRA,0,0,0.0,0.0,0.42857142857142855,0.8,0.33260453459539463,1.4967204056792758
2024-02-02,DHAMRA,0,0,0.0,0.0,0.42857142857142855,0.7333333333333333,0.3490138812211882,1.570562465495347
2024-02-03,DHAMRA,0,0,0.0,0.0,0.42857142857142855,0.7,0.35855700680362323,1.6135065306163046
2024-02-04,DHAMRA,2,2,9.12456264453091,11.889588304693799,0.42857142857142855,0.7666666666666667,0.3404048297802547,1.5318217340111462
2024-02-05,DHAMRA,1,1,0.0,0.0,0.5714285714285714,0.7666666666666667,0.4056476070907559,1.8254142319084017
2024-02-06,DHAMRA,1,1,0.0,2.01018244253533,0.5714285714285714,0.7666666666666667,0.4056476070907559,1.8254142319084017
2024-02-07,DHAMRA,1,1,0.0,0.5858643608702261,0.7142857142857143,0.7333333333333333,0.49026097218520404,2.2061743748334184
2024-02-08,DHAMRA,2,2,0.0,40.196375097955496,1.0,0.7333333333333333,0.6330803692548326,2.8488616616467466
2024-02-09,DHAMRA,0,0,0.0,0.0,1.0,0.7333333333333333,0.6330803692548326,2.8488616616467466
2024-02-10,DHAMRA,1,1,0.0,21.987277676355703,1.1428571428571428,0.7666666666666667,0.676125988345924,3.042566947556658
2024-02-11,DHAMRA,3,3,98.9600729632195,74.85489272133489,1.2857142857142858,0.8333333333333334,0.693022011349724,3.118599051073758
2024-02-12,DHAMRA,0,0,0.0,0.0,1.1428571428571428,0.8333333333333334,0.6357911951701146,2.861060378265516
2024-02-13,DHAMRA,1,1,0.0,1.45083345490082,1.1428571428571428,0.7666666666666667,0.676125988345924,3.042566947556658
2024-02-14,DHAMRA,2,2,0.0,0.5858643608702261,1.2857142857142858,0.8333333333333334,0.693022011349724,3.118599051073758
2024-02-15,DHAMRA,0,0,0.0,0.0,1.0,0.7666666666666667,0.6121887123277204,2.7548492054747418
2024-02-16,DHAMRA,2,2,0.0,38.019148933222,1.2857142857142858,0.8333333333333334,0.693022011349724,3.118599051073758
2024-02-17,DHAMRA,1,1,0.0,36.761840406043,1.2857142857142858,0.8666666666666667,0.6737674882875564,3.0319536972940035
2024-02-18,DHAMRA,1,1,3.33975046030469,0.0,1.0,0.9,0.5415704832167999,2.4370671744755996
2024-02-19,DHAMRA,0,0,0.0,0.0,1.0,0.8333333333333334,0.574442516811659,2.5849913256524655
2024-02-20,DHAMRA,0,0,0.0,0.0,0.8571428571428571,0.8,0.5267601195780712,2.3704205381013206
2024-02-21,DHAMRA,3,3,0.0,62.1041460596995,1.0,0.9,0.5415704832167999,2.4370671744755996
2024-02-22,DHAMRA,2,2,0.0,1.2332307318308202,1.2857142857142858,0.9666666666666667,0.6213009810172364,2.7958544145775637
2024-02-23,DHAMRA,2,2,44.9561422079514,0.0,1.2857142857142858,0.9333333333333333,0.637915109917611,2.8706179946292494
2024-02-24,DHAMRA,1,1,0.0,36.7657706422848,1.2857142857142858,0.9666666666666667,0.6213009810172364,2.7958544145775637
2024-02-25,DHAMRA,4,4,103.468599051182,32.6017121669604,1.7142857142857142,1.1,0.6979726489959157,3.1408769204816207
2024-02-26,DHAMRA,1,1,30.9326713316065,0.0,1.8571428571428572,1.1333333333333333,0.722717825166905,3.2522302132510723
2024-02-27,DHAMRA,1,1,0.0,34.611696063024,2.0,1.1,0.773340881321216,3.480033965945472
2024-02-28,DHAMRA,2,2,23.8378187283875,34.0323966337699,1.8571428571428572,1.1666666666666667,0.7084266872818712,3.1879200927684206
2024-02-29,DHAMRA,0,0,0.0,0.0,1.5714285714285714,1.1333333333333333,0.6410287331513121,2.884629299180905
2024-03-01,DHAMRA,1,1,11.0299257245546,35.7852281177107,1.4285714285714286,1.1666666666666667,0.5833971236320304,2.625287056344137
2024-03-02,DHAMRA,0,0,0.0,0.0,1.2857142857142858,1.1666666666666667,0.5381907749287074,2.421858487179183
2024-03-03,DHAMRA,2,2,78.6868551726297,0.0,1.0,1.2333333333333334,0.42952637620559186,1.9328686929251635
2024-03-04,DHAMRA,2,2,101.785433128291,6.9470421556035,1.1428571428571428,1.3,0.45479411267180747,2.0465735070231337
2024-03-05,DHAMRA,0,0,0.0,0.0,1.0,1.2333333333333334,0.42952637620559186,1.9328686929251635
2024-03-06,DHAMRA,0,0,0.0,0.0,0.7142857142857143,1.2,0.35271122599189547,1.5872005169635297
2024-03-07,DHAMRA,1,1,0.0,0.0,0.8571428571428571,1.2,0.3944675127794143,1.7751038075073642
2024-03-08,DHAMRA,2,2,47.6863625922181,0.697105561460296,1.0,1.2333333333333334,0.42952637620559186,1.9328686929251635
2024-03-09,DHAMRA,2,2,0.0,0.0,1.2857142857142858,1.2333333333333334,0.5159212565543568,2.321645654494606
2024-03-10,DHAMRA,0,0,0.0,0.0,1.0,1.2333333333333334,0.42952637620559186,1.9328686929251635
2024-03-11,DHAMRA,3,3,0.0,87.30655561548011,1.1428571428571428,1.3,0.45479411267180747,2.0465735070231337
2024-03-12,DHAMRA,0,0,0.0,0.0,1.1428571428571428,1.2,0.48215044559386533,2.169677005172394
2024-03-13,DHAMRA,0,0,0.0,0.0,1.1428571428571428,1.2,0.48215044559386533,2.169677005172394
2024-03-14,DHAMRA,1,1,0.0,34.538692850644495,1.1428571428571428,1.2,0.48215044559386533,2.169677005172394
2024-03-15,DHAMRA,3,3,53.9031255858579,36.830487659796496,1.2857142857142858,1.2333333333333334,0.5159212565543568,2.321645654494606
2024-03-16,DHAMRA,1,1,0.0,17.986491604542703,1.1428571428571428,1.2666666666666666,0.4634113848477697,2.085351231814964
2024-03-17,DHAMRA,2,2,75.5668454114124,0.0,1.4285714285714286,1.2666666666666666,0.5477860353479961,2.4650371590659823
2024-03-18,DHAMRA,1,1,3.33975046030469,0.0,1.1428571428571428,1.2666666666666666,0.4634113848477697,2.085351231814964
2024-03-19,DHAMRA,1,1,46.7767979404973,0.0,1.2857142857142858,1.2666666666666666,0.5056388586631163,2.275374863984023
2024-03-20,DHAMRA,3,3,0.0,130.524529310989,1.7142857142857142,1.3666666666666667,0.59424281498435,2.674092667429575
2024-03-21,DHAMRA,1,1,0.0,0.5552770270270251,1.7142857142857142,1.4,0.5833971236320304,2.625287056344137
2024-03-22,DHAMRA,0,0,0.0,0.0,1.2857142857142858,1.3,0.495879214182326,2.231456463820467
2024-03-23,DHAMRA,0,0,0.0,0.0,1.1428571428571428,1.2333333333333334,0.4725180722960206,2.126331325332093
2024-03-24,DHAMRA,2,2,15.8932044215043,0.0,1.1428571428571428,1.2333333333333334,0.4725180722960206,2.126331325332093
2024-03-25,DHAMRA,0,0,0.0,0.0,1.0,1.2,0.43782349911420193,1.9702057460139086
2024-03-26,DHAMRA,1,1,0.0,60.6820587677238,1.0,1.1,0.46596181968382483,2.0968281885772115
2024-03-27,DHAMRA,1,1,0.0,35.6806215405001,0.7142857142857143,1.1,0.3714563710360877,1.6715536696623947
2024-03-28,DHAMRA,2,2,87.51475815908981,33.5312059040931,0.8571428571428571,1.1333333333333333,0.40961764897181335,1.8432794203731602
2024-03-29,DHAMRA,0,0,0.0,0.0,0.8571428571428571,1.0666666666666667,0.4268676006272159,1.9209042028224717
2024-03-30,DHAMRA,1,1,94.4503780798968,0.0,1.0,1.1,0.46596181968382483,2.0968281885772115
2024-03-31,DHAMRA,1,1,0.0,28.9461114025871,0.8571428571428571,1.1,0.4179562557371151,1.880803150817018
2024-04-01,DHAMRA,2,2,60.3864625330648,33.4568383622275,1.1428571428571428,1.1666666666666667,0.49234753636589823,2.215563913646542
2024-04-02,DHAMRA,0,0,0.0,0.0,1.0,1.1,0.46596181968382483,2.0968281885772115
2024-04-03,DHAMRA,1,1,40.1998700402355,0.0,1.0,1.0666666666666667,0.47657965106367606,2.144608429786542
2024-04-04,DHAMRA,1,1,0.0,36.7402599106833,0.8571428571428571,1.1,0.4179562557371151,1.880803150817018
2024-04-05,DHAMRA,1,1,0.0,5.3637294013514,1.0,1.1333333333333333,0.4559964896748816,2.0519842035369673
2024-04-06,DHAMRA,3,3,99.1258478970254,50.4649782517287,1.2857142857142858,1.2,0.5267601195780712,2.3704205381013206
2024-04-07,DHAMRA,1,1,0.537213438076986,0.0,1.2857142857142858,1.1666666666666667,0.5381907749287074,2.421858487179183
2024-04-08,DHAMRA,1,1,0.320015293992696,0.0,1.1428571428571428,1.1333333333333333,0.5031512187803152,2.2641804845114186
2024-04-09,DHAMRA,0,0,0.0,0.0,1.1428571428571428,1.1333333333333333,0.5031512187803152,2.2641804845114186
2024-04-10,DHAMRA,2,2,108.96203328111301,35.132880536101894,1.2857142857142858,1.1,0.5629754755257897,2.533389639866054
2024-04-11,DHAMRA,0,0,0.0,0.0,1.1428571428571428,1.1,0.5146062326505889,2.31572804692765
2024-04-12,DHAMRA,2,2,80.29227978088281,14.5892139752753,1.2857142857142858,1.1666666666666667,0.5381907749287074,2.421858487179183
2024-04-13,DHAMRA,1,1,113.324791672398,0.0,1.0,1.1666666666666667,0.44663262720034713,2.009846822401562
2024-04-14,DHAMRA,0,0,0.0,0.0,0.8571428571428571,1.0666666666666667,0.4268676006272159,1.9209042028224717
2024-04-15,DHAMRA,4,4,0.0,145.109897022064,1.2857142857142858,1.1666666666666667,0.5381907749287074,2.421858487179183
2024-04-16,DHAMRA,3,3,49.675979311174,87.7762057036648,1.7142857142857142,1.2,0.6553990357712653,2.949295660970694
2024-04-17,DHAMRA,0,0,0.0,0.0,1.4285714285714286,1.1666666666666667,0.5833971236320304,2.625287056344137
2024-04-18,DHAMRA,2,2,0.0,34.6042829042936,1.7142857142857142,1.2,0.6553990357712653,2.949295660970694
2024-04-19,DHAMRA,2,2,44.1943974184384,0.0,1.7142857142857142,1.1666666666666667,0.6690921006118895,3.010914452753503
2024-04-20,DHAMRA,0,0,0.0,0.0,1.5714285714285714,1.1333333333333333,0.6410287331513121,2.884629299180905
2024-04-21,DHAMRA,1,1,0.0,0.0,1.7142857142857142,1.1666666666666667,0.6690921006118895,3.010914452753503
2024-04-22,DHAMRA,1,1,3.96691272319361,0.0,1.2857142857142858,1.2,0.5267601195780712,2.3704205381013206
2024-04-23,DHAMRA,1,1,12.2406818966502,0.0,1.0,1.1666666666666667,0.44663262720034713,2.009846822401562
2024-04-24,DHAMRA,0,0,0.0,0.0,1.0,1.1666666666666667,0.44663262720034713,2.009846822401562
2024-04-25,DHAMRA,4,4,77.0296445233494,76.7484418964831,1.2857142857142858,1.2666666666666666,0.5056388586631163,2.275374863984023
2024-04-26,DHAMRA,2,2,1.7449520474140299,0.0,1.2857142857142858,1.3,0.495879214182326,2.231456463820467
2024-04-27,DHAMRA,0,0,0.0,0.0,1.2857142857142858,1.2333333333333334,0.5159212565543568,2.321645654494606
2024-04-28,DHAMRA,1,1,0.0,34.583695531242704,1.2857142857142858,1.2666666666666666,0.5056388586631163,2.275374863984023
2024-04-29,DHAMRA,0,0,0.0,0.0,1.1428571428571428,1.2333333333333334,0.4725180722960206,2.126331325332093
2024-04-30,DHAMRA,0,0,0.0,0.0,1.0,1.2,0.43782349911420193,1.9702057460139086
2024-05-01,DHAMRA,0,0,0.0,0.0,1.0,1.1333333333333333,0.4559964896748816,2.0519842035369673
2024-05-02,DHAMRA,1,1,0.0,50.955762441847504,0.5714285714285714,1.1666666666666667,0.31749535979828,1.42872911909226
2024-05-03,DHAMRA,1,1,0.0,0.0,0.42857142857142855,1.1666666666666667,0.2790900805959022,1.2559053626815597
2024-05-04,DHAMRA,1,1,0.0,35.702383584179294,0.5714285714285714,1.1666666666666667,0.31749535979828,1.42872911909226
2024-05-05,DHAMRA,1,1,0.0,0.0,0.5714285714285714,1.1666666666666667,0.31749535979828,1.42872911909226
2024-05-06,DHAMRA,3,3,55.8454038302314,0.0,1.0,1.1666666666666667,0.44663262720034713,2.009846822401562
2024-05-07,DHAMRA,0,0,0.0,0.0,1.0,1.1333333333333333,0.4559964896748816,2.0519842035369673
2024-05-08,DHAMRA,2,2,49.399308925249805,37.0442649652287,1.2857142857142858,1.1666666666666667,0.5381907749287074,2.421858487179183
2024-05-09,DHAMRA,0,0,0.0,0.0,1.1428571428571428,1.1666666666666667,0.49234753636589823,2.215563913646542
2024-05-10,DHAMRA,0,0,0.0,0.0,1.0,1.1,0.46596181968382483,2.0968281885772115
2024-05-11,DHAMRA,0,0,0.0,0.0,0.8571428571428571,1.1,0.4179562557371151,1.880803150817018
2024-05-12,DHAMRA,0,0,0.0,0.0,0.7142857142857143,1.0333333333333334,0.3862427010007951,1.738092154503578
2024-05-13,DHAMRA,3,3,92.3005377172301,34.297636585413294,0.7142857142857143,1.1,0.3714563710360877,1.6715536696623947
2024-05-14,DHAMRA,1,1,102.820308087164,0.0,0.8571428571428571,1.1333333333333333,0.40961764897181335,1.8432794203731602
2024-05-15,DHAMRA,0,0,0.0,0.0,0.5714285714285714,1.0,0.3446009642287346,1.5507043390293056
2024-05-16,DHAMRA,1,1,0.0,35.6729808823727,0.7142857142857143,0.9333333333333333,0.41288761607846486,1.8579942723530918
2024-05-17,DHAMRA,0,0,0.0,0.0,0.7142857142857143,0.9333333333333333,0.41288761607846486,1.8579942723530918
2024-05-18,DHAMRA,3,3,110.042215750219,71.5603604627505,1.1428571428571428,0.9666666666666667,0.5679271670816257,2.555672251867316
2024-05-19,DHAMRA,3,3,0.0,65.3847419705789,1.5714285714285714,1.0,0.7020633698789296,3.1592851644551834
2024-05-20,DHAMRA,0,0,0.0,0.0,1.1428571428571428,1.0,0.5533673727996529,2.490153177598438
2024-05-21,DHAMRA,2,2,50.1644047738243,36.253907972350305,1.2857142857142858,1.0333333333333334,0.5905790004537695,2.657605502041963
2024-05-22,DHAMRA,1,1,0.0,37.5998731187249,1.4285714285714286,1.0333333333333334,0.6396240336602096,2.878308151470943
2024-05-23,DHAMRA,1,1,60.2066593427094,0.0,1.4285714285714286,1.0333333333333334,0.6396240336602096,2.878308151470943
2024-05-24,DHAMRA,1,1,47.6608386794595,0.0,1.5714285714285714,1.0666666666666667,0.670361700850297,3.0166276538263364
2024-05-25,DHAMRA,3,3,55.4153617168186,60.4813303907797,1.5714285714285714,1.0333333333333334,0.6859184313087902,3.086632940889556
2024-05-26,DHAMRA,0,0,0.0,0.0,1.1428571428571428,0.9666666666666667,0.5679271670816257,2.555672251867316
2024-05-27,DHAMRA,1,1,44.8656921442996,0.0,1.2857142857142858,1.0,0.6055324872205857,2.724896192492636
2024-05-28,DHAMRA,1,1,60.2066593427094,0.0,1.1428571428571428,1.0,0.5533673727996529,2.490153177598438
2024-05-29,DHAMRA,1,1,0.0,5.84756558518688,1.1428571428571428,1.0333333333333334,0.5396630333881409,2.4284836502466343
2024-05-30,DHAMRA,2,2,42.517363035860605,0.0,1.2857142857142858,1.1,0.5629754755257897,2.533389639866054
2024-05-31,DHAMRA,0,0,0.0,0.0,1.1428571428571428,1.1,0.5146062326505889,2.31572804692765
2024-06-01,DHAMRA,2,2,64.2076838996617,36.4142112247506,1.0,1.1333333333333333,0.4559964896748816,2.0519842035369673
2024-06-02,DHAMRA,2,2,6.91204304675112,35.8462387836044,1.2857142857142858,1.1666666666666667,0.5381907749287074,2.421858487179183
2024-06-03,DHAMRA,2,2,6.91204304675112,30.650015767481698,1.4285714285714286,1.2,0.5709465968834663,2.5692596859755983
2024-06-04,DHAMRA,2,2,81.39129957006091,0.0,1.5714285714285714,1.2333333333333334,0.6013748409455077,2.706186784254785
2024-06-05,DHAMRA,4,4,0.0,88.1513424184954,2.0,1.2666666666666666,0.7044170457148563,3.1698767057168533
2024-06-06,DHAMRA,1,1,0.0,36.721446335275495,1.8571428571428572,1.3,0.6553990357712653,2.949295660970694
2024-06-07,DHAMRA,0,0,0.0,0.0,1.8571428571428572,1.2333333333333334,0.6810686556141388,3.0648089502636244
2024-06-08,DHAMRA,0,0,0.0,0.0,1.5714285714285714,1.2333333333333334,0.6013748409455077,2.706186784254785
2024-06-09,DHAMRA,2,2,0.0,66.88915413810341,1.5714285714285714,1.3,0.577662934878744,2.599483206954348
2024-06-10,DHAMRA,1,1,0.0,36.19577668252909,1.4285714285714286,1.3333333333333333,0.5267601195780712,2.3704205381013206
2024-06-11,DHAMRA,2,2,0.537605782280407,33.3998497558639,1.4285714285714286,1.4,0.5076524636341017,2.2844360863534576
2024-06-12,DHAMRA,2,2,56.8712317896924,0.0,1.1428571428571428,1.3666666666666667,0.438895800357604,1.975031101609218
2024-06-13,DHAMRA,5,5,53.6264687933476,34.044942326644296,1.7142857142857142,1.5,0.5533673727996529,2.490153177598438
2024-06-14,DHAMRA,0,0,0.0,0.0,1.7142857142857142,1.5,0.5533673727996529,2.490153177598438
2024-06-15,DHAMRA,3,3,64.7927092248092,34.6968001898125,2.142857142857143,1.5666666666666667,0.6345233586906375,2.855355114107869
2024-06-16,DHAMRA,1,1,41.8018139529122,0.40203648850706497,2.0,1.6,0.5926665999540697,2.6669996997933136
2024-06-17,DHAMRA,2,2,8.748547403629841,53.0970880706179,2.142857142857143,1.5666666666666667,0.6345233586906375,2.855355114107869
2024-06-18,DHAMRA,0,0,0.0,0.0,1.8571428571428572,1.4666666666666666,0.5985316366482383,2.6933923649170723
2024-06-19,DHAMRA,0,0,0.0,0.0,1.5714285714285714,1.4666666666666666,0.5267601195780712,2.3704205381013206
2024-06-20,DHAMRA,0,0,0.0,0.0,0.8571428571428571,1.4,0.35855700680362323,1.6135065306163046
2024-06-21,DHAMRA,1,1,83.0849430696214,0.0,1.0,1.4,0.3944675127794143,1.7751038075073642
2024-06-22,DHAMRA,2,2,0.0,74.6500590893857,0.8571428571428571,1.4333333333333333,0.35365991959927295,1.5914696381967284
