forecast_date,origin_port,destination_port,cargo_type,vessel_class,freight_usd_per_ton,freight_lag_1d,freight_lag_3d,freight_lag_7d,freight_lag_14d,freight_lag_30d,freight_rolling_mean_7d,freight_rolling_std_7d,freight_rolling_mean_30d,freight_rolling_std_30d,freight_rolling_mean_90d,freight_rolling_std_90d,freight_momentum_7d,freight_pct_change_7d,freight_volatility_30d
2023-01-01,BALIKPAPAN,KAMARAJAR,Thermal Coal,Supramax,10.81,,,,,,,0.0,,0.0,,0.0,,0.0,0.0
2023-01-01,HAY_POINT,DHAMRA,Coking Coal,Capesize,18.21,,,,,,,0.0,,0.0,,0.0,,0.0,0.0
2023-01-01,HAY_POINT,PARADIP,Coking Coal,Capesize,18.48,,,,,,,0.0,,0.0,,0.0,,0.0,0.0
2023-01-01,HAY_POINT,VISAKHAPATNAM,Coking Coal,Capesize,17.83,,,,,,,0.0,,0.0,,0.0,,0.0,0.0
2023-01-01,MAPUTO,VISAKHAPATNAM,Coking Coal,Panamax,19.5,,,,,,,0.0,,0.0,,0.0,,0.0,0.0
2023-01-01,NEWCASTLE,DHAMRA,Thermal Coal,Panamax,21.98,,,,,,,0.0,,0.0,,0.0,,0.0,0.0
2023-01-01,RICHARDS_BAY,PARADIP,Thermal Coal,Capesize,16.5,,,,,,,0.0,,0.0,,0.0,,0.0,0.0
2023-01-01,TANJUNG_BARA,DHAMRA,Thermal Coal,Supramax,11.15,,,,,,,0.0,,0.0,,0.0,,0.0,0.0
2023-01-01,TANJUNG_BARA,PARADIP,Thermal Coal,Supramax,11.51,,,,,,,0.0,,0.0,,0.0,,0.0,0.0
2023-01-01,GLADSTONE,PARADIP,Coking Coal,Panamax,21.46,,,,,,,0.0,,0.0,,0.0,,0.0,0.0
2023-01-02,HAY_POINT,PARADIP,Coking Coal,Capesize,18.53,18.48,,,,,18.48,0.0,18.48,0.0,18.48,0.0,,0.0,0.0
2023-01-02,NEWCASTLE,DHAMRA,Thermal Coal,Panamax,22.06,21.98,,,,,21.98,0.0,21.98,0.0,21.98,0.0,,0.0,0.0
2023-01-02,MAPUTO,VISAKHAPATNAM,Coking Coal,Panamax,19.56,19.5,,,,,19.5,0.0,19.5,0.0,19.5,0.0,,0.0,0.0
2023-01-02,RICHARDS_BAY,PARADIP,Thermal Coal,Capesize,16.59,16.5,,,,,16.5,0.0,16.5,0.0,16.5,0.0,,0.0,0.0
2023-01-02,HAY_POINT,DHAMRA,Coking Coal,Capesize,18.27,18.21,,,,,18.21,0.0,18.21,0.0,18.21,0.0,,0.0,0.0
2023-01-02,GLADSTONE,PARADIP,Coking Coal,Panamax,21.5,21.46,,,,,21.46,0.0,21.46,0.0,21.46,0.0,,0.0,0.0
2023-01-02,TANJUNG_BARA,DHAMRA,Thermal Coal,Supramax,11.16,11.15,,,,,11.15,0.0,11.15,0.0,11.15,0.0,,0.0,0.0
2023-01-02,BALIKPAPAN,KAMARAJAR,Thermal Coal,Supramax,10.81,10.81,,,,,10.81,0.0,10.81,0.0,10.81,0.0,,0.0,0.0
2023-01-02,TANJUNG_BARA,PARADIP,Thermal Coal,Supramax,11.52,11.51,,,,,11.51,0.0,11.51,0.0,11.51,0.0,,0.0,0.0
2023-01-02,HAY_POINT,VISAKHAPATNAM,Coking Coal,Capesize,17.88,17.83,,,,,17.83,0.0,17.83,0.0,17.83,0.0,,0.0,0.0
2023-01-03,BALIKPAPAN,KAMARAJAR,Thermal Coal,Supramax,10.86,10.81,,,,,10.81,0.0,10.81,0.0,10.81,0.0,,0.0,0.0
2023-01-03,GLADSTONE,PARADIP,Coking Coal,Panamax,21.6,21.5,,,,,21.48,0.028284271247461298,21.48,0.028284271247461298,21.48,0.028284271247461298,,0.0,0.0013167724044441944
2023-01-03,TANJUNG_BARA,PARADIP,Thermal Coal,Supramax,11.59,11.52,,,,,11.515,0.0070710678118646965,11.515,0.0070710678118646965,11.515,0.0070710678118646965,,0.0,0.0006140744951684495
2023-01-03,TANJUNG_BARA,DHAMRA,Thermal Coal,Supramax,11.28,11.16,,,,,11.155000000000001,0.0070710678118646965,11.155000000000001,0.0070710678118646965,11.155000000000001,0.0070710678118646965,,0.0,0.000633892228764204
2023-01-03,HAY_POINT,PARADIP,Coking Coal,Capesize,18.62,18.53,,,,,18.505000000000003,0.03535533905932662,18.505000000000003,0.03535533905932662,18.505000000000003,0.03535533905932662,,0.0,0.0019105830348190552
2023-01-03,RICHARDS_BAY,PARADIP,Thermal Coal,Capesize,16.62,16.59,,,,,16.545,0.06363961030678791,16.545,0.06363961030678791,16.545,0.06363961030678791,,0.0,0.0038464557453483173
2023-01-03,HAY_POINT,VISAKHAPATNAM,Coking Coal,Capesize,17.97,17.88,,,,,17.854999999999997,0.03535533905932913,17.854999999999997,0.03535533905932913,17.854999999999997,0.03535533905932913,,0.0,0.0019801366037148775
2023-01-03,NEWCASTLE,DHAMRA,Thermal Coal,Panamax,22.16,22.06,,,,,22.02,0.056568542494922595,22.02,0.056568542494922595,22.02,0.056568542494922595,,0.0,0.0025689619661636055
2023-01-03,HAY_POINT,DHAMRA,Coking Coal,Capesize,18.37,18.27,,,,,18.240000000000002,0.04242640687119069,18.240000000000002,0.04242640687119069,18.240000000000002,0.04242640687119069,,0.0,0.00232600914863984
2023-01-03,MAPUTO,VISAKHAPATNAM,Coking Coal,Panamax,19.65,19.56,,,,,19.53,0.04242640687119069,19.53,0.04242640687119069,19.53,0.04242640687119069,,0.0,0.0021723710635530307
2023-01-04,HAY_POINT,PARADIP,Coking Coal,Capesize,18.67,18.62,18.48,,,,18.543333333333333,0.07094598884597436,18.543333333333333,0.07094598884597436,18.543333333333333,0.07094598884597436,,0.0,0.00382595661581742
2023-01-04,MAPUTO,VISAKHAPATNAM,Coking Coal,Panamax,19.66,19.65,19.5,,,,19.569999999999997,0.07549834435270554,19.569999999999997,0.07549834435270554,19.569999999999997,0.07549834435270554,,0.0,0.003857861234169931
2023-01-04,HAY_POINT,VISAKHAPATNAM,Coking Coal,Capesize,17.98,17.97,17.83,,,,17.89333333333333,0.07094598884597739,17.89333333333333,0.07094598884597739,17.89333333333333,0.07094598884597739,,0.0,0.003964939764119452
2023-01-04,HAY_POINT,DHAMRA,Coking Coal,Capesize,18.4,18.37,18.21,,,,18.283333333333335,0.0808290376865465,18.283333333333335,0.0808290376865465,18.283333333333335,0.0808290376865465,,0.0,0.004420913638279663
2023-01-04,TANJUNG_BARA,PARADIP,Thermal Coal,Supramax,11.69,11.59,11.51,,,,11.54,0.04358898943540601,11.54,0.04358898943540601,11.54,0.04358898943540601,,0.0,0.003777208789896535
2023-01-04,RICHARDS_BAY,PARADIP,Thermal Coal,Capesize,16.65,16.62,16.5,,,,16.57,0.06244997998398336,16.57,0.06244997998398336,16.57,0.06244997998398336,,0.0,0.0037688581764624843
2023-01-04,TANJUNG_BARA,DHAMRA,Thermal Coal,Supramax,11.33,11.28,11.15,,,,11.196666666666667,0.0723417813807013,11.196666666666667,0.0723417813807013,11.196666666666667,0.0723417813807013,,0.0,0.006461010543081389
2023-01-04,GLADSTONE,PARADIP,Coking Coal,Panamax,21.62,21.6,21.46,,,,21.52,0.07211102550928071,21.52,0.07211102550928071,21.52,0.07211102550928071,,0.0,0.0033508840850037507
2023-01-04,BALIKPAPAN,KAMARAJAR,Thermal Coal,Supramax,10.93,10.86,10.81,,,,10.826666666666668,0.02886751345948093,10.826666666666668,0.02886751345948093,10.826666666666668,0.02886751345948093,,0.0,0.0026663343712574747
2023-01-04,NEWCASTLE,DHAMRA,Thermal Coal,Panamax,22.27,22.16,21.98,,,,22.066666666666666,0.0901849950564578,22.066666666666666,0.0901849950564578,22.066666666666666,0.0901849950564578,,0.0,0.00408693331071561
2023-01-05,GLADSTONE,PARADIP,Coking Coal,Panamax,21.71,21.62,21.5,,,,21.545,0.0772442015083771,21.545,0.0772442015083771,21.545,0.0772442015083771,,0.0,0.0035852495478476258
2023-01-05,TANJUNG_BARA,PARADIP,Thermal Coal,Supramax,11.73,11.69,11.52,,,,11.5775,0.08301606270274758,11.5775,0.08301606270274758,11.5775,0.08301606270274758,,0.0,0.007170465359770899
2023-01-05,RICHARDS_BAY,PARADIP,Thermal Coal,Capesize,16.67,16.65,16.59,,,,16.59,0.06480740698407768,16.59,0.06480740698407768,16.59,0.06480740698407768,,0.0,0.003906413923090879
2023-01-05,HAY_POINT,PARADIP,Coking Coal,Capesize,18.76,18.67,18.53,,,,18.575000000000003,0.08582928793055683,18.575000000000003,0.08582928793055683,18.575000000000003,0.08582928793055683,,0.0,0.004620688448482197
2023-01-05,HAY_POINT,VISAKHAPATNAM,Coking Coal,Capesize,18.01,17.98,17.88,,,,17.915,0.07234178138070403,17.915,0.07234178138070403,17.915,0.07234178138070403,,0.0,0.004038056454407146
2023-01-05,BALIKPAPAN,KAMARAJAR,Thermal Coal,Supramax,10.93,10.93,10.81,,,,10.8525,0.05678908345800283,10.8525,0.05678908345800283,10.8525,0.05678908345800283,,0.0,0.005232811191707241
2023-01-05,HAY_POINT,DHAMRA,Coking Coal,Capesize,18.47,18.4,18.27,,,,18.3125,0.08808140174482391,18.3125,0.08808140174482391,18.3125,0.08808140174482391,,0.0,0.004809905897328269
2023-01-05,NEWCASTLE,DHAMRA,Thermal Coal,Panamax,22.29,22.27,22.06,,,,22.1175,0.12553220038433688,22.1175,0.12553220038433688,22.1175,0.12553220038433688,,0.0,0.005675695733438991
2023-01-05,TANJUNG_BARA,DHAMRA,Thermal Coal,Supramax,11.38,11.33,11.16,,,,11.23,0.08906926143924851,11.23,0.08906926143924851,11.23,0.08906926143924851,,0.0,0.007931367893076448
2023-01-05,MAPUTO,VISAKHAPATNAM,Coking Coal,Panamax,19.72,19.66,19.56,,,,19.5925,0.07632168761236724,19.5925,0.07632168761236724,19.5925,0.07632168761236724,,0.0,0.0038954542611901104
2023-01-06,TANJUNG_BARA,PARADIP,Thermal Coal,Supramax,11.67,11.73,11.59,,,,11.608,0.09909591313469936,11.608,0.09909591313469936,11.608,0.09909591313469936,,0.0,0.008536863640136057
2023-01-06,TANJUNG_BARA,DHAMRA,Thermal Coal,Supramax,11.4,11.38,11.28,,,,11.26,0.10222524150130412,11.26,0.10222524150130412,11.26,0.10222524150130412,,0.0,0.009078618250559868
2023-01-06,RICHARDS_BAY,PARADIP,Thermal Coal,Capesize,16.7,16.67,16.62,,,,16.606,0.0665582451691745,16.606,0.0665582451691745,16.606,0.0665582451691745,,0.0,0.004008084136406991
2023-01-06,NEWCASTLE,DHAMRA,Thermal Coal,Panamax,22.27,22.29,22.16,,,,22.151999999999997,0.13330416347586402,22.151999999999997,0.13330416347586402,22.151999999999997,0.13330416347586402,,0.0,0.00601770329883821
2023-01-06,HAY_POINT,DHAMRA,Coking Coal,Capesize,18.49,18.47,18.37,,,,18.344,0.10382677881933772,18.344,0.10382677881933772,18.344,0.10382677881933772,,0.0,0.005659985762065946
2023-01-06,MAPUTO,VISAKHAPATNAM,Coking Coal,Panamax,19.75,19.72,19.65,,,,19.618000000000002,0.08729261137117887,19.618000000000002,0.08729261137117887,19.618000000000002,0.08729261137117887,,0.0,0.004449618277662293
2023-01-06,HAY_POINT,PARADIP,Coking Coal,Capesize,18.77,18.76,18.62,,,,18.612000000000002,0.11122050170719318,18.612000000000002,0.11122050170719318,18.612000000000002,0.11122050170719318,,0.0,0.005975741548849837
2023-01-06,GLADSTONE,PARADIP,Coking Coal,Panamax,21.76,21.71,21.6,,,,21.578,0.09959919678390966,21.578,0.09959919678390966,21.578,0.09959919678390966,,0.0,0.004615775177676785
2023-01-06,HAY_POINT,VISAKHAPATNAM,Coking Coal,Capesize,18.02,18.01,17.97,,,,17.934,0.07569676347110384,17.934,0.07569676347110384,17.934,0.07569676347110384,,0.0,0.004220852206485103
2023-01-06,BALIKPAPAN,KAMARAJAR,Thermal Coal,Supramax,10.94,10.93,10.86,,,,10.868,0.06016643582596562,10.868,0.06016643582596562,10.868,0.06016643582596562,,0.0,0.005536109295727422
2023-01-07,GLADSTONE,PARADIP,Coking Coal,Panamax,21.8,21.76,21.62,,,,21.608333333333334,0.11600287352762695,21.608333333333334,0.11600287352762695,21.608333333333334,0.11600287352762695,,0.0,0.005368432249639504
2023-01-07,TANJUNG_BARA,DHAMRA,Thermal Coal,Supramax,11.43,11.4,11.33,,,,11.283333333333333,0.10782702196883048,11.283333333333333,0.10782702196883048,11.283333333333333,0.10782702196883048,,0.0,0.009556309184829881
2023-01-07,BALIKPAPAN,KAMARAJAR,Thermal Coal,Supramax,10.94,10.94,10.93,,,,10.88,0.06131883886702397,10.88,0.06131883886702397,10.88,0.06131883886702397,,0.0,0.00563592268998382
2023-01-07,RICHARDS_BAY,PARADIP,Thermal Coal,Capesize,16.7,16.7,16.65,,,,16.621666666666666,0.07082843120291817,16.621666666666666,0.07082843120291817,16.621666666666666,0.07082843120291817,,0.0,0.00426121114225919
2023-01-07,HAY_POINT,VISAKHAPATNAM,Coking Coal,Capesize,17.96,18.02,17.98,,,,17.948333333333334,0.07626707459098465,17.948333333333334,0.07626707459098465,17.948333333333334,0.07626707459098465,,0.0,0.004249256639854285
2023-01-07,HAY_POINT,DHAMRA,Coking Coal,Capesize,18.5,18.49,18.4,,,,18.368333333333332,0.11034793458269314,18.368333333333332,0.11034793458269314,18.368333333333332,0.11034793458269314,,0.0,0.006007509368443507
2023-01-07,TANJUNG_BARA,PARADIP,Thermal Coal,Supramax,11.69,11.67,11.69,,,,11.618333333333332,0.09217736526212146,11.618333333333332,0.09217736526212146,11.618333333333332,0.09217736526212146,,0.0,0.0079337855626557
2023-01-07,HAY_POINT,PARADIP,Coking Coal,Capesize,18.78,18.77,18.67,,,,18.638333333333335,0.11856081421222753,18.638333333333335,0.11856081421222753,18.638333333333335,0.11856081421222753,,0.0,0.00636112747271184
2023-01-07,MAPUTO,VISAKHAPATNAM,Coking Coal,Panamax,19.7,19.75,19.66,,,,19.64,0.09486832980504965,19.64,0.09486832980504965,19.64,0.09486832980504965,,0.0,0.004830363024697029
2023-01-07,NEWCASTLE,DHAMRA,Thermal Coal,Panamax,22.28,22.27,22.27,,,,22.171666666666667,0.1285949713895008,22.171666666666667,0.1285949713895008,22.171666666666667,0.1285949713895008,,0.0,0.005799968641186234
2023-01-08,MAPUTO,VISAKHAPATNAM,Coking Coal,Panamax,19.68,19.7,19.72,19.5,,,19.648571428571426,0.08952254305081717,19.648571428571426,0.08952254305081717,19.648571428571426,0.08952254305081717,0.1999999999999993,1.025641025641022,0.004556185846704378
2023-01-08,RICHARDS_BAY,PARADIP,Thermal Coal,Capesize,16.78,16.7,16.67,16.5,,,16.632857142857144,0.07111359122659085,16.632857142857144,0.07111359122659085,16.632857142857144,0.07111359122659085,0.1999999999999993,1.2121212121212077,0.004275488607628068
2023-01-08,HAY_POINT,VISAKHAPATNAM,Coking Coal,Capesize,17.99,17.96,18.01,17.83,,,17.95,0.06976149845485541,17.95,0.06976149845485541,17.95,0.06976149845485541,0.13000000000000256,0.7291082445317025,0.0038864344543094935
2023-01-08,TANJUNG_BARA,PARADIP,Thermal Coal,Supramax,11.73,11.69,11.73,11.51,,,11.62857142857143,0.08839844859659918,11.62857142857143,0.08839844859659918,11.62857142857143,0.08839844859659918,0.17999999999999972,1.563857515204168,0.007601832188896734
2023-01-08,GLADSTONE,PARADIP,Coking Coal,Panamax,21.81,21.8,21.71,21.46,,,21.63571428571429,0.12830395458404517,21.63571428571429,0.12830395458404517,21.63571428571429,0.12830395458404517,0.33999999999999986,1.584342963653308,0.00593019268463728
2023-01-08,HAY_POINT,PARADIP,Coking Coal,Capesize,18.78,18.78,18.76,18.48,,,18.65857142857143,0.12075161440308801,18.65857142857143,0.12075161440308801,18.65857142857143,0.12075161440308801,0.3000000000000007,1.6233766233766271,0.006471643065780691
2023-01-08,NEWCASTLE,DHAMRA,Thermal Coal,Panamax,22.34,22.28,22.29,21.98,,,22.187142857142856,0.12432675841162591,22.187142857142856,0.12432675841162591,22.187142857142856,0.12432675841162591,0.3000000000000007,1.3648771610555084,0.005603549732028726
2023-01-08,TANJUNG_BARA,DHAMRA,Thermal Coal,Supramax,11.39,11.43,11.38,11.15,,,11.304285714285713,0.11296860077873302,11.304285714285713,0.11296860077873302,11.304285714285713,0.11296860077873302,0.27999999999999936,2.511210762331833,0.009993431131696338
2023-01-08,HAY_POINT,DHAMRA,Coking Coal,Capesize,18.47,18.5,18.47,18.21,,,18.38714285714286,0.11235572759681324,18.38714285714286,0.11235572759681324,18.38714285714286,0.11235572759681324,0.28999999999999915,1.5925315760571066,0.00611055934408898
2023-01-08,BALIKPAPAN,KAMARAJAR,Thermal Coal,Supramax,10.93,10.94,10.93,10.81,,,10.888571428571428,0.0603955217513608,10.888571428571428,0.0603955217513608,10.888571428571428,0.0603955217513608,0.129999999999999,1.2025901942645607,0.005546689218833976
2023-01-09,GLADSTONE,PARADIP,Coking Coal,Panamax,21.79,21.81,21.76,21.5,,,21.685714285714287,0.1160254487683836,21.6575,0.13381757305056305,21.6575,0.13381757305056305,0.3099999999999987,1.4418604651162732,0.006178809791091449
2023-01-09,HAY_POINT,VISAKHAPATNAM,Coking Coal,Capesize,17.96,17.99,18.02,17.88,,,17.972857142857144,0.046084807950230386,17.955,0.06611677980232157,17.955,0.06611677980232157,0.10999999999999943,0.6152125279642027,0.003682360334298055
2023-01-09,BALIKPAPAN,KAMARAJAR,Thermal Coal,Supramax,10.95,10.93,10.94,10.81,,,10.905714285714286,0.05061526214399032,10.89375,0.05780200194259257,10.89375,0.05780200194259257,0.11999999999999922,1.110083256244211,0.005305978376830069
2023-01-09,NEWCASTLE,DHAMRA,Thermal Coal,Panamax,22.34,22.34,22.27,22.06,,,22.23857142857143,0.09546876826630749,22.20625,0.12715991057382386,22.20625,0.12715991057382386,0.28000000000000114,1.2692656391659163,0.0057263117624013
2023-01-09,TANJUNG_BARA,PARADIP,Thermal Coal,Supramax,11.67,11.73,11.67,11.52,,,11.659999999999998,0.07767453465153874,11.64125,0.08935283191610907,11.64125,0.08935283191610907,0.21000000000000085,1.822916666666674,0.0076755358673775646
2023-01-09,HAY_POINT,PARADIP,Coking Coal,Capesize,18.7,18.78,18.77,18.53,,,18.701428571428572,0.09788233947424757,18.673750000000002,0.11975421257129587,18.673750000000002,0.11975421257129587,0.25,1.3491635186184565,0.0064129707515253155
2023-01-09,HAY_POINT,DHAMRA,Coking Coal,Capesize,18.5,18.47,18.49,18.27,,,18.424285714285713,0.08323804075404112,18.3975,0.10806743926165394,18.3975,0.10806743926165394,0.1999999999999993,1.0946907498631597,0.005874028496352979
2023-01-09,MAPUTO,VISAKHAPATNAM,Coking Coal,Panamax,19.63,19.68,19.75,19.56,,,19.674285714285713,0.06106202935188972,19.6525,0.08362330502232544,19.6525,0.08362330502232544,0.120000000000001,0.6134969325153425,0.0042550975714196896
2023-01-09,TANJUNG_BARA,DHAMRA,Thermal Coal,Supramax,11.33,11.39,11.4,11.16,,,11.338571428571427,0.09299257522845131,11.315,0.10889050857234016,11.315,0.10889050857234016,0.23000000000000043,2.060931899641581,0.00962355356361822
2023-01-09,RICHARDS_BAY,PARADIP,Thermal Coal,Capesize,16.68,16.78,16.7,16.59,,,16.672857142857143,0.06210590034080986,16.65125,0.08391109240482604,16.65125,0.08391109240482604,0.19000000000000128,1.1452682338758366,0.005039326921692127
2023-01-10,NEWCASTLE,DHAMRA,Thermal Coal,Panamax,22.32,22.34,22.28,22.16,,,22.278571428571432,0.06039552175136336,22.221111111111114,0.12702799341527515,22.221111111111114,0.12702799341527515,0.17999999999999972,0.8122743682310456,0.005716545530963929
2023-01-10,HAY_POINT,VISAKHAPATNAM,Coking Coal,Capesize,17.99,17.96,17.96,17.97,,,17.984285714285715,0.023704530408866623,17.955555555555556,0.061869037310902715,17.955555555555556,0.061869037310902715,-0.00999999999999801,-0.05564830272675576,0.0034456765829091857
2023-01-10,BALIKPAPAN,KAMARAJAR,Thermal Coal,Supramax,10.91,10.95,10.94,10.86,,,10.925714285714283,0.029920529661726904,10.899999999999999,0.05722761571129841,10.899999999999999,0.05722761571129841,0.08999999999999986,0.8287292817679546,0.005250239973513616
2023-01-10,GLADSTONE,PARADIP,Coking Coal,Panamax,21.71,21.79,21.8,21.6,,,21.72714285714286,0.08673989580239148,21.672222222222224,0.13273825539174602,21.672222222222224,0.13273825539174602,0.18999999999999773,0.8796296296296191,0.006124810553836011
2023-01-10,TANJUNG_BARA,PARADIP,Thermal Coal,Supramax,11.62,11.67,11.69,11.59,,,11.68142857142857,0.04740906081772442,11.644444444444444,0.08412952976082567,11.644444444444444,0.08412952976082567,0.08000000000000007,0.690250215703193,0.007224864197017473
2023-01-10,HAY_POINT,PARADIP,Coking Coal,Capesize,18.64,18.7,18.78,18.62,,,18.725714285714286,0.063207895829852,18.676666666666666,0.11236102527121986,18.676666666666666,0.11236102527121986,0.0799999999999983,0.4296455424274881,0.006016117719322855
2023-01-10,HAY_POINT,DHAMRA,Coking Coal,Capesize,18.45,18.5,18.5,18.37,,,18.457142857142856,0.051547481579053915,18.40888888888889,0.10670572201672712,18.40888888888889,0.10670572201672712,0.129999999999999,0.7076755579749537,0.005796423817905264
2023-01-10,MAPUTO,VISAKHAPATNAM,Coking Coal,Panamax,19.66,19.63,19.7,19.65,,,19.684285714285714,0.04197504927816382,19.65,0.0785811682275071,19.65,0.0785811682275071,-0.019999999999999574,-0.10178117048345839,0.003999041640076697
2023-01-10,TANJUNG_BARA,DHAMRA,Thermal Coal,Supramax,11.33,11.33,11.43,11.28,,,11.362857142857141,0.0515474815790554,11.316666666666666,0.10198039027185582,11.316666666666666,0.10198039027185582,0.05000000000000071,0.4432624113475241,0.009011521968057951
2023-01-10,RICHARDS_BAY,PARADIP,Thermal Coal,Capesize,16.7,16.68,16.7,16.62,,,16.685714285714287,0.05028490259084882,16.654444444444444,0.07907450776184208,16.654444444444444,0.07907450776184208,0.05999999999999872,0.36101083032490205,0.004747952297395282
2023-01-11,RICHARDS_BAY,PARADIP,Thermal Coal,Capesize,16.72,16.7,16.78,16.65,,,16.697142857142858,0.04111540089158682,16.659,0.07593125545883869,16.659,0.07593125545883869,0.05000000000000071,0.3003003003003046,0.00455797199464786
2023-01-11,MAPUTO,VISAKHAPATNAM,Coking Coal,Panamax,19.64,19.66,19.68,19.66,,,19.685714285714287,0.04076646614442153,19.651,0.07415449338299526,19.651,0.07415449338299526,0.0,0.0,0.0037735735271993928
2023-01-11,HAY_POINT,VISAKHAPATNAM,Coking Coal,Capesize,18.05,17.99,17.99,17.98,,,17.987142857142857,0.02288688541085596,17.959,0.059338951044918084,17.959,0.059338951044918084,0.00999999999999801,0.0556173526140045,0.003304134475467347
2023-01-11,BALIKPAPAN,KAMARAJAR,Thermal Coal,Supramax,10.93,10.91,10.93,10.93,,,10.932857142857143,0.012535663410568313,10.901,0.05404730438339324,10.901,0.05404730438339324,-0.019999999999999574,-0.18298261665141421,0.004958013428437138
2023-01-11,GLADSTONE,PARADIP,Coking Coal,Panamax,21.69,21.71,21.81,21.62,,,21.74285714285714,0.06775305299745922,21.676,0.12571572870744702,21.676,0.12571572870744702,0.08999999999999986,0.41628122109158117,0.005799766041125993
2023-01-11,NEWCASTLE,DHAMRA,Thermal Coal,Panamax,22.29,22.32,22.34,22.27,,,22.301428571428573,0.0313201593379242,22.231,0.12377847596052884,22.231,0.12377847596052884,0.05000000000000071,0.22451728783116617,0.005567832124534606
2023-01-11,TANJUNG_BARA,PARADIP,Thermal Coal,Supramax,11.59,11.62,11.73,11.69,,,11.685714285714285,0.038234863173606574,11.642,0.07969385867876527,11.642,0.07969385867876527,-0.07000000000000028,-0.5988023952095833,0.006845375251568912
2023-01-11,HAY_POINT,DHAMRA,Coking Coal,Capesize,18.54,18.45,18.47,18.4,,,18.468571428571426,0.03532165125838794,18.413,0.1014396372233259,18.413,0.1014396372233259,0.05000000000000071,0.2717391304347865,0.005509131441010476
2023-01-11,TANJUNG_BARA,DHAMRA,Thermal Coal,Supramax,11.31,11.33,11.39,11.33,,,11.370000000000001,0.040414518843276404,11.318000000000001,0.0962404396406326,11.318000000000001,0.0962404396406326,0.0,0.0,0.008503307973196024
2023-01-11,HAY_POINT,PARADIP,Coking Coal,Capesize,18.69,18.64,18.78,18.67,,,18.728571428571428,0.05785861256216232,18.673000000000002,0.10656766238717269,18.673000000000002,0.10656766238717269,-0.030000000000001137,-0.16068559185860276,0.005707045594557526
2023-01-12,BALIKPAPAN,KAMARAJAR,Thermal Coal,Supramax,10.91,10.93,10.95,10.93,,,10.932857142857143,0.012535663410568313,10.903636363636364,0.0520139841336404,10.903636363636364,0.0520139841336404,0.0,0.0,0.004770333712439923
2023-01-12,NEWCASTLE,DHAMRA,Thermal Coal,Panamax,22.24,22.29,22.34,22.29,,,22.304285714285715,0.028784916685167552,22.236363636363635,0.11876638642921931,22.236363636363635,0.11876638642921931,0.0,0.0,0.005341088514805448
2023-01-12,HAY_POINT,DHAMRA,Coking Coal,Capesize,18.51,18.54,18.5,18.47,,,18.488571428571426,0.029113897843113506,18.424545454545452,0.10357254813546272,18.424545454545452,0.10357254813546272,0.07000000000000028,0.37899296155928686,0.005621443871762422
2023-01-12,TANJUNG_BARA,DHAMRA,Thermal Coal,Supramax,11.33,11.31,11.33,11.38,,,11.367142857142856,0.04423960733486502,11.317272727272728,0.09133355452306782,11.317272727272728,0.09133355452306782,-0.07000000000000028,-0.6151142355008812,0.008070279538547241
2023-01-12,MAPUTO,VISAKHAPATNAM,Coking Coal,Panamax,19.68,19.64,19.63,19.72,,,19.68285714285714,0.04347960660442668,19.650000000000002,0.07042726744663473,19.650000000000002,0.07042726744663473,-0.0799999999999983,-0.40567951318457557,0.0035840848573351004
2023-01-12,RICHARDS_BAY,PARADIP,Thermal Coal,Capesize,16.7,16.72,16.68,16.67,,,16.70714285714286,0.03592319850007572,16.664545454545454,0.07434563018276595,16.664545454545454,0.07434563018276595,0.04999999999999716,0.2999400119975834,0.004461305613498584
2023-01-12,TANJUNG_BARA,PARADIP,Thermal Coal,Supramax,11.52,11.59,11.67,11.73,,,11.671428571428569,0.05241773600241391,11.637272727272727,0.07721281099544366,11.637272727272727,0.07721281099544366,-0.14000000000000057,-1.1935208866155205,0.006634957588859311
2023-01-12,HAY_POINT,VISAKHAPATNAM,Coking Coal,Capesize,17.97,18.05,17.96,18.01,,,17.997142857142858,0.032513733362119296,17.967272727272725,0.0626244216086524,17.967272727272725,0.0626244216086524,0.03999999999999915,0.22209883398111685,0.0034854717551870903
2023-01-12,GLADSTONE,PARADIP,Coking Coal,Panamax,21.75,21.69,21.79,21.71,,,21.752857142857145,0.04923220007078624,21.67727272727273,0.11933908907737718,21.67727272727273,0.11933908907737718,-0.019999999999999574,-0.09212344541685662,0.005505263073395466
2023-01-12,HAY_POINT,PARADIP,Coking Coal,Capesize,18.74,18.69,18.7,18.76,,,18.731428571428573,0.054902511001638545,18.674545454545456,0.1012288137205633,18.674545454545456,0.1012288137205633,-0.07000000000000028,-0.3731343283582104,0.005420684212472964
2023-01-13,MAPUTO,VISAKHAPATNAM,Coking Coal,Panamax,19.65,19.68,19.66,19.75,,,19.677142857142858,0.040296519996261264,19.6525,0.06770591487522153,19.6525,0.06770591487522153,-0.07000000000000028,-0.3544303797468369,0.0034451553174009173
2023-01-13,TANJUNG_BARA,PARADIP,Thermal Coal,Supramax,11.48,11.52,11.62,11.67,,,11.641428571428573,0.07033931367037136,11.6275,0.08103029736406658,11.6275,0.08103029736406658,-0.15000000000000036,-1.2853470437018024,0.006968849483041633
2023-01-13,NEWCASTLE,DHAMRA,Thermal Coal,Panamax,22.16,22.24,22.32,22.27,,,22.29714285714286,0.037733400639354195,22.236666666666665,0.11324417170098652,22.236666666666665,0.11324417170098652,-0.030000000000001137,-0.1347103726987029,0.005092677486178378
2023-01-13,HAY_POINT,VISAKHAPATNAM,Coking Coal,Capesize,17.88,17.97,17.99,18.02,,,17.99142857142857,0.03338091841585332,17.967499999999998,0.059715233323743726,17.967499999999998,0.059715233323743726,-0.05000000000000071,-0.2774694783573846,0.003323513751147557
2023-01-13,BALIKPAPAN,KAMARAJAR,Thermal Coal,Supramax,10.85,10.91,10.91,10.94,,,10.929999999999998,0.015275252316525588,10.904166666666667,0.04962739956796885,10.904166666666667,0.04962739956796885,-0.02999999999999936,-0.2742230347349119,0.004551232669588278
2023-01-13,HAY_POINT,DHAMRA,Coking Coal,Capesize,18.46,18.51,18.45,18.49,,,18.494285714285716,0.02878491668516106,18.43166666666667,0.10178706234392526,18.43166666666667,0.10178706234392526,0.020000000000003126,0.10816657652786982,0.005522401429275264
2023-01-13,TANJUNG_BARA,DHAMRA,Thermal Coal,Supramax,11.31,11.33,11.33,11.4,,,11.360000000000001,0.04582575694956019,11.318333333333333,0.0871605971581753,11.318333333333333,0.0871605971581753,-0.07000000000000028,-0.6140350877193007,0.007700833204963213
2023-01-13,HAY_POINT,PARADIP,Coking Coal,Capesize,18.67,18.74,18.64,18.77,,,18.728571428571428,0.05367450401216318,18.68,0.0983500242639881,18.68,0.0983500242639881,-0.030000000000001137,-0.15982951518381,0.0052649905922905835
2023-01-13,RICHARDS_BAY,PARADIP,Thermal Coal,Capesize,16.72,16.7,16.7,16.7,,,16.71142857142857,0.03236694374850227,16.6675,0.07162084511191791,16.6675,0.07162084511191791,0.0,0.0,0.0042970358549223285
2023-01-13,GLADSTONE,PARADIP,Coking Coal,Panamax,21.65,21.75,21.71,21.76,,,21.75857142857143,0.045617456975952306,21.683333333333334,0.11570600152057273,21.683333333333334,0.11570600152057273,-0.010000000000001563,-0.04595588235294836,0.005336172245376144
2023-01-14,RICHARDS_BAY,PARADIP,Thermal Coal,Capesize,16.68,16.72,16.72,16.7,,,16.714285714285715,0.032071349029485434,16.67153846153846,0.07010066022586696,16.67153846153846,0.07010066022586696,0.019999999999999574,0.11976047904191363,0.00420481051509376
2023-01-14,NEWCASTLE,DHAMRA,Thermal Coal,Panamax,22.08,22.16,22.29,22.28,,,22.28142857142857,0.06440201120787456,22.23076923076923,0.11048842612551044,22.23076923076923,0.11048842612551044,-0.120000000000001,-0.5385996409335772,0.004970067611182131
2023-01-14,BALIKPAPAN,KAMARAJAR,Thermal Coal,Supramax,10.84,10.85,10.93,10.94,,,10.917142857142858,0.033022358947784464,10.899999999999999,0.04983305462575383,10.899999999999999,0.04983305462575383,-0.08999999999999986,-0.8226691042047519,0.0045718398739223705
2023-01-14,HAY_POINT,DHAMRA,Coking Coal,Capesize,18.43,18.46,18.54,18.5,,,18.490000000000002,0.031622776601687025,18.433846153846154,0.09777000746125795,18.433846153846154,0.09777000746125795,-0.03999999999999915,-0.21621621621621162,0.005303831150877789
2023-01-14,GLADSTONE,PARADIP,Coking Coal,Panamax,21.65,21.65,21.69,21.8,,,21.74285714285714,0.06129553700836033,21.680769230769233,0.1111651577954725,21.680769230769233,0.1111651577954725,-0.15000000000000213,-0.6880733944954226,0.005127362254181807
2023-01-14,TANJUNG_BARA,DHAMRA,Thermal Coal,Supramax,11.29,11.31,11.31,11.43,,,11.347142857142858,0.04535573676110858,11.317692307692308,0.08348191881617711,11.317692307692308,0.08348191881617711,-0.11999999999999922,-1.0498687664041928,0.007376231527290848
2023-01-14,HAY_POINT,PARADIP,Coking Coal,Capesize,18.66,18.67,18.69,18.78,,,18.714285714285715,0.054116276928212484,18.67923076923077,0.09420381613479767,18.67923076923077,0.09420381613479767,-0.10999999999999943,-0.5857294994675155,0.005043238519756083
2023-01-14,HAY_POINT,VISAKHAPATNAM,Coking Coal,Capesize,17.87,17.88,18.05,17.96,,,17.97142857142857,0.05080307452263548,17.96076923076923,0.062110323680467025,17.96076923076923,0.062110323680467025,-0.08000000000000185,-0.44543429844099025,0.0034581104451842535
2023-01-14,TANJUNG_BARA,PARADIP,Thermal Coal,Supramax,11.45,11.48,11.59,11.69,,,11.614285714285716,0.09107819769427815,11.616153846153846,0.0877058019307029,11.616153846153846,0.0877058019307029,-0.20999999999999908,-1.796407185628735,0.007550330607901051
2023-01-14,MAPUTO,VISAKHAPATNAM,Coking Coal,Panamax,19.63,19.65,19.64,19.7,,,19.662857142857145,0.02497617912750241,19.65230769230769,0.06482718644645896,19.65230769230769,0.06482718644645896,-0.05000000000000071,-0.2538071065989884,0.0032987060584154008
2023-01-15,GLADSTONE,PARADIP,Coking Coal,Panamax,21.62,21.65,21.75,21.81,21.46,,21.721428571428568,0.06414269805898422,21.678571428571427,0.10712014411269838,21.678571428571427,0.10712014411269838,-0.16000000000000014,-0.7336084364970203,0.004941291655939958
2023-01-15,TANJUNG_BARA,DHAMRA,Thermal Coal,Supramax,11.25,11.29,11.33,11.39,11.15,,11.327142857142858,0.031471831698779214,11.315714285714288,0.08054757654896955,11.315714285714288,0.08054757654896955,-0.10000000000000142,-0.8779631255487395,0.007118205224628036
2023-01-15,HAY_POINT,DHAMRA,Coking Coal,Capesize,18.41,18.43,18.51,18.47,18.21,,18.48,0.03829708431025536,18.43357142857143,0.09394000891380277,18.43357142857143,0.09394000891380277,-0.03999999999999915,-0.21656740660530133,0.005096137190658499
2023-01-15,HAY_POINT,PARADIP,Coking Coal,Capesize,18.6,18.66,18.74,18.78,18.48,,18.697142857142858,0.04855041562275981,18.677857142857142,0.0906539125914137,18.677857142857142,0.0906539125914137,-0.120000000000001,-0.6389776357827529,0.004853549949442777
2023-01-15,RICHARDS_BAY,PARADIP,Thermal Coal,Capesize,16.62,16.68,16.7,16.78,16.5,,16.711428571428574,0.03436498771936407,16.672142857142855,0.06738849153385676,16.672142857142855,0.06738849153385676,-0.10000000000000142,-0.5959475566150263,0.004041981412424466
2023-01-15,MAPUTO,VISAKHAPATNAM,Coking Coal,Panamax,19.61,19.63,19.68,19.68,19.5,,19.65285714285714,0.021380899352984015,19.650714285714287,0.06256864362310423,19.650714285714287,0.06256864362310423,-0.05000000000000071,-0.2540650406504101,0.0031840391506068816
2023-01-15,BALIKPAPAN,KAMARAJAR,Thermal Coal,Supramax,10.8,10.84,10.91,10.93,10.81,,10.902857142857142,0.04191828786034696,10.895714285714286,0.050492084027603454,10.895714285714286,0.050492084027603454,-0.08999999999999986,-0.8234217749313802,0.004634123353785553
2023-01-15,HAY_POINT,VISAKHAPATNAM,Coking Coal,Capesize,17.86,17.87,17.97,17.99,17.83,,17.958571428571428,0.06388233230676783,17.954285714285714,0.064416228929134,17.954285714285714,0.064416228929134,-0.11999999999999744,-0.6670372429127152,0.003587791235709246
2023-01-15,NEWCASTLE,DHAMRA,Thermal Coal,Panamax,22.09,22.08,22.24,22.34,21.98,,22.252857142857142,0.09978548420057162,22.22,0.11354429836987752,22.22,0.11354429836987752,-0.26000000000000156,-1.1638316920322362,0.005110004427087198
2023-01-15,TANJUNG_BARA,PARADIP,Thermal Coal,Supramax,11.52,11.45,11.52,11.73,11.51,,11.58,0.10230672835481915,11.604285714285714,0.09524981612857596,11.604285714285714,0.09524981612857596,-0.28000000000000114,-2.387041773231041,0.008208158474701856
2023-01-16,MAPUTO,VISAKHAPATNAM,Coking Coal,Panamax,19.54,19.61,19.65,19.63,19.56,,19.642857142857142,0.022886885410844174,19.648,0.06120224085533256,19.648,0.06120224085533256,-0.019999999999999574,-0.10188487009678845,0.0031149348969530008
2023-01-16,RICHARDS_BAY,PARADIP,Thermal Coal,Capesize,16.66,16.62,16.72,16.68,16.59,,16.68857142857143,0.03436498771936535,16.668666666666667,0.06631813656983379,16.668666666666667,0.06631813656983379,-0.05999999999999872,-0.35971223021581966,0.0039786107608987195
2023-01-16,TANJUNG_BARA,PARADIP,Thermal Coal,Supramax,11.5,11.52,11.48,11.67,11.52,,11.549999999999999,0.07916228058025387,11.598666666666666,0.09432971556246374,11.598666666666666,0.09432971556246374,-0.15000000000000036,-1.2853470437018024,0.008132806836630395
2023-01-16,BALIKPAPAN,KAMARAJAR,Thermal Coal,Supramax,10.66,10.8,10.85,10.95,10.81,,10.884285714285713,0.05472876844254775,10.889333333333333,0.05457192719792129,10.889333333333333,0.05457192719792129,-0.14999999999999858,-1.3698630136986172,0.0050115030486642545
2023-01-16,HAY_POINT,PARADIP,Coking Coal,Capesize,18.57,18.6,18.67,18.7,18.53,,18.67142857142857,0.04488079449258787,18.672666666666668,0.08963948959715191,18.672666666666668,0.08963948959715191,-0.09999999999999787,-0.5347593582887586,0.004800572472981109
2023-01-16,TANJUNG_BARA,DHAMRA,Thermal Coal,Supramax,11.2,11.25,11.31,11.33,11.16,,11.307142857142859,0.02927700218845712,11.311333333333334,0.07945049372018385,11.311333333333334,0.07945049372018385,-0.08000000000000007,-0.7060900264783766,0.00702397245124511
2023-01-16,GLADSTONE,PARADIP,Coking Coal,Panamax,21.59,21.62,21.65,21.79,21.5,,21.694285714285716,0.06051367417290824,21.674666666666667,0.10432549795620198,21.674666666666667,0.10432549795620198,-0.16999999999999815,-0.780174391922892,0.004813245784150559
2023-01-16,HAY_POINT,VISAKHAPATNAM,Coking Coal,Capesize,17.78,17.86,17.88,17.96,17.88,,17.94,0.07164728420068112,17.947999999999997,0.06667618979601593,17.947999999999997,0.06667618979601593,-0.10000000000000142,-0.5567928730512328,0.0037149648872306634
2023-01-16,HAY_POINT,DHAMRA,Coking Coal,Capesize,18.36,18.41,18.46,18.5,18.27,,18.47142857142857,0.046700667885507155,18.432000000000002,0.09072722067510186,18.432000000000002,0.09072722067510186,-0.08999999999999986,-0.4864864864864857,0.004922266746696064
2023-01-16,NEWCASTLE,DHAMRA,Thermal Coal,Panamax,22.06,22.09,22.16,22.34,22.06,,22.217142857142854,0.10781377242174778,22.211333333333336,0.1144469101290869,22.211333333333336,0.1144469101290869,-0.25,-1.1190689346463742,0.005152635747325099
2023-01-17,HAY_POINT,PARADIP,Coking Coal,Capesize,18.54,18.57,18.66,18.64,18.62,,18.65285714285714,0.05648430038937105,18.66625,0.0903234926989273,18.66625,0.0903234926989273,-0.07000000000000028,-0.3755364806866968,0.004838866547856548
2023-01-17,GLADSTONE,PARADIP,Coking Coal,Panamax,21.55,21.59,21.65,21.71,21.6,,21.665714285714284,0.05472876844254888,21.669375,0.1029866496202298,21.669375,0.1029866496202298,-0.120000000000001,-0.5527406725011561,0.004752635902984271
2023-01-17,MAPUTO,VISAKHAPATNAM,Coking Coal,Panamax,19.55,19.54,19.63,19.66,19.65,,19.63,0.04546060565661501,19.64125,0.0649999999999986,19.64125,0.0649999999999986,-0.120000000000001,-0.6103763987792522,0.0033093616750460688
2023-01-17,HAY_POINT,VISAKHAPATNAM,Coking Coal,Capesize,17.77,17.78,17.87,17.99,17.97,,17.914285714285715,0.09253056123197552,17.9375,0.07689820110596451,17.9375,0.07689820110596451,-0.2099999999999973,-1.1673151750972615,0.004287007727161785
2023-01-17,HAY_POINT,DHAMRA,Coking Coal,Capesize,18.25,18.36,18.43,18.45,18.37,,18.451428571428572,0.06039552175135957,18.4275,0.0894799791387253,18.4275,0.0894799791387253,-0.08999999999999986,-0.4878048780487797,0.00485578505704655
2023-01-17,BALIKPAPAN,KAMARAJAR,Thermal Coal,Supramax,10.61,10.66,10.84,10.91,10.86,,10.842857142857143,0.09304376850247748,10.875,0.07788880963698566,10.875,0.07788880963698566,-0.25,-2.2914757103574703,0.007162189391906728
2023-01-17,TANJUNG_BARA,DHAMRA,Thermal Coal,Supramax,11.21,11.2,11.29,11.33,11.28,,11.288571428571428,0.04775931721614592,11.304375,0.08164710650108818,11.304375,0.08164710650108818,-0.13000000000000078,-1.1473962930273678,0.007222611289972969
2023-01-17,RICHARDS_BAY,PARADIP,Thermal Coal,Capesize,16.61,16.66,16.68,16.7,16.62,,16.685714285714287,0.03598941643369443,16.668125,0.06410603195747828,16.668125,0.06410603195747828,-0.03999999999999915,-0.23952095808382726,0.0038460253902270524
2023-01-17,NEWCASTLE,DHAMRA,Thermal Coal,Panamax,22.0,22.06,22.08,22.32,22.16,,22.177142857142854,0.10656989658032356,22.201875,0.11685995892520261,22.201875,0.11685995892520261,-0.26000000000000156,-1.1648745519713333,0.0052635175598999
2023-01-17,TANJUNG_BARA,PARADIP,Thermal Coal,Supramax,11.55,11.5,11.45,11.62,11.59,,11.525714285714287,0.059960304329100274,11.5925,0.09441045139884366,11.5925,0.09441045139884366,-0.11999999999999922,-1.032702237521508,0.008144097597484896
2023-01-18,HAY_POINT,DHAMRA,Coking Coal,Capesize,18.21,18.25,18.41,18.54,18.4,,18.422857142857143,0.09724784242924156,18.41705882352941,0.09674481290244666,18.41705882352941,0.09674481290244666,-0.28999999999999915,-1.5641855447680646,0.005253000157595559
2023-01-18,GLADSTONE,PARADIP,Coking Coal,Panamax,21.51,21.55,21.62,21.69,21.62,,21.642857142857142,0.06550172662209845,21.66235294117647,0.10383456865157561,21.66235294117647,0.10383456865157561,-0.14000000000000057,-0.6454587367450464,0.004793319032957111
2023-01-18,BALIKPAPAN,KAMARAJAR,Thermal Coal,Supramax,10.6,10.61,10.8,10.93,10.93,,10.8,0.12165525060596308,10.859411764705882,0.0990877507714302,10.859411764705882,0.0990877507714302,-0.3200000000000003,-2.9277218664226923,0.00912459651760096
2023-01-18,RICHARDS_BAY,PARADIP,Thermal Coal,Capesize,16.62,16.61,16.62,16.72,16.65,,16.672857142857143,0.04498677054212085,16.66470588235294,0.06365116329051022,16.66470588235294,0.06365116329051022,-0.10999999999999943,-0.657894736842102,0.00381951915262504
2023-01-18,MAPUTO,VISAKHAPATNAM,Coking Coal,Panamax,19.47,19.55,19.61,19.64,19.66,,19.614285714285717,0.051915682555829464,19.635882352941177,0.06671383135540508,19.635882352941177,0.06671383135540508,-0.08999999999999986,-0.45824847250509093,0.0033975469070485795
2023-01-18,NEWCASTLE,DHAMRA,Thermal Coal,Panamax,21.94,22.0,22.09,22.29,22.27,,22.131428571428568,0.10367072415882879,22.19,0.12328828005937945,22.19,0.12328828005937945,-0.28999999999999915,-1.3010318528488074,0.005556028844496595
2023-01-18,TANJUNG_BARA,DHAMRA,Thermal Coal,Supramax,11.13,11.21,11.25,11.31,11.33,,11.27142857142857,0.051777914026662104,11.298823529411765,0.08230145449361591,11.298823529411765,0.08230145449361591,-0.09999999999999964,-0.8841732979663982,0.00728407291957242
2023-01-18,HAY_POINT,VISAKHAPATNAM,Coking Coal,Capesize,17.74,17.77,17.86,18.05,17.98,,17.88285714285714,0.0996183192179481,17.927647058823528,0.08481814456269862,17.927647058823528,0.08481814456269862,-0.28000000000000114,-1.5512465373961282,0.0047311364555759315
2023-01-18,HAY_POINT,PARADIP,Coking Coal,Capesize,18.53,18.54,18.6,18.69,18.67,,18.638571428571428,0.07104659772022734,18.658823529411762,0.09266082997558672,18.658823529411762,0.09266082997558672,-0.15000000000000213,-0.8025682182985667,0.004966059614076212
2023-01-18,TANJUNG_BARA,PARADIP,Thermal Coal,Supramax,11.55,11.55,11.52,11.59,11.69,,11.515714285714285,0.045773770821709484,11.59,0.09199184746487096,11.59,0.09199184746487096,-0.03999999999999915,-0.34512510785158884,0.007937174069445295
2023-01-19,MAPUTO,VISAKHAPATNAM,Coking Coal,Panamax,19.47,19.47,19.54,19.68,19.72,,19.59,0.07325753658611688,19.626666666666665,0.07561512453751106,19.626666666666665,0.07561512453751106,-0.21000000000000085,-1.0670731707317118,0.0038526727855389465
2023-01-19,TANJUNG_BARA,DHAMRA,Thermal Coal,Supramax,11.22,11.13,11.2,11.33,11.38,,11.245714285714287,0.0706769983462657,11.289444444444445,0.08921040708362539,11.289444444444445,0.08921040708362539,-0.1999999999999993,-1.7652250661959337,0.007902107807220397
2023-01-19,BALIKPAPAN,KAMARAJAR,Thermal Coal,Supramax,10.63,10.6,10.66,10.91,10.93,,10.752857142857142,0.12671678206592238,10.845,0.11392722135076298,10.845,0.11392722135076298,-0.3100000000000005,-2.8414298808432674,0.010505045767705208
2023-01-19,RICHARDS_BAY,PARADIP,Thermal Coal,Capesize,16.62,16.62,16.66,16.7,16.67,,16.658571428571427,0.043369947901196144,16.662222222222223,0.0626432997736857,16.662222222222223,0.0626432997736857,-0.0799999999999983,-0.4790419161676545,0.003759600546566893
2023-01-19,TANJUNG_BARA,PARADIP,Thermal Coal,Supramax,11.56,11.55,11.5,11.52,11.73,,11.510000000000002,0.0365148371670155,11.587777777777777,0.08974182286560661,11.587777777777777,0.08974182286560661,0.030000000000001137,0.26041666666667657,0.007744523979197043
2023-01-19,NEWCASTLE,DHAMRA,Thermal Coal,Panamax,21.95,21.94,22.06,22.24,22.29,,22.08142857142857,0.09873003113346471,22.176111111111112,0.13333455881789716,22.176111111111112,0.13333455881789716,-0.29999999999999716,-1.3489208633093397,0.006012531148939421
2023-01-19,HAY_POINT,DHAMRA,Coking Coal,Capesize,18.17,18.21,18.36,18.51,18.47,,18.375714285714285,0.11012979355547128,18.405555555555555,0.10578681237849315,18.405555555555555,0.10578681237849315,-0.3000000000000007,-1.6207455429497606,0.005747547910693863
2023-01-19,GLADSTONE,PARADIP,Coking Coal,Panamax,21.5,21.51,21.59,21.75,21.71,,21.617142857142856,0.07804150299985228,21.653888888888886,0.10694357439591705,21.653888888888886,0.10694357439591705,-0.23999999999999844,-1.1034482758620618,0.004938769887694043
2023-01-19,HAY_POINT,PARADIP,Coking Coal,Capesize,18.48,18.53,18.57,18.74,18.76,,18.615714285714287,0.07721337165223227,18.651666666666667,0.09488382989988586,18.651666666666667,0.09488382989988586,-0.2099999999999973,-1.1205976520810956,0.0050871502046226
2023-01-19,HAY_POINT,VISAKHAPATNAM,Coking Coal,Capesize,17.73,17.74,17.78,17.97,18.01,,17.838571428571427,0.07988086367179341,17.91722222222222,0.09341907826031341,17.91722222222222,0.09341907826031341,-0.23000000000000043,-1.2799109627156395,0.00521392641681077
2023-01-20,GLADSTONE,PARADIP,Coking Coal,Panamax,21.43,21.5,21.55,21.65,21.76,,21.58142857142857,0.06283008075451378,21.64578947368421,0.10976316876062801,21.64578947368421,0.10976316876062801,-0.14999999999999858,-0.6928406466512637,0.005070878513997939
2023-01-20,MAPUTO,VISAKHAPATNAM,Coking Coal,Panamax,19.51,19.47,19.55,19.65,19.75,,19.56,0.07325753658611688,19.61842105263158,0.0818035015478975,19.61842105263158,0.0818035015478975,-0.17999999999999972,-0.9160305343511437,0.004169729119812348
2023-01-20,TANJUNG_BARA,DHAMRA,Thermal Coal,Supramax,11.23,11.22,11.21,11.31,11.4,,11.23,0.06027713773341644,11.285789473684211,0.08814859861958389,11.285789473684211,0.08814859861958389,-0.08999999999999986,-0.79575596816976,0.007810583284857967
2023-01-20,RICHARDS_BAY,PARADIP,Thermal Coal,Capesize,16.61,16.62,16.61,16.72,16.7,,16.647142857142857,0.04111540089159354,16.66,0.061644140029688994,16.66,0.061644140029688994,-0.09999999999999787,-0.5980861244019012,0.0037001284531626047
2023-01-20,HAY_POINT,DHAMRA,Coking Coal,Capesize,18.21,18.17,18.25,18.46,18.49,,18.32714285714286,0.11586116486471273,18.393157894736845,0.11614419350191503,18.393157894736845,0.11614419350191503,-0.28999999999999915,-1.5709642470205805,0.0063145325107631135
2023-01-20,NEWCASTLE,DHAMRA,Thermal Coal,Panamax,21.9,21.95,22.0,22.16,22.27,,22.04,0.0802080627700771,22.164210526315788,0.1395753794539261,22.164210526315788,0.1395753794539261,-0.21000000000000085,-0.947653429602892,0.006297331424830442
2023-01-20,BALIKPAPAN,KAMARAJAR,Thermal Coal,Supramax,10.69,10.63,10.61,10.85,10.94,,10.712857142857144,0.11220729116450334,10.833684210526316,0.12120737630266262,10.833684210526316,0.12120737630266262,-0.21999999999999886,-2.027649769585243,0.01118801083244554
2023-01-20,HAY_POINT,VISAKHAPATNAM,Coking Coal,Capesize,17.67,17.73,17.77,17.88,18.02,,17.804285714285715,0.06399404734221278,17.90736842105263,0.10043472757430062,17.90736842105263,0.10043472757430062,-0.14999999999999858,-0.8389261744966363,0.005608569903337973
2023-01-20,TANJUNG_BARA,PARADIP,Thermal Coal,Supramax,11.53,11.56,11.55,11.48,11.67,,11.515714285714285,0.04117326918327515,11.586315789473684,0.08744588970175257,11.586315789473684,0.08744588970175257,0.08000000000000007,0.6968641114982584,0.007547342165591437
2023-01-20,HAY_POINT,PARADIP,Coking Coal,Capesize,18.53,18.48,18.54,18.67,18.77,,18.57857142857143,0.06962484504557619,18.64263157894737,0.10026864499727992,18.64263157894737,0.10026864499727992,-0.19000000000000128,-1.0176754151044525,0.0053784598259459596
2023-01-21,GLADSTONE,PARADIP,Coking Coal,Panamax,21.46,21.43,21.51,21.65,21.8,,21.550000000000004,0.07637626158259564,21.634999999999998,0.11722672589114518,21.634999999999998,0.11722672589114518,-0.21999999999999886,-1.016166281755191,0.005418383447707196
2023-01-21,TANJUNG_BARA,DHAMRA,Thermal Coal,Supramax,11.26,11.23,11.13,11.29,11.43,,11.218571428571428,0.04913538149119824,11.283,0.08669972379000511,11.283,0.08669972379000511,-0.05999999999999872,-0.5314437555358611,0.0076841020818935665
2023-01-21,RICHARDS_BAY,PARADIP,Thermal Coal,Capesize,16.59,16.61,16.62,16.68,16.7,,16.631428571428568,0.027342623276116078,16.6575,0.061032778078667776,16.6575,0.061032778078667776,-0.07000000000000028,-0.4196642685851336,0.00366398187475118
2023-01-21,NEWCASTLE,DHAMRA,Thermal Coal,Panamax,21.87,21.9,21.94,22.08,22.28,,22.002857142857142,0.07543524501498468,22.151,0.14814288977022677,22.151,0.14814288977022677,-0.17999999999999972,-0.8152173913043466,0.006687864645850155
2023-01-21,MAPUTO,VISAKHAPATNAM,Coking Coal,Panamax,19.5,19.51,19.47,19.63,19.7,,19.54,0.06298147875896706,19.613,0.08323081413186113,19.613,0.08323081413186113,-0.11999999999999744,-0.6113092205807308,0.004243655439344371
2023-01-21,HAY_POINT,DHAMRA,Coking Coal,Capesize,18.18,18.21,18.21,18.43,18.5,,18.291428571428572,0.10621182787689251,18.384,0.12023660883966596,18.384,0.12023660883966596,-0.21999999999999886,-1.1937059142702056,0.006540285511296016
2023-01-21,HAY_POINT,PARADIP,Coking Coal,Capesize,18.46,18.53,18.53,18.66,18.78,,18.55857142857143,0.058145957563307746,18.637,0.10079160366032955,18.637,0.10079160366032955,-0.129999999999999,-0.6966773847802733,0.005408145284129932
2023-01-21,TANJUNG_BARA,PARADIP,Thermal Coal,Supramax,11.55,11.53,11.55,11.45,11.69,,11.522857142857143,0.03817254061682568,11.583499999999999,0.08604007634144796,11.583499999999999,0.08604007634144796,0.08000000000000007,0.6986899563318784,0.007427813384680621
2023-01-21,HAY_POINT,VISAKHAPATNAM,Coking Coal,Capesize,17.67,17.67,17.74,17.87,17.96,,17.774285714285714,0.07138093649734063,17.8955,0.1112358802393882,17.8955,0.1112358802393882,-0.1999999999999993,-1.119194180190259,0.006215857631213892
2023-01-21,BALIKPAPAN,KAMARAJAR,Thermal Coal,Supramax,10.7,10.69,10.6,10.84,10.94,,10.69,0.09451631252504873,10.8265,0.12227126873429654,10.8265,0.12227126873429654,-0.15000000000000036,-1.3837638376383796,0.011293702372354551
2023-01-22,HAY_POINT,PARADIP,Coking Coal,Capesize,18.45,18.46,18.48,18.6,18.78,,18.53,0.048304589153984126,18.628571428571426,0.1055597325823491,18.628571428571426,0.1055597325823491,-0.14000000000000057,-0.7526881720430137,0.005666550061935918
2023-01-22,TANJUNG_BARA,DHAMRA,Thermal Coal,Supramax,11.27,11.26,11.22,11.25,11.39,,11.214285714285714,0.04276179870598643,11.281904761904762,0.08465335478402788,11.281904761904762,0.08465335478402788,0.009999999999999787,0.08888888888888699,0.0075034629852464355
2023-01-22,RICHARDS_BAY,PARADIP,Thermal Coal,Capesize,16.55,16.59,16.62,16.62,16.78,,16.61857142857143,0.021157009420516633,16.654285714285713,0.06128388275651432,16.654285714285713,0.06128388275651432,-0.030000000000001137,-0.1805054151624617,0.0036797665062240545
2023-01-22,HAY_POINT,DHAMRA,Coking Coal,Capesize,18.2,18.18,18.17,18.41,18.47,,18.255714285714287,0.09306935457981236,18.374285714285715,0.12536233200492855,18.374285714285715,0.12536233200492855,-0.23000000000000043,-1.2493210211841415,0.006822705053914631
2023-01-22,BALIKPAPAN,KAMARAJAR,Thermal Coal,Supramax,10.72,10.7,10.63,10.8,10.93,,10.67,0.06879922480182882,10.82047619047619,0.12233054362979731,10.82047619047619,0.12233054362979731,-0.10000000000000142,-0.925925925925939,0.011305467659313222
2023-01-22,GLADSTONE,PARADIP,Coking Coal,Panamax,21.38,21.46,21.5,21.62,21.81,,21.52285714285714,0.06824326235712003,21.62666666666667,0.12047129671972943,21.62666666666667,0.12047129671972943,-0.16000000000000014,-0.7400555041628128,0.0055704976904930375
2023-01-22,MAPUTO,VISAKHAPATNAM,Coking Coal,Panamax,19.38,19.5,19.47,19.61,19.68,,19.521428571428572,0.049809159608970636,19.607619047619046,0.08478825165698019,19.607619047619046,0.08478825165698019,-0.10999999999999943,-0.5609382967873505,0.004324250254508898
2023-01-22,TANJUNG_BARA,PARADIP,Thermal Coal,Supramax,11.6,11.55,11.56,11.52,11.73,,11.537142857142857,0.0213808993530016,11.581904761904761,0.08417951339958292,11.581904761904761,0.08417951339958292,0.030000000000001137,0.26041666666667657,0.00726819250633682
2023-01-22,HAY_POINT,VISAKHAPATNAM,Coking Coal,Capesize,17.64,17.67,17.73,17.86,17.99,,17.745714285714286,0.06654751256486308,17.884761904761906,0.11906380842300622,17.884761904761906,0.11906380842300622,-0.18999999999999773,-1.0638297872340299,0.006657276683750813
2023-01-22,NEWCASTLE,DHAMRA,Thermal Coal,Panamax,21.88,21.87,21.95,22.09,22.34,,21.972857142857144,0.08118174788996775,22.137619047619047,0.15687271151812052,22.137619047619047,0.15687271151812052,-0.21999999999999886,-0.9959257582616516,0.00708625038585586
2023-01-23,HAY_POINT,VISAKHAPATNAM,Coking Coal,Capesize,17.53,17.64,17.67,17.78,17.96,,17.714285714285715,0.05442338432975257,17.873636363636365,0.1273744182488863,17.873636363636365,0.1273744182488863,-0.14000000000000057,-0.7874015748031528,0.007126385233394787
2023-01-23,TANJUNG_BARA,DHAMRA,Thermal Coal,Supramax,11.2,11.27,11.23,11.2,11.33,,11.217142857142857,0.04608480795022798,11.281363636363636,0.08265219465558855,11.281363636363636,0.08265219465558855,0.07000000000000028,0.6250000000000026,0.007326436530170225
2023-01-23,NEWCASTLE,DHAMRA,Thermal Coal,Panamax,21.82,21.88,21.9,22.06,22.34,,21.942857142857143,0.06848705126131419,22.12590909090909,0.16264653732525622,22.12590909090909,0.16264653732525622,-0.17999999999999972,-0.8159564823209416,0.007350953882029782
2023-01-23,BALIKPAPAN,KAMARAJAR,Thermal Coal,Supramax,10.74,10.72,10.69,10.66,10.95,,10.65857142857143,0.04670066788549766,10.81590909090909,0.12128907189453964,10.81590909090909,0.12128907189453964,0.0600000000000005,0.5628517823639821,0.011213950753014802
2023-01-23,HAY_POINT,PARADIP,Coking Coal,Capesize,18.37,18.45,18.53,18.57,18.7,,18.50857142857143,0.04525062483127831,18.620454545454546,0.10982571789744083,18.620454545454546,0.10982571789744083,-0.120000000000001,-0.646203554119553,0.005898122284251674
2023-01-23,RICHARDS_BAY,PARADIP,Thermal Coal,Capesize,16.55,16.55,16.61,16.66,16.68,,16.608571428571427,0.033380918415864526,16.649545454545457,0.06380605081974605,16.649545454545457,0.06380605081974605,-0.10999999999999943,-0.6602641056422535,0.003832299866320164
2023-01-23,TANJUNG_BARA,PARADIP,Thermal Coal,Supramax,11.57,11.6,11.53,11.5,11.67,,11.54857142857143,0.03023715784074304,11.582727272727272,0.0822413300210815,11.582727272727272,0.0822413300210815,0.09999999999999964,0.8695652173913012,0.007100342439619312
2023-01-23,HAY_POINT,DHAMRA,Coking Coal,Capesize,18.16,18.2,18.21,18.36,18.5,,18.225714285714286,0.06451282633633922,18.366363636363637,0.1278595008126169,18.366363636363637,0.1278595008126169,-0.16000000000000014,-0.8714596949891076,0.006961612181056209
2023-01-23,GLADSTONE,PARADIP,Coking Coal,Panamax,21.34,21.38,21.43,21.59,21.79,,21.48857142857143,0.07151423434733582,21.615454545454547,0.12879393925134264,21.615454545454547,0.12879393925134264,-0.21000000000000085,-0.9726725335803652,0.0059584191940310754
2023-01-23,MAPUTO,VISAKHAPATNAM,Coking Coal,Panamax,19.37,19.38,19.51,19.54,19.63,,19.488571428571426,0.056987885095153755,19.597272727272728,0.09592565663956316,19.597272727272728,0.09592565663956316,-0.16000000000000014,-0.8188331627430918,0.004894847256274967
2023-01-24,BALIKPAPAN,KAMARAJAR,Thermal Coal,Supramax,10.7,10.74,10.7,10.61,10.91,,10.67,0.05597618541248195,10.812608695652173,0.11955285599053636,10.812608695652173,0.11955285599053636,0.13000000000000078,1.2252591894439284,0.011056800385147518
2023-01-24,HAY_POINT,DHAMRA,Coking Coal,Capesize,18.13,18.16,18.18,18.25,18.45,,18.197142857142858,0.030394235042310813,18.35739130434783,0.13212313097686584,18.35739130434783,0.13212313097686584,-0.08999999999999986,-0.49315068493150604,0.007197271594116607
2023-01-24,TANJUNG_BARA,DHAMRA,Thermal Coal,Supramax,11.16,11.2,11.26,11.21,11.33,,11.217142857142857,0.04608480795022798,11.277826086956521,0.08251482080313775,11.277826086956521,0.08251482080313775,-0.010000000000001563,-0.08920606601250279,0.007316553754856272
2023-01-24,NEWCASTLE,DHAMRA,Thermal Coal,Panamax,21.8,21.82,21.87,22.0,22.32,,21.90857142857143,0.059561892579166685,22.112608695652174,0.1712313000089839,22.112608695652174,0.1712313000089839,-0.17999999999999972,-0.8181818181818169,0.007743604672145795
2023-01-24,RICHARDS_BAY,PARADIP,Thermal Coal,Capesize,16.55,16.55,16.59,16.61,16.7,,16.592857142857145,0.030937725468170942,16.645217391304346,0.0657038510852348,16.645217391304346,0.0657038510852348,-0.05999999999999872,-0.36122817579770455,0.003947311082855502
2023-01-24,HAY_POINT,PARADIP,Coking Coal,Capesize,18.36,18.37,18.46,18.54,18.64,,18.48,0.060553007081968695,18.609565217391307,0.11933445211861722,18.609565217391307,0.11933445211861722,-0.16999999999999815,-0.9169363538295477,0.006412533056231475
2023-01-24,GLADSTONE,PARADIP,Coking Coal,Panamax,21.35,21.34,21.46,21.55,21.71,,21.45285714285714,0.07476948702830748,21.603478260869565,0.13832138780431033,21.603478260869565,0.13832138780431033,-0.21000000000000085,-0.9744779582366629,0.006402736917362618
2023-01-24,HAY_POINT,VISAKHAPATNAM,Coking Coal,Capesize,17.52,17.53,17.67,17.77,17.99,,17.678571428571427,0.08008923594519295,17.858695652173914,0.14359996036420233,17.858695652173914,0.14359996036420233,-0.23999999999999844,-1.3505908835115277,0.008040898571823867
2023-01-24,TANJUNG_BARA,PARADIP,Thermal Coal,Supramax,11.52,11.57,11.55,11.55,11.62,,11.55857142857143,0.021930626551757346,11.582173913043478,0.08039428528645207,11.582173913043478,0.08039428528645207,0.019999999999999574,0.17316017316016946,0.006941208609889251
2023-01-24,MAPUTO,VISAKHAPATNAM,Coking Coal,Panamax,19.36,19.37,19.5,19.55,19.66,,19.464285714285715,0.06679749068568365,19.587391304347825,0.10502023144069617,19.587391304347825,0.10502023144069617,-0.17999999999999972,-0.9207161125319678,0.005361624210641299
2023-01-25,HAY_POINT,PARADIP,Coking Coal,Capesize,18.29,18.36,18.45,18.53,18.69,,18.454285714285714,0.06852180744289177,18.599166666666665,0.1273446766326205,18.599166666666665,0.1273446766326205,-0.1700000000000017,-0.9174311926605595,0.006846794747038157
2023-01-25,RICHARDS_BAY,PARADIP,Thermal Coal,Capesize,16.49,16.55,16.55,16.62,16.72,,16.584285714285716,0.03359421718945979,16.64125,0.06713467969232574,16.64125,0.06713467969232574,-0.07000000000000028,-0.42117930204572973,0.0040342329868444824
2023-01-25,GLADSTONE,PARADIP,Coking Coal,Panamax,21.31,21.35,21.38,21.51,21.69,,21.42428571428572,0.06948792289723084,21.592916666666667,0.14483811552952716,21.592916666666667,0.14483811552952716,-0.16000000000000014,-0.743840074384008,0.0067076679711877965
2023-01-25,MAPUTO,VISAKHAPATNAM,Coking Coal,Panamax,19.32,19.36,19.38,19.47,19.64,,19.437142857142856,0.06473388749700722,19.577916666666667,0.11271276177375078,19.577916666666667,0.11271276177375078,-0.10999999999999943,-0.5649717514124265,0.0057571376818482106
2023-01-25,TANJUNG_BARA,DHAMRA,Thermal Coal,Supramax,11.13,11.16,11.27,11.13,11.31,,11.209999999999999,0.050990195135926696,11.272916666666667,0.08420880707150415,11.272916666666667,0.08420880707150415,0.02999999999999936,0.2695417789757355,0.0074700106069713525
2023-01-25,HAY_POINT,VISAKHAPATNAM,Coking Coal,Capesize,17.54,17.52,17.64,17.74,18.05,,17.642857142857142,0.087885206512862,17.844583333333333,0.1565380677875715,17.844583333333333,0.1565380677875715,-0.21999999999999886,-1.2401352874859013,0.008772301648263283
2023-01-25,HAY_POINT,DHAMRA,Coking Coal,Capesize,18.17,18.13,18.2,18.21,18.54,,18.18,0.029439202887718466,18.347916666666666,0.13730255916632736,18.347916666666666,0.13730255916632736,-0.08000000000000185,-0.43931905546404093,0.007483277892566951
2023-01-25,NEWCASTLE,DHAMRA,Thermal Coal,Panamax,21.67,21.8,21.88,21.94,22.29,,21.88,0.05627314338704783,22.09958333333333,0.17921275106679047,22.09958333333333,0.17921275106679047,-0.14000000000000057,-0.638103919781224,0.008109327147199178
2023-01-25,TANJUNG_BARA,PARADIP,Thermal Coal,Supramax,11.5,11.52,11.6,11.55,11.59,,11.554285714285713,0.026367367999828355,11.579583333333334,0.0796448184218494,11.579583333333334,0.0796448184218494,-0.030000000000001137,-0.2597402597402696,0.0068780383653858634
2023-01-25,BALIKPAPAN,KAMARAJAR,Thermal Coal,Supramax,10.68,10.7,10.72,10.6,10.93,,10.682857142857143,0.04990467102862667,10.807916666666666,0.11916299274766301,10.807916666666666,0.11916299274766301,0.09999999999999964,0.943396226415091,0.011025528455005639
2023-01-26,MAPUTO,VISAKHAPATNAM,Coking Coal,Panamax,19.35,19.32,19.37,19.47,19.68,,19.415714285714284,0.07590721152765074,19.5676,0.12180175149260465,19.5676,0.12180175149260465,-0.14999999999999858,-0.7704160246533055,0.0062246648282162685
2023-01-26,HAY_POINT,DHAMRA,Coking Coal,Capesize,18.15,18.17,18.16,18.17,18.51,,18.174285714285713,0.026367367999776316,18.340799999999998,0.1390419600935858,18.340799999999998,0.1390419600935858,0.0,0.0,0.0075810193717605456
2023-01-26,BALIKPAPAN,KAMARAJAR,Thermal Coal,Supramax,10.72,10.68,10.74,10.63,10.91,,10.694285714285714,0.03457221565415471,10.8028,0.1194264069067916,10.8028,0.1194264069067916,0.049999999999998934,0.4703668861712034,0.011055134493537936
2023-01-26,NEWCASTLE,DHAMRA,Thermal Coal,Panamax,21.72,21.67,21.82,21.95,22.24,,21.841428571428573,0.09044861735230694,22.082399999999996,0.1953475535210681,22.082399999999996,0.1953475535210681,-0.2799999999999976,-1.275626423690194,0.008846300833291134
2023-01-26,HAY_POINT,PARADIP,Coking Coal,Capesize,18.31,18.29,18.37,18.48,18.74,,18.419999999999998,0.08286535263105915,18.5868,0.1391557879979609,18.5868,0.1391557879979609,-0.19000000000000128,-1.028138528138535,0.00748680719639534
2023-01-26,GLADSTONE,PARADIP,Coking Coal,Panamax,21.31,21.31,21.34,21.5,21.75,,21.395714285714284,0.06948792289723199,21.581599999999998,0.15266193588012195,21.581599999999998,0.15266193588012195,-0.19000000000000128,-0.883720930232564,0.007073707967904231
2023-01-26,HAY_POINT,VISAKHAPATNAM,Coking Coal,Capesize,17.55,17.54,17.53,17.73,17.97,,17.614285714285717,0.08343802947040059,17.8324,0.16490603384958263,17.8324,0.16490603384958263,-0.19000000000000128,-1.071630005640165,0.009247551302661595
2023-01-26,TANJUNG_BARA,DHAMRA,Thermal Coal,Supramax,11.17,11.13,11.2,11.22,11.33,,11.209999999999999,0.0509901951359267,11.2672,0.08725059694160639,11.2672,0.08725059694160639,-0.08999999999999986,-0.8021390374331537,0.00774376925426072
2023-01-26,TANJUNG_BARA,PARADIP,Thermal Coal,Supramax,11.46,11.5,11.57,11.56,11.52,,11.547142857142857,0.03352326839390557,11.576400000000001,0.07957595951877318,11.576400000000001,0.07957595951877318,-0.0600000000000005,-0.5190311418685164,0.006873981507098335
2023-01-26,RICHARDS_BAY,PARADIP,Thermal Coal,Capesize,16.48,16.49,16.55,16.62,16.7,,16.565714285714286,0.044668088108173666,16.6352,0.07234869268572329,16.6352,0.07234869268572329,-0.13000000000000256,-0.7821901323706532,0.0043491327237257914
2023-01-27,GLADSTONE,PARADIP,Coking Coal,Panamax,21.31,21.31,21.35,21.43,21.65,,21.368571428571425,0.05814595756329777,21.571153846153848,0.15877851046226393,21.571153846153848,0.15877851046226393,-0.120000000000001,-0.5599626691553943,0.007360686943066528
2023-01-27,TANJUNG_BARA,DHAMRA,Thermal Coal,Supramax,11.08,11.17,11.16,11.23,11.31,,11.202857142857143,0.0528249580262595,11.26346153846154,0.08758731906810736,11.26346153846154,0.08758731906810736,-0.0600000000000005,-0.5342831700801469,0.007776234576646035
2023-01-27,HAY_POINT,DHAMRA,Coking Coal,Capesize,18.18,18.15,18.13,18.21,18.46,,18.17142857142857,0.027945525240186547,18.33346153846154,0.1412782306710349,18.33346153846154,0.1412782306710349,-0.060000000000002274,-0.3294892915980355,0.007706031420997561
2023-01-27,HAY_POINT,PARADIP,Coking Coal,Capesize,18.25,18.31,18.36,18.53,18.67,,18.395714285714288,0.08715066319450226,18.576153846153847,0.14675358729726373,18.576153846153847,0.14675358729726373,-0.22000000000000242,-1.1872638963842548,0.007900106152902516
2023-01-27,HAY_POINT,VISAKHAPATNAM,Coking Coal,Capesize,17.57,17.55,17.52,17.67,17.88,,17.58857142857143,0.068173448259696,17.821538461538463,0.170802630136477,17.821538461538463,0.170802630136477,-0.120000000000001,-0.6791171477079851,0.009584056421677317
2023-01-27,RICHARDS_BAY,PARADIP,Thermal Coal,Capesize,16.4,16.48,16.55,16.61,16.72,,16.545714285714286,0.04755948656058593,16.62923076923077,0.07714521770910054,16.62923076923077,0.07714521770910054,-0.129999999999999,-0.7826610475617038,0.004639133269582325
2023-01-27,MAPUTO,VISAKHAPATNAM,Coking Coal,Panamax,19.3,19.35,19.36,19.51,19.65,,19.398571428571433,0.0751506423633062,19.55923076923077,0.12674140844800522,19.55923076923077,0.12674140844800522,-0.16000000000000014,-0.8200922603792934,0.006479876941141573
2023-01-27,TANJUNG_BARA,PARADIP,Thermal Coal,Supramax,11.45,11.46,11.52,11.53,11.48,,11.532857142857143,0.046084807950233,11.571923076923078,0.08124133089846533,11.571923076923078,0.08124133089846533,-0.06999999999999851,-0.6071118820468214,0.0070205557329082275
2023-01-27,NEWCASTLE,DHAMRA,Thermal Coal,Panamax,21.68,21.72,21.8,21.9,22.16,,21.80857142857143,0.08610624666234586,22.068461538461538,0.20417036626684706,22.068461538461538,0.20417036626684706,-0.17999999999999972,-0.8219178082191768,0.00925168099783545
2023-01-27,BALIKPAPAN,KAMARAJAR,Thermal Coal,Supramax,10.75,10.72,10.7,10.69,10.85,,10.707142857142856,0.020586634591618733,10.799615384615386,0.11813486426049702,10.799615384615386,0.11813486426049702,0.030000000000001137,0.28063610851263926,0.01093880291596183
2023-01-28,HAY_POINT,DHAMRA,Coking Coal,Capesize,18.17,18.18,18.17,18.18,18.43,,18.167142857142856,0.0228868854107979,18.32777777777778,0.1416478117166032,18.32777777777778,0.1416478117166032,0.0,0.0,0.007728586271290868
2023-01-28,HAY_POINT,PARADIP,Coking Coal,Capesize,18.23,18.25,18.29,18.46,18.66,,18.35571428571429,0.07913219801009314,18.564074074074075,0.15699728707257482,18.564074074074075,0.15699728707257482,-0.21000000000000085,-1.1375947995666351,0.008457049160983022
2023-01-28,HAY_POINT,VISAKHAPATNAM,Coking Coal,Capesize,17.57,17.57,17.54,17.67,17.87,,17.574285714285715,0.05798193478923387,17.81222222222222,0.17434125098458925,17.81222222222222,0.17434125098458925,-0.10000000000000142,-0.5659309564233244,0.009787731637834841
2023-01-28,MAPUTO,VISAKHAPATNAM,Coking Coal,Panamax,19.28,19.3,19.32,19.5,19.63,,19.368571428571432,0.06440201120785743,19.54962962962963,0.13391965103924205,19.54962962962963,0.13391965103924205,-0.1999999999999993,-1.025641025641022,0.0068502398038411925
2023-01-28,GLADSTONE,PARADIP,Coking Coal,Panamax,21.3,21.31,21.31,21.46,21.65,,21.351428571428567,0.054598098693571635,21.56148148148148,0.16360608658283926,21.56148148148148,0.16360608658283926,-0.15000000000000213,-0.6989748369058812,0.007587887071830185
2023-01-28,RICHARDS_BAY,PARADIP,Thermal Coal,Capesize,16.41,16.4,16.49,16.59,16.68,,16.51571428571429,0.06373307431708651,16.62074074074074,0.08757089110349907,16.62074074074074,0.08757089110349907,-0.19000000000000128,-1.1452682338758366,0.005268771859779114
2023-01-28,NEWCASTLE,DHAMRA,Thermal Coal,Panamax,21.73,21.68,21.67,21.87,22.08,,21.777142857142856,0.08731442906988475,22.054074074074077,0.213708270947161,22.054074074074077,0.213708270947161,-0.19000000000000128,-0.8687700045724795,0.009690194665591888
2023-01-28,TANJUNG_BARA,PARADIP,Thermal Coal,Supramax,11.46,11.45,11.5,11.55,11.45,,11.52142857142857,0.055805785670359445,11.567407407407407,0.0830473726066406,11.567407407407407,0.0830473726066406,-0.10000000000000142,-0.8658008658008781,0.007179428343939857
2023-01-28,TANJUNG_BARA,DHAMRA,Thermal Coal,Supramax,11.08,11.08,11.13,11.26,11.29,,11.18142857142857,0.06817344825970711,11.256666666666668,0.09286052402973449,11.256666666666668,0.09286052402973449,-0.17999999999999972,-1.598579040852573,0.008249380280995068
2023-01-28,BALIKPAPAN,KAMARAJAR,Thermal Coal,Supramax,10.82,10.75,10.68,10.7,10.84,,10.715714285714284,0.024397501823698882,10.797777777777778,0.1162336285687422,10.797777777777778,0.1162336285687422,0.05000000000000071,0.4672897196261749,0.01076458795141675
2023-01-29,MAPUTO,VISAKHAPATNAM,Coking Coal,Panamax,19.21,19.28,19.35,19.38,19.61,,19.337142857142858,0.03773340063931219,19.54,0.1409491634124377,19.54,0.1409491634124377,-0.09999999999999787,-0.5159958720330127,0.007213365578937447
2023-01-29,HAY_POINT,VISAKHAPATNAM,Coking Coal,Capesize,17.54,17.57,17.55,17.64,17.86,,17.56,0.03999999999997558,17.803571428571427,0.17710039600336883,17.803571428571427,0.17710039600336883,-0.07000000000000028,-0.39682539682539847,0.00994746456989835
2023-01-29,TANJUNG_BARA,PARADIP,Thermal Coal,Supramax,11.45,11.46,11.46,11.6,11.52,,11.508571428571429,0.0584318895320534,11.563571428571427,0.0839847554824044,11.563571428571427,0.0839847554824044,-0.1399999999999988,-1.2068965517241275,0.007262873412524936
2023-01-29,NEWCASTLE,DHAMRA,Thermal Coal,Panamax,21.72,21.73,21.72,21.88,22.09,,21.75714285714286,0.07804150299978953,22.042499999999997,0.21847323761860565,22.042499999999997,0.21847323761860565,-0.14999999999999858,-0.6855575868372878,0.0099114545817673
2023-01-29,HAY_POINT,DHAMRA,Coking Coal,Capesize,18.11,18.17,18.15,18.2,18.41,,18.165714285714284,0.022253945610510365,18.322142857142858,0.14216206565062503,18.322142857142858,0.14216206565062503,-0.029999999999997584,-0.16483516483515157,0.007759030521651204
2023-01-29,TANJUNG_BARA,DHAMRA,Thermal Coal,Supramax,11.14,11.08,11.17,11.27,11.25,,11.155714285714286,0.06754187413675135,11.250357142857142,0.09704837063746206,11.250357142857142,0.09704837063746206,-0.1899999999999995,-1.685891748003545,0.008626247985298683
2023-01-29,HAY_POINT,PARADIP,Coking Coal,Capesize,18.32,18.23,18.31,18.45,18.6,,18.322857142857142,0.07631388814503932,18.552142857142858,0.16649673877035678,18.552142857142858,0.16649673877035678,-0.21999999999999886,-1.192411924119235,0.008974528713606418
2023-01-29,RICHARDS_BAY,PARADIP,Thermal Coal,Capesize,16.46,16.41,16.48,16.55,16.62,,16.490000000000002,0.06506407098650083,16.613214285714285,0.09471413408656126,16.613214285714285,0.09471413408656126,-0.14000000000000057,-0.8459214501510609,0.0057011323912198025
2023-01-29,BALIKPAPAN,KAMARAJAR,Thermal Coal,Supramax,10.8,10.82,10.72,10.72,10.8,,10.732857142857144,0.04498677054211379,10.79857142857143,0.11413813222369262,10.79857142857143,0.11413813222369262,0.09999999999999964,0.932835820895519,0.010569743690512612
2023-01-29,GLADSTONE,PARADIP,Coking Coal,Panamax,21.27,21.3,21.31,21.38,21.62,,21.328571428571426,0.02911389784312173,21.552142857142858,0.16798053553153192,21.552142857142858,0.16798053553153192,-0.0799999999999983,-0.3741814780168302,0.0077941454195520725
2023-01-30,HAY_POINT,VISAKHAPATNAM,Coking Coal,Capesize,17.55,17.54,17.57,17.53,17.78,,17.545714285714286,0.019023794624174674,17.79448275862069,0.18066516398529175,17.79448275862069,0.18066516398529175,0.00999999999999801,0.057045065601814084,0.010152875272408072
2023-01-30,TANJUNG_BARA,DHAMRA,Thermal Coal,Supramax,11.11,11.14,11.08,11.2,11.2,,11.137142857142859,0.04498677054212285,11.24655172413793,0.09747805108510177,11.24655172413793,0.09747805108510177,-0.05999999999999872,-0.5357142857142744,0.008667372317853599
2023-01-30,HAY_POINT,PARADIP,Coking Coal,Capesize,18.31,18.32,18.25,18.37,18.57,,18.304285714285715,0.052235729425132264,18.54413793103448,0.16908402901219124,18.54413793103448,0.16908402901219124,-0.05000000000000071,-0.2721829069134497,0.009117923391263242
2023-01-30,HAY_POINT,DHAMRA,Coking Coal,Capesize,18.06,18.11,18.18,18.16,18.36,,18.15285714285714,0.024976179127459062,18.314827586206896,0.14505222433058707,18.314827586206896,0.14505222433058707,-0.05000000000000071,-0.27533039647577484,0.007919933925003342
2023-01-30,NEWCASTLE,DHAMRA,Thermal Coal,Panamax,21.68,21.72,21.68,21.82,22.06,,21.734285714285715,0.05652643713544745,22.031379310344825,0.22273822139663468,22.031379310344825,0.22273822139663468,-0.10000000000000142,-0.4582951420715005,0.010110044326278203
2023-01-30,TANJUNG_BARA,PARADIP,Thermal Coal,Supramax,11.48,11.45,11.45,11.57,11.5,,11.487142857142858,0.045355736761112,11.559655172413795,0.08512523373665021,11.559655172413795,0.08512523373665021,-0.120000000000001,-1.037165082108911,0.007363994208044792
2023-01-30,MAPUTO,VISAKHAPATNAM,Coking Coal,Panamax,19.24,19.21,19.3,19.37,19.54,,19.312857142857144,0.05589105048043254,19.528620689655174,0.15136814483548158,19.528620689655174,0.15136814483548158,-0.16000000000000014,-0.8260196179659275,0.007751092472990951
2023-01-30,BALIKPAPAN,KAMARAJAR,Thermal Coal,Supramax,10.82,10.8,10.75,10.74,10.66,,10.744285714285713,0.05094347941824709,10.798620689655174,0.11208173477840123,10.798620689655174,0.11208173477840123,0.0600000000000005,0.5586592178770996,0.010379263981905848
2023-01-30,RICHARDS_BAY,PARADIP,Thermal Coal,Capesize,16.49,16.46,16.4,16.55,16.66,,16.477142857142855,0.05992058236098454,16.607931034482757,0.09726177161016893,16.607931034482757,0.09726177161016893,-0.08999999999999986,-0.5438066465256789,0.005856344863681455
2023-01-30,GLADSTONE,PARADIP,Coking Coal,Panamax,21.19,21.27,21.31,21.34,21.59,,21.312857142857144,0.026276913640626,21.54241379310345,0.1730742031700728,21.54241379310345,0.1730742031700728,-0.07000000000000028,-0.32802249297094793,0.008034113764237528
2023-01-31,TANJUNG_BARA,DHAMRA,Thermal Coal,Supramax,11.14,11.11,11.08,11.16,11.21,11.15,11.124285714285715,0.03598941643369968,11.241999999999999,0.09897404745167024,11.241999999999999,0.09897404745167024,-0.05000000000000071,-0.44802867383513184,0.008803953696110145
2023-01-31,HAY_POINT,VISAKHAPATNAM,Coking Coal,Capesize,17.59,17.55,17.57,17.52,17.77,17.83,17.548571428571428,0.017728105208502647,17.786333333333335,0.1830485771842963,17.786333333333335,0.1830485771842963,0.030000000000001137,0.17123287671233525,0.010291529667963957
2023-01-31,HAY_POINT,PARADIP,Coking Coal,Capesize,18.38,18.31,18.23,18.36,18.54,18.48,18.295714285714286,0.04391550328273154,18.536333333333335,0.1715544215117478,18.536333333333335,0.1715544215117478,-0.05000000000000071,-0.27233115468409974,0.009255035417562684
2023-01-31,HAY_POINT,DHAMRA,Coking Coal,Capesize,18.11,18.06,18.17,18.13,18.25,18.21,18.138571428571428,0.04259443290247023,18.306333333333335,0.14993063530279122,18.306333333333335,0.14993063530279122,-0.07000000000000028,-0.38610038610038766,0.008190096431260103
2023-01-31,MAPUTO,VISAKHAPATNAM,Coking Coal,Panamax,19.27,19.24,19.28,19.36,19.55,19.5,19.294285714285714,0.055334480768333236,19.519,0.15779406046249259,19.519,0.15779406046249259,-0.120000000000001,-0.6198347107438068,0.008084126259669686
2023-01-31,TANJUNG_BARA,PARADIP,Thermal Coal,Supramax,11.49,11.48,11.46,11.52,11.55,11.51,11.474285714285713,0.026992062325281577,11.556999999999999,0.0848995349485666,11.556999999999999,0.0848995349485666,-0.03999999999999915,-0.3472222222222148,0.007346156870171031
2023-01-31,RICHARDS_BAY,PARADIP,Thermal Coal,Capesize,16.45,16.49,16.41,16.55,16.61,16.5,16.46857142857143,0.0514550196542819,16.604,0.0979655111726073,16.604,0.0979655111726073,-0.060000000000002274,-0.36253776435046686,0.0059001151031442605
2023-01-31,BALIKPAPAN,KAMARAJAR,Thermal Coal,Supramax,10.83,10.82,10.82,10.7,10.61,10.81,10.755714285714287,0.058268671644695506,10.799333333333333,0.11020148735880053,10.799333333333333,0.11020148735880053,0.120000000000001,1.1214953271028132,0.010204471327748675
2023-01-31,NEWCASTLE,DHAMRA,Thermal Coal,Panamax,21.69,21.68,21.73,21.8,22.0,21.98,21.714285714285715,0.044668088108037185,22.01966666666667,0.2280726341251444,22.01966666666667,0.2280726341251444,-0.120000000000001,-0.5504587155963349,0.010357678777690142
2023-01-31,GLADSTONE,PARADIP,Coking Coal,Panamax,21.2,21.19,21.3,21.35,21.55,21.46,21.291428571428572,0.05047394424472638,21.530666666666665,0.18182851590276558,21.530666666666665,0.18182851590276558,-0.16000000000000014,-0.7494145199063238,0.008445094558278065
2023-02-01,HAY_POINT,PARADIP,Coking Coal,Capesize,18.37,18.38,18.32,18.29,18.53,18.53,18.298571428571428,0.049135381491242025,18.533,0.17364549697786652,18.531290322580645,0.1709920453409838,0.08999999999999986,0.4920721705850184,0.00936952986445079
2023-02-01,TANJUNG_BARA,DHAMRA,Thermal Coal,Supramax,11.11,11.14,11.14,11.13,11.13,11.16,11.121428571428572,0.033380918415853715,11.241666666666667,0.09931084370883614,11.238709677419354,0.09901992848189241,0.009999999999999787,0.08984725965857848,0.008834174384774155
2023-02-01,RICHARDS_BAY,PARADIP,Thermal Coal,Capesize,16.48,16.45,16.46,16.49,16.62,16.59,16.454285714285714,0.03690399384766498,16.602333333333334,0.10019578535197346,16.59903225806452,0.10021160407556477,-0.03999999999999915,-0.24257125530624105,0.00603504238472344
2023-02-01,BALIKPAPAN,KAMARAJAR,Thermal Coal,Supramax,10.76,10.83,10.8,10.68,10.6,10.81,10.774285714285714,0.05826867164469475,10.8,0.11032866260905805,10.800322580645162,0.10848913527684786,0.15000000000000036,1.4044943820224753,0.010215616908246116
2023-02-01,TANJUNG_BARA,PARADIP,Thermal Coal,Supramax,11.39,11.49,11.45,11.5,11.55,11.52,11.47,0.020000000000011772,11.556333333333333,0.08535860796676054,11.55483870967742,0.08433547959358324,-0.009999999999999787,-0.08695652173912859,0.007386305457333111
2023-02-01,MAPUTO,VISAKHAPATNAM,Coking Coal,Panamax,19.28,19.27,19.21,19.32,19.47,19.56,19.28142857142857,0.04740906081768557,19.511333333333333,0.1642062062192502,19.510967741935485,0.16145907301252505,-0.05000000000000071,-0.2587991718426538,0.008415939772743202
2023-02-01,HAY_POINT,VISAKHAPATNAM,Coking Coal,Capesize,17.62,17.59,17.54,17.54,17.74,17.88,17.55857142857143,0.018644544714662523,17.77833333333333,0.18629015805593613,17.779999999999998,0.18339392937971866,0.05000000000000071,0.28506271379703946,0.010478493937710857
2023-02-01,HAY_POINT,DHAMRA,Coking Coal,Capesize,18.07,18.11,18.11,18.17,18.21,18.27,18.135714285714286,0.043915503282653034,18.302999999999997,0.15322172349808583,18.299999999999997,0.15156956598649032,-0.060000000000002274,-0.3302146395156977,0.008371399415291803
2023-02-01,NEWCASTLE,DHAMRA,Thermal Coal,Panamax,21.7,21.69,21.72,21.67,21.94,22.06,21.69857142857143,0.024102953780426987,22.009999999999998,0.23582576853144918,22.009032258064515,0.2319246262432364,0.019999999999999574,0.09229349330871976,0.010714482895567888
2023-02-01,GLADSTONE,PARADIP,Coking Coal,Panamax,21.17,21.2,21.27,21.31,21.51,21.5,21.27,0.05322906474224408,21.522,0.1912643954465056,21.52,0.1883790504983681,-0.10999999999999943,-0.5161895823556989,0.00888692479539567
2023-02-02,HAY_POINT,VISAKHAPATNAM,Coking Coal,Capesize,17.68,17.62,17.55,17.55,17.73,17.97,17.57,0.027688746209690796,17.769666666666662,0.18744163842671652,17.775,0.18261540761056858,0.07000000000000028,0.3988603988604005,0.010548404871225303
2023-02-02,RICHARDS_BAY,PARADIP,Thermal Coal,Capesize,16.45,16.48,16.49,16.48,16.62,16.62,16.452857142857145,0.03545621041717013,16.598666666666666,0.10264546728435138,16.5953125,0.10080272573759562,0.0,0.0,0.006183958588100533
2023-02-02,BALIKPAPAN,KAMARAJAR,Thermal Coal,Supramax,10.73,10.76,10.82,10.72,10.63,10.86,10.785714285714286,0.042370250120068925,10.798333333333334,0.11054982753408533,10.7990625,0.10696274223207994,0.03999999999999915,0.373134328358201,0.010237675030166878
2023-02-02,HAY_POINT,PARADIP,Coking Coal,Capesize,18.35,18.37,18.31,18.31,18.48,18.62,18.31,0.05567764362833758,18.52766666666667,0.17617944091834178,18.52625,0.17061085697026912,0.060000000000002274,0.3276897870016509,0.00950899236736098
2023-02-02,NEWCASTLE,DHAMRA,Thermal Coal,Panamax,21.72,21.7,21.68,21.72,21.95,22.16,21.70285714285714,0.020586634591370678,21.998,0.24226517247244572,21.999375,0.23460244340503641,-0.019999999999999574,-0.09208103130754869,0.011013054480973075
2023-02-02,TANJUNG_BARA,PARADIP,Thermal Coal,Supramax,11.36,11.39,11.48,11.46,11.56,11.59,11.454285714285716,0.0320713490294997,11.552,0.09041666004555385,11.5496875,0.0879326859481993,-0.07000000000000028,-0.6108202443281001,0.007826926943001545
2023-02-02,MAPUTO,VISAKHAPATNAM,Coking Coal,Panamax,19.27,19.28,19.24,19.35,19.47,19.65,19.275714285714287,0.044293394111318156,19.502000000000002,0.16922541587867274,19.50375,0.16399744293836388,-0.07000000000000028,-0.3617571059431539,0.008677336472088643
2023-02-02,HAY_POINT,DHAMRA,Coking Coal,Capesize,18.06,18.07,18.06,18.15,18.17,18.37,18.12142857142857,0.047056197405684244,18.296333333333333,0.15895094305744223,18.2928125,0.15454896655919703,-0.0799999999999983,-0.44077134986224964,0.008687584564709262
2023-02-02,GLADSTONE,PARADIP,Coking Coal,Panamax,21.19,21.17,21.19,21.31,21.5,21.6,21.25,0.061373175465078235,21.511,0.2017740286079695,21.5090625,0.19537159589835734,-0.13999999999999702,-0.656968559361788,0.009380039449954419
2023-02-02,TANJUNG_BARA,DHAMRA,Thermal Coal,Supramax,11.06,11.11,11.11,11.17,11.22,11.28,11.118571428571428,0.0333809184158538,11.24,0.1011315292423511,11.2346875,0.10003174899226527,-0.0600000000000005,-0.5371530886302641,0.008997467014444047
2023-02-03,GLADSTONE,PARADIP,Coking Coal,Panamax,21.2,21.19,21.2,21.31,21.43,21.62,21.232857142857142,0.058513327745140294,21.497333333333337,0.20928339692838793,21.49939393939394,0.20015524277950184,-0.11999999999999744,-0.5631159080243897,0.009735318966463494
2023-02-03,BALIKPAPAN,KAMARAJAR,Thermal Coal,Supramax,10.74,10.73,10.83,10.75,10.69,10.93,10.787142857142857,0.03988077469753198,10.794,0.11059712536016014,10.796969696969697,0.10596240042123543,-0.019999999999999574,-0.18604651162790303,0.010246166885321487
2023-02-03,NEWCASTLE,DHAMRA,Thermal Coal,Panamax,21.7,21.72,21.69,21.68,21.9,22.27,21.70285714285714,0.020586634591370678,21.983333333333334,0.24541777657185251,21.990909090909092,0.23597356361947236,0.03999999999999915,0.18450184501844624,0.011163810913048635
2023-02-03,TANJUNG_BARA,PARADIP,Thermal Coal,Supramax,11.39,11.36,11.49,11.45,11.53,11.69,11.44,0.04760952285695944,11.544333333333332,0.09662167006648666,11.543939393939393,0.09263299202833382,-0.08999999999999986,-0.7860262008733613,0.008369618866383507
2023-02-03,HAY_POINT,VISAKHAPATNAM,Coking Coal,Capesize,17.69,17.68,17.59,17.57,17.67,17.98,17.58857142857143,0.04810702354421499,17.76,0.18420378520203837,17.772121212121213,0.1804985729818515,0.10999999999999943,0.6260671599316986,0.010371834752367024
2023-02-03,MAPUTO,VISAKHAPATNAM,Coking Coal,Panamax,19.24,19.27,19.27,19.3,19.51,19.66,19.264285714285712,0.029920529661646895,19.48933333333333,0.17196497905965627,19.496666666666666,0.16646446067153786,-0.030000000000001137,-0.1554404145077779,0.008823543428524473
2023-02-03,TANJUNG_BARA,DHAMRA,Thermal Coal,Supramax,11.06,11.06,11.14,11.08,11.23,11.33,11.102857142857143,0.030937725468157172,11.232666666666667,0.10599067406383315,11.229393939393939,0.10304548127948725,-0.019999999999999574,-0.18050541516245103,0.009435931574321902
2023-02-03,HAY_POINT,DHAMRA,Coking Coal,Capesize,18.02,18.06,18.11,18.18,18.21,18.4,18.108571428571427,0.050142653642208636,18.285999999999998,0.16399327151882756,18.285757575757575,0.15742121646696497,-0.120000000000001,-0.6600660066006655,0.008968241907406081
2023-02-03,RICHARDS_BAY,PARADIP,Thermal Coal,Capesize,16.45,16.45,16.45,16.4,16.61,16.65,16.44857142857143,0.033380918415908525,16.593,0.1060627660624944,16.59090909090909,0.10238907523399464,0.05000000000000071,0.30487804878049213,0.006392018686343302
2023-02-03,HAY_POINT,PARADIP,Coking Coal,Capesize,18.37,18.35,18.38,18.25,18.53,18.67,18.315714285714282,0.05769377287520351,18.518666666666668,0.17818497427525135,18.520909090909093,0.1707037572148702,0.10000000000000142,0.5479452054794599,0.009621911635570487
2023-02-04,TANJUNG_BARA,DHAMRA,Thermal Coal,Supramax,11.09,11.06,11.11,11.08,11.26,11.38,11.1,0.03415650255320172,11.223666666666666,0.10886509631375091,11.224411764705883,0.10554881612159446,-0.019999999999999574,-0.18050541516245103,0.009699601702986331
2023-02-04,HAY_POINT,PARADIP,Coking Coal,Capesize,18.37,18.37,18.37,18.23,18.46,18.76,18.33285714285714,0.05250850271286402,18.50866666666667,0.1778169018252018,18.516470588235297,0.17007809886871283,0.14000000000000057,0.7679648930334644,0.009607223741591422
2023-02-04,TANJUNG_BARA,PARADIP,Thermal Coal,Supramax,11.38,11.39,11.39,11.46,11.55,11.73,11.431428571428572,0.05080307452264187,11.534333333333333,0.09655026681987379,11.539411764705882,0.09496223097602069,-0.07000000000000028,-0.6108202443281001,0.008370684636003278
2023-02-04,RICHARDS_BAY,PARADIP,Thermal Coal,Capesize,16.39,16.45,16.48,16.41,16.59,16.67,16.455714285714286,0.025727509827196106,16.586333333333332,0.10861140263162508,16.586764705882356,0.10368134715020084,0.03999999999999915,0.24375380865325502,0.006548246707025368
2023-02-04,MAPUTO,VISAKHAPATNAM,Coking Coal,Panamax,19.3,19.24,19.28,19.28,19.5,19.72,19.255714285714284,0.026367367999731023,19.47533333333333,0.17466684215135428,19.489117647058823,0.16973004675087072,-0.0400000000000027,-0.2074688796680638,0.008968618876083643
2023-02-04,NEWCASTLE,DHAMRA,Thermal Coal,Panamax,21.67,21.7,21.7,21.73,21.87,22.29,21.705714285714286,0.018126539343199504,21.964333333333332,0.24452181812719773,21.98235294117647,0.23766616290731798,-0.030000000000001137,-0.13805798435343367,0.011132676526817617
2023-02-04,HAY_POINT,VISAKHAPATNAM,Coking Coal,Capesize,17.63,17.69,17.62,17.57,17.67,18.01,17.60571428571429,0.060237624692291145,17.750333333333334,0.17981759595793764,17.76970588235294,0.17829980360154438,0.120000000000001,0.6829823562891348,0.010130378544512082
2023-02-04,BALIKPAPAN,KAMARAJAR,Thermal Coal,Supramax,10.73,10.74,10.76,10.82,10.7,10.93,10.785714285714286,0.04157609203100454,10.787666666666667,0.10794900882243942,10.79529411764706,0.10480097426442923,-0.08000000000000007,-0.739371534195934,0.010006706005849837
2023-02-04,HAY_POINT,DHAMRA,Coking Coal,Capesize,17.97,18.02,18.07,18.17,18.18,18.47,18.085714285714285,0.04859943170347904,18.273333333333333,0.1694684048130644,18.27794117647059,0.16157894049254928,-0.15000000000000213,-0.8255365987892246,0.009274082715052777
2023-02-04,GLADSTONE,PARADIP,Coking Coal,Panamax,21.2,21.2,21.17,21.3,21.46,21.71,21.217142857142854,0.04820590756131802,21.483333333333334,0.21477066089577843,21.49058823529412,0.20367742137657238,-0.10000000000000142,-0.46948356807512404,0.009997082741463697
2023-02-05,RICHARDS_BAY,PARADIP,Thermal Coal,Capesize,16.35,16.39,16.45,16.46,16.55,16.7,16.45285714285714,0.03199702367116802,16.576999999999998,0.1131111750935077,16.581142857142858,0.10742360975489977,-0.07000000000000028,-0.4252733900364537,0.006823380291579159
2023-02-05,NEWCASTLE,DHAMRA,Thermal Coal,Panamax,21.71,21.67,21.72,21.72,21.88,22.27,21.697142857142858,0.018898223650170697,21.943666666666665,0.24223789010454017,21.97342857142857,0.24002380834289966,-0.04999999999999716,-0.23020257826886353,0.011039079921520568
2023-02-05,MAPUTO,VISAKHAPATNAM,Coking Coal,Panamax,19.28,19.3,19.27,19.21,19.38,19.75,19.25857142857143,0.030237157840659487,19.461333333333332,0.17117712813165828,19.483714285714285,0.1702435230569915,0.08999999999999986,0.46850598646538183,0.008795755419206887
2023-02-05,TANJUNG_BARA,PARADIP,Thermal Coal,Supramax,11.35,11.38,11.36,11.45,11.6,11.67,11.42,0.05228129047120103,11.522666666666668,0.09317885409563226,11.534857142857144,0.09735838670697568,-0.06999999999999851,-0.61135371179038,0.008086570304527214
2023-02-05,HAY_POINT,PARADIP,Coking Coal,Capesize,18.35,18.37,18.35,18.32,18.45,18.77,18.352857142857143,0.027516228977581055,18.49566666666667,0.17299956813447134,18.512285714285717,0.16937750587312056,0.05000000000000071,0.27292576419214365,0.00935351892161072
2023-02-05,BALIKPAPAN,KAMARAJAR,Thermal Coal,Supramax,10.69,10.73,10.73,10.8,10.72,10.94,10.772857142857143,0.04309458036855793,10.781,0.10499096841288727,10.79342857142857,0.10383649072807995,-0.07000000000000028,-0.6481481481481507,0.0097385185430746
2023-02-05,HAY_POINT,DHAMRA,Coking Coal,Capesize,18.01,17.97,18.06,18.11,18.2,18.49,18.057142857142857,0.049569575922522466,18.256666666666664,0.1739863913293672,18.269142857142857,0.16747908435825218,-0.14000000000000057,-0.7730535615681975,0.009530019609057909
2023-02-05,GLADSTONE,PARADIP,Coking Coal,Panamax,21.21,21.2,21.19,21.27,21.38,21.76,21.20285714285714,0.031471831698792,21.466333333333335,0.21638859255632253,21.482285714285712,0.20658406228437917,-0.07000000000000028,-0.32910202162670565,0.010080370466450838
2023-02-05,TANJUNG_BARA,DHAMRA,Thermal Coal,Supramax,11.1,11.09,11.06,11.14,11.27,11.4,11.10142857142857,0.03338091841585425,11.214,0.10736980889462794,11.220571428571429,0.10643813052779544,-0.05000000000000071,-0.4488330341113169,0.009574621802624214
2023-02-05,HAY_POINT,VISAKHAPATNAM,Coking Coal,Capesize,17.63,17.63,17.68,17.54,17.64,18.02,17.614285714285714,0.05855400437689338,17.737666666666666,0.17419139955279417,17.765714285714285,0.17723838573557138,0.08999999999999986,0.5131128848346629,0.009820423555491752
2023-02-06,GLADSTONE,PARADIP,Coking Coal,Panamax,21.21,21.21,21.2,21.19,21.34,21.8,21.194285714285716,0.012724180205644801,21.448,0.21393521417024725,21.474722222222223,0.20860743872658,0.019999999999999574,0.09438414346389605,0.009974599690891796
2023-02-06,BALIKPAPAN,KAMARAJAR,Thermal Coal,Supramax,10.66,10.69,10.74,10.82,10.74,10.94,10.757142857142856,0.05089672082242222,10.772666666666668,0.10180892628480318,10.790555555555555,0.10378396365099507,-0.13000000000000078,-1.201478743068399,0.009450670798143743
2023-02-06,HAY_POINT,VISAKHAPATNAM,Coking Coal,Capesize,17.63,17.63,17.69,17.55,17.53,17.96,17.627142857142854,0.048550415622737306,17.724666666666664,0.16678983954280033,17.761944444444442,0.17614635869792947,0.0799999999999983,0.4558404558404461,0.00941004097168543
2023-02-06,HAY_POINT,PARADIP,Coking Coal,Capesize,18.34,18.35,18.37,18.31,18.37,18.78,18.357142857142858,0.023603873774163266,18.481666666666666,0.16692107020433936,18.507777777777775,0.16911722242467092,0.0400000000000027,0.21845985800110707,0.009031710895716803
2023-02-06,NEWCASTLE,DHAMRA,Thermal Coal,Panamax,21.72,21.71,21.7,21.68,21.82,22.28,21.695714285714285,0.017182493859364927,21.925,0.2377589332597788,21.96611111111111,0.2406096753520447,0.030000000000001137,0.13837638376384287,0.01084419307912332
2023-02-06,RICHARDS_BAY,PARADIP,Thermal Coal,Capesize,16.35,16.35,16.45,16.49,16.55,16.7,16.437142857142856,0.049904671028673776,16.56533333333333,0.11793432811156378,16.574722222222224,0.11266856859482256,-0.13999999999999702,-0.8489993935718438,0.007119345306155251
2023-02-06,TANJUNG_BARA,PARADIP,Thermal Coal,Supramax,11.35,11.35,11.39,11.48,11.57,11.69,11.405714285714286,0.05623081683477136,11.512,0.09404327690502388,11.529722222222222,0.10078225782380369,-0.13000000000000078,-1.132404181184676,0.008169151920172332
2023-02-06,TANJUNG_BARA,DHAMRA,Thermal Coal,Supramax,11.11,11.1,11.06,11.11,11.2,11.43,11.095714285714285,0.028784916685160523,11.204,0.10334408546211035,11.217222222222222,0.10681388649986602,-0.009999999999999787,-0.0900090009000881,0.00922385625331224
2023-02-06,MAPUTO,VISAKHAPATNAM,Coking Coal,Panamax,19.29,19.28,19.24,19.24,19.37,19.7,19.268571428571427,0.021930626551650362,19.445666666666668,0.16525181063921887,19.478055555555557,0.17119444991745178,0.0400000000000027,0.20790020790022196,0.008498130378964578
2023-02-06,HAY_POINT,DHAMRA,Coking Coal,Capesize,18.06,18.01,18.02,18.06,18.16,18.5,18.04285714285714,0.04608480795018188,18.240666666666662,0.17385950200314365,18.261944444444442,0.1706260647388126,-0.04999999999999716,-0.276854928017703,0.009531422572446751
2023-02-07,BALIKPAPAN,KAMARAJAR,Thermal Coal,Supramax,10.67,10.66,10.73,10.83,10.7,10.93,10.734285714285715,0.053807416730760324,10.763333333333334,0.09872753636540227,10.787027027027028,0.104558990921788,-0.16999999999999993,-1.5697137580794083,0.009172580027754933
2023-02-07,MAPUTO,VISAKHAPATNAM,Coking Coal,Panamax,19.26,19.29,19.3,19.27,19.36,19.68,19.275714285714287,0.019023794624115308,19.432000000000002,0.16037456157383623,19.472972972972972,0.17160783562893767,0.019999999999999574,0.10378827192527022,0.008253116589843361
2023-02-07,GLADSTONE,PARADIP,Coking Coal,Panamax,21.19,21.21,21.2,21.2,21.35,21.81,21.197142857142858,0.013801311186882012,21.42833333333333,0.20748216929344424,21.467567567567567,0.21024331678379843,0.010000000000001563,0.04716981132076209,0.00968260881823649
2023-02-07,HAY_POINT,DHAMRA,Coking Coal,Capesize,17.99,18.06,17.97,18.11,18.13,18.47,18.04285714285714,0.04608480795018188,18.226,0.16973813502792487,18.256486486486487,0.17148398396572276,-0.05000000000000071,-0.2760905577029305,0.009312966916927734
2023-02-07,TANJUNG_BARA,PARADIP,Thermal Coal,Supramax,11.35,11.35,11.38,11.49,11.52,11.73,11.387142857142859,0.048550415622770446,11.500666666666667,0.09232376812565746,11.524864864864865,0.10367206903451888,-0.14000000000000057,-1.218450826805923,0.008027688376817934
2023-02-07,HAY_POINT,PARADIP,Coking Coal,Capesize,18.37,18.34,18.37,18.38,18.36,18.78,18.361428571428572,0.014638501094354764,18.467,0.15894371157198064,18.503243243243244,0.1690176528264657,-0.03999999999999915,-0.21762785636561016,0.00860690483413552
2023-02-07,HAY_POINT,VISAKHAPATNAM,Coking Coal,Capesize,17.64,17.63,17.63,17.59,17.52,17.99,17.638571428571428,0.03484660262182409,17.713666666666665,0.1615332427265288,17.758378378378378,0.1750319576139916,0.03999999999999915,0.22740193291642496,0.009119130768701878
2023-02-07,NEWCASTLE,DHAMRA,Thermal Coal,Panamax,21.68,21.72,21.67,21.69,21.8,22.34,21.701428571428572,0.017728105208250442,21.906333333333336,0.23080792631661268,21.95945945945946,0.2406697361986389,0.029999999999997584,0.13831258644535538,0.010536127740072702
2023-02-07,RICHARDS_BAY,PARADIP,Thermal Coal,Capesize,16.36,16.35,16.39,16.45,16.55,16.78,16.417142857142856,0.05313952882566603,16.55366666666667,0.12141360865988407,16.568648648648647,0.11707457647352972,-0.09999999999999787,-0.6079027355622971,0.0073345447328819835
2023-02-07,TANJUNG_BARA,DHAMRA,Thermal Coal,Supramax,11.07,11.11,11.09,11.14,11.16,11.39,11.095714285714285,0.028784916685160523,11.193333333333333,0.0954240385146048,11.214324324324325,0.10678484444434479,-0.030000000000001137,-0.26929982046679657,0.008525077889928958
2023-02-08,HAY_POINT,DHAMRA,Coking Coal,Capesize,18.04,17.99,18.01,18.07,18.17,18.5,18.025714285714283,0.038668308667867926,18.21,0.16856391400132995,18.24947368421053,0.17458750409482132,-0.08000000000000185,-0.4427227448810285,0.009256667435548047
2023-02-08,HAY_POINT,PARADIP,Coking Coal,Capesize,18.36,18.37,18.35,18.37,18.29,18.7,18.360000000000003,0.012909944487502807,18.453333333333333,0.14837820579190242,18.499736842105264,0.16811332796184705,0.0,0.0,0.008040726469936909
2023-02-08,RICHARDS_BAY,PARADIP,Thermal Coal,Capesize,16.4,16.36,16.35,16.48,16.49,16.68,16.404285714285717,0.054728768442589865,16.539666666666665,0.1185976487914065,16.563157894736843,0.12033972773412645,-0.120000000000001,-0.7281553398058312,0.007170498123183045
2023-02-08,TANJUNG_BARA,DHAMRA,Thermal Coal,Supramax,11.13,11.07,11.1,11.11,11.13,11.33,11.085714285714285,0.022253945610572468,11.182666666666668,0.09043699782009951,11.210526315789474,0.10790254282556,-0.03999999999999915,-0.3600360036003524,0.008087247927158057
2023-02-08,BALIKPAPAN,KAMARAJAR,Thermal Coal,Supramax,10.63,10.67,10.69,10.76,10.68,10.95,10.71142857142857,0.03804758924845114,10.754666666666669,0.0949313121313976,10.783947368421053,0.10486901672354551,-0.08999999999999986,-0.836431226765798,0.008826987862453284
2023-02-08,TANJUNG_BARA,PARADIP,Thermal Coal,Supramax,11.33,11.35,11.35,11.39,11.5,11.67,11.367142857142856,0.018898223650486327,11.488,0.08559729289951218,11.520263157894737,0.10612299957316972,-0.040000000000000924,-0.35118525021949887,0.0074510178359603225
2023-02-08,HAY_POINT,VISAKHAPATNAM,Coking Coal,Capesize,17.6,17.64,17.63,17.62,17.54,17.96,17.645714285714284,0.027602622373650024,17.702,0.15331734049530213,17.75526315789474,0.17371515737917528,0.019999999999999574,0.11350737797956624,0.008661017992051864
2023-02-08,MAPUTO,VISAKHAPATNAM,Coking Coal,Panamax,19.32,19.26,19.28,19.28,19.32,19.63,19.274285714285718,0.019880595947651892,19.418,0.15625796531421454,19.46736842105263,0.17276267443669613,-0.019999999999999574,-0.10373443983402268,0.008047067942847593
2023-02-08,NEWCASTLE,DHAMRA,Thermal Coal,Panamax,21.65,21.68,21.71,21.7,21.67,22.34,21.699999999999996,0.01914854215484119,21.884333333333334,0.21920991881241864,21.952105263157893,0.24168505186683636,-0.019999999999999574,-0.09216589861750955,0.010016751046216561
2023-02-08,GLADSTONE,PARADIP,Coking Coal,Panamax,21.23,21.19,21.21,21.17,21.31,21.79,21.195714285714285,0.01397276262014978,21.407666666666668,0.19885332201942704,21.460263157894737,0.21221466493006602,0.019999999999999574,0.09447331128955867,0.009288883516159026
2023-02-09,TANJUNG_BARA,DHAMRA,Thermal Coal,Supramax,11.05,11.13,11.11,11.06,11.17,11.33,11.088571428571429,0.026726124191246602,11.175999999999998,0.08648699324175907,11.208461538461538,0.10725126576454501,0.07000000000000028,0.6329113924050658,0.007738635758926188
2023-02-09,NEWCASTLE,DHAMRA,Thermal Coal,Panamax,21.64,21.65,21.72,21.72,21.72,22.32,21.692857142857143,0.02690370836517702,21.861333333333334,0.20552260272263245,21.944358974358977,0.24334072789311814,-0.07000000000000028,-0.3222836095764286,0.009401192488532223
2023-02-09,TANJUNG_BARA,PARADIP,Thermal Coal,Supramax,11.32,11.33,11.35,11.36,11.46,11.62,11.358571428571427,0.02035400978398736,11.476666666666667,0.0831423097956856,11.515384615384615,0.10905928261962033,-0.02999999999999936,-0.2640845070422479,0.007244464983649631
2023-02-09,GLADSTONE,PARADIP,Coking Coal,Panamax,21.24,21.23,21.21,21.19,21.31,21.71,21.204285714285714,0.01397276262015096,21.389000000000003,0.1876965636339707,21.454358974358975,0.21262513184865434,0.03999999999999915,0.1887682869277921,0.00877537816793542
2023-02-09,HAY_POINT,DHAMRA,Coking Coal,Capesize,18.05,18.04,18.06,18.06,18.15,18.45,18.02142857142857,0.034364987719301306,18.194666666666667,0.1620713621735225,18.244102564102565,0.1755100529242197,-0.019999999999999574,-0.11074197120708514,0.008907630194206498
2023-02-09,HAY_POINT,VISAKHAPATNAM,Coking Coal,Capesize,17.6,17.6,17.63,17.68,17.55,17.99,17.642857142857142,0.03147183169873915,17.689999999999998,0.14635808708497525,17.75128205128205,0.17320780776098302,-0.0799999999999983,-0.4524886877827958,0.008273492769077177
2023-02-09,RICHARDS_BAY,PARADIP,Thermal Coal,Capesize,16.39,16.4,16.35,16.45,16.48,16.7,16.392857142857142,0.043479606604486895,16.530333333333335,0.1181898920158225,16.558974358974357,0.12158589928188009,-0.05000000000000071,-0.30395136778115933,0.00714987953555015
2023-02-09,MAPUTO,VISAKHAPATNAM,Coking Coal,Panamax,19.33,19.32,19.29,19.27,19.35,19.66,19.28,0.026457513110568678,19.407666666666668,0.15194561943132248,19.463589743589743,0.17209983607269227,0.05000000000000071,0.2594706798131848,0.007829154428558601
2023-02-09,HAY_POINT,PARADIP,Coking Coal,Capesize,18.31,18.36,18.34,18.35,18.31,18.64,18.358571428571427,0.012149857926033207,18.442,0.1417233828321233,18.496153846153845,0.16738885369128287,0.00999999999999801,0.05449591280652866,0.007684816334026857
2023-02-09,BALIKPAPAN,KAMARAJAR,Thermal Coal,Supramax,10.72,10.63,10.66,10.73,10.72,10.91,10.692857142857145,0.04191828786034597,10.744,0.0900804238368201,10.780000000000001,0.10637569963898795,-0.09999999999999964,-0.9319664492078251,0.008384253893970598
2023-02-10,TANJUNG_BARA,DHAMRA,Thermal Coal,Supramax,11.06,11.05,11.07,11.06,11.08,11.31,11.087142857142856,0.028702082220803293,11.166666666666666,0.08437736799572022,11.2045,0.10879173234047208,-0.009999999999999787,-0.0904159132007214,0.007556182208571961
2023-02-10,NEWCASTLE,DHAMRA,Thermal Coal,Panamax,21.69,21.64,21.68,21.7,21.68,22.29,21.681428571428572,0.030237157840552958,21.83866666666667,0.19011309398814952,21.93675,0.2449739651263869,-0.05999999999999872,-0.27649769585252865,0.008705343457543936
2023-02-10,TANJUNG_BARA,PARADIP,Thermal Coal,Supramax,11.37,11.32,11.35,11.39,11.45,11.59,11.352857142857143,0.02497617912753004,11.466666666666667,0.08334942373395576,11.5105,0.11199702376998005,-0.07000000000000028,-0.6145741878841113,0.007268845093077537
2023-02-10,GLADSTONE,PARADIP,Coking Coal,Panamax,21.25,21.24,21.19,21.2,21.31,21.69,21.211428571428574,0.0177281052085863,21.373333333333335,0.17941155410710788,21.449,0.21260050413621984,0.03999999999999915,0.18867924528301486,0.008394177515928315
2023-02-10,RICHARDS_BAY,PARADIP,Thermal Coal,Capesize,16.35,16.39,16.36,16.45,16.4,16.72,16.384285714285713,0.03552329886017979,16.52,0.1163822477279329,16.554750000000002,0.12295480720730109,-0.05999999999999872,-0.3647416413373783,0.007044930249874873
2023-02-10,HAY_POINT,VISAKHAPATNAM,Coking Coal,Capesize,17.64,17.6,17.64,17.69,17.57,18.05,17.63142857142857,0.03023715784069925,17.677,0.1357266522755645,17.7475,0.17263790474240026,-0.08999999999999986,-0.508762012436404,0.00767814970162157
2023-02-10,HAY_POINT,PARADIP,Coking Coal,Capesize,18.28,18.31,18.37,18.37,18.25,18.69,18.352857142857143,0.02214669705576929,18.430999999999997,0.13859765634681184,18.4915,0.1678300422359591,-0.060000000000002274,-0.32661948829614734,0.007519812074592364
2023-02-10,HAY_POINT,DHAMRA,Coking Coal,Capesize,18.02,18.05,17.99,18.02,18.18,18.54,18.02,0.03265986323703771,18.181333333333335,0.15670603565017804,18.23925,0.17594269900547968,0.030000000000001137,0.16648168701443472,0.008619061802407856
2023-02-10,MAPUTO,VISAKHAPATNAM,Coking Coal,Panamax,19.3,19.33,19.26,19.24,19.3,19.64,19.288571428571426,0.03184785258509465,19.396666666666665,0.1448264915120114,19.46025,0.17118721944865908,0.08999999999999986,0.4677754677754671,0.007466565982746766
2023-02-10,BALIKPAPAN,KAMARAJAR,Thermal Coal,Supramax,10.72,10.72,10.67,10.74,10.75,10.93,10.691428571428572,0.04059087394500183,10.737666666666666,0.0845141625892456,10.7785,0.10543074042062399,-0.019999999999999574,-0.18621973929236102,0.007870812646066396
2023-02-11,TANJUNG_BARA,PARADIP,Thermal Coal,Supramax,11.38,11.37,11.33,11.38,11.46,11.52,11.349999999999998,0.020816659994683656,11.459333333333335,0.0817875015042017,11.507073170731708,0.11274404424267949,-0.010000000000001563,-0.08787346221442498,0.0071371954305836606
2023-02-11,GLADSTONE,PARADIP,Coking Coal,Panamax,21.23,21.25,21.23,21.2,21.3,21.75,21.21857142857143,0.021930626551774617,21.358666666666668,0.17038968184183628,21.444146341463416,0.21221422678223295,0.05000000000000071,0.23584905660377695,0.007977543004018803
2023-02-11,HAY_POINT,VISAKHAPATNAM,Coking Coal,Capesize,17.64,17.64,17.6,17.63,17.57,17.97,17.624285714285715,0.01718249385961708,17.663333333333334,0.11609548190839016,17.744878048780485,0.17129100897623745,0.010000000000001563,0.056721497447541486,0.006572682500946791
2023-02-11,HAY_POINT,PARADIP,Coking Coal,Capesize,18.26,18.28,18.36,18.37,18.23,18.74,18.34,0.03366501646126508,18.417333333333335,0.13224672170719498,18.486341463414636,0.16897863914650754,-0.08999999999999986,-0.4899292324442017,0.007180557538579326
2023-02-11,BALIKPAPAN,KAMARAJAR,Thermal Coal,Supramax,10.67,10.72,10.63,10.73,10.82,10.91,10.688571428571427,0.037161167647860434,10.730666666666668,0.0763356170917757,10.777073170731708,0.10450463871137537,-0.009999999999999787,-0.09319664492078086,0.007113781413870747
2023-02-11,HAY_POINT,DHAMRA,Coking Coal,Capesize,17.93,18.02,18.04,17.97,18.17,18.51,18.02,0.03265986323703771,18.164,0.14390130717577235,18.23390243902439,0.17707170932676378,0.05000000000000071,0.27824151363383814,0.007922335783735539
2023-02-11,NEWCASTLE,DHAMRA,Thermal Coal,Panamax,21.65,21.69,21.65,21.67,21.73,22.24,21.68,0.029439202887569012,21.818666666666665,0.17165991505526668,21.930731707317072,0.24494275090215026,0.019999999999999574,0.09229349330871976,0.007867571271782572
2023-02-11,RICHARDS_BAY,PARADIP,Thermal Coal,Capesize,16.27,16.35,16.4,16.39,16.41,16.7,16.37,0.022360679775112614,16.50766666666667,0.1140382069469574,16.549756097560973,0.12554855245836255,-0.03999999999999915,-0.24405125076265494,0.0069081966125007
2023-02-11,MAPUTO,VISAKHAPATNAM,Coking Coal,Panamax,19.34,19.3,19.32,19.3,19.28,19.68,19.297142857142855,0.023603873774008997,19.385333333333335,0.13828340048818322,19.456341463414635,0.17087650654143224,0.0,0.0,0.0071334032853798334
2023-02-11,TANJUNG_BARA,DHAMRA,Thermal Coal,Supramax,11.01,11.06,11.13,11.09,11.08,11.33,11.087142857142856,0.028702082220803293,11.158333333333333,0.08204638441395493,11.200975609756098,0.10976804812988064,-0.02999999999999936,-0.2705139765554496,0.007352924667419411
2023-02-12,RICHARDS_BAY,PARADIP,Thermal Coal,Capesize,16.2,16.27,16.39,16.35,16.46,16.72,16.352857142857143,0.04191828786041097,16.493333333333332,0.11603606256716381,16.543095238095237,0.13130653198765418,-0.08000000000000185,-0.48929663608563817,0.007035331198494169
2023-02-12,HAY_POINT,PARADIP,Coking Coal,Capesize,18.21,18.26,18.31,18.35,18.32,18.67,18.32428571428571,0.04197504927821728,18.401333333333337,0.12036534423145037,18.48095238095238,0.1705201443476396,-0.08999999999999986,-0.4904632152588548,0.006541120800926582
2023-02-12,TANJUNG_BARA,PARADIP,Thermal Coal,Supramax,11.31,11.38,11.32,11.35,11.45,11.48,11.35,0.020816659994683656,11.454666666666668,0.08219964482402815,11.50404761904762,0.11307367604223867,0.030000000000001137,0.2643171806167501,0.007176083531372495
2023-02-12,MAPUTO,VISAKHAPATNAM,Coking Coal,Panamax,19.25,19.34,19.33,19.28,19.21,19.65,19.302857142857142,0.028702082220741592,19.374,0.12675254197274444,19.45357142857143,0.16973180319969758,0.05999999999999872,0.31120331950206803,0.006542404354947066
2023-02-12,NEWCASTLE,DHAMRA,Thermal Coal,Panamax,21.61,21.65,21.64,21.71,21.72,22.16,21.677142857142858,0.03147183169859922,21.798999999999996,0.15468209891302134,21.924047619047617,0.2457845529271685,-0.060000000000002274,-0.2763703362505862,0.007095834621451505
2023-02-12,HAY_POINT,VISAKHAPATNAM,Coking Coal,Capesize,17.61,17.64,17.6,17.63,17.54,17.88,17.625714285714288,0.018126539343435343,17.65233333333333,0.10064219082826986,17.74238095238095,0.16996139481040984,0.010000000000001563,0.056721497447541486,0.005701353409083023
2023-02-12,HAY_POINT,DHAMRA,Coking Coal,Capesize,17.87,17.93,18.05,18.01,18.11,18.46,18.014285714285712,0.044293394111312084,18.14466666666667,0.1344653098023024,18.226666666666667,0.18107627643117227,-0.08000000000000185,-0.4441976679622534,0.007410734640241524
2023-02-12,BALIKPAPAN,KAMARAJAR,Thermal Coal,Supramax,10.65,10.67,10.72,10.69,10.8,10.85,10.680000000000001,0.032659863237110585,10.722666666666665,0.0691292309715168,10.774523809523808,0.1045361970441369,-0.019999999999999574,-0.1870907390084151,0.006447018556159862
2023-02-12,GLADSTONE,PARADIP,Coking Coal,Panamax,21.16,21.23,21.24,21.21,21.27,21.65,21.222857142857144,0.020586634591660775,21.341333333333335,0.15495791048858984,21.43904761904762,0.21219881983775218,0.019999999999999574,0.09429514380009228,0.007260929205700511
2023-02-12,TANJUNG_BARA,DHAMRA,Thermal Coal,Supramax,11.02,11.01,11.05,11.1,11.14,11.31,11.075714285714286,0.040766466144431156,11.147666666666668,0.07972726498262318,11.196428571428571,0.11235443544321232,-0.08999999999999986,-0.8108108108108096,0.007151924018415499
2023-02-13,HAY_POINT,PARADIP,Coking Coal,Capesize,18.16,18.21,18.28,18.34,18.31,18.66,18.304285714285715,0.05798193478928506,18.386,0.11409614820178811,18.474651162790696,0.1734708543820689,-0.129999999999999,-0.7088331515812378,0.006205599271281851
2023-02-13,MAPUTO,VISAKHAPATNAM,Coking Coal,Panamax,19.17,19.25,19.3,19.29,19.24,19.63,19.298571428571428,0.034364987719318826,19.360666666666663,0.11741272131433415,19.448837209302326,0.17054826578846938,-0.03999999999999915,-0.20736132711248909,0.006064497846888925
2023-02-13,TANJUNG_BARA,PARADIP,Thermal Coal,Supramax,11.23,11.31,11.37,11.35,11.48,11.45,11.344285714285714,0.025727509827142336,11.449000000000002,0.08615743408596188,11.49953488372093,0.11557214791289722,-0.03999999999999915,-0.3524229074889793,0.007525323965932559
2023-02-13,TANJUNG_BARA,DHAMRA,Thermal Coal,Supramax,10.97,11.02,11.06,11.11,11.11,11.29,11.064285714285715,0.043915503282688034,11.138,0.07689670635518886,11.192325581395348,0.11422278167607589,-0.08999999999999986,-0.810081008100809,0.006903995901884437
2023-02-13,NEWCASTLE,DHAMRA,Thermal Coal,Panamax,21.55,21.61,21.69,21.72,21.68,22.08,21.662857142857142,0.0363841933234489,21.780666666666665,0.14253694822464505,21.91674418604651,0.24751835843632455,-0.10999999999999943,-0.5064456721915259,0.00654419584147922
2023-02-13,BALIKPAPAN,KAMARAJAR,Thermal Coal,Supramax,10.66,10.65,10.72,10.66,10.82,10.84,10.674285714285716,0.034086724129856395,10.716000000000001,0.06599895505965428,10.771627906976745,0.10501542364175744,-0.009999999999999787,-0.09380863039399424,0.006158917045507118
2023-02-13,GLADSTONE,PARADIP,Coking Coal,Panamax,21.07,21.16,21.25,21.21,21.19,21.65,21.215714285714284,0.031547394428686384,21.325,0.1469165843552798,21.432558139534883,0.2139324884970773,-0.05000000000000071,-0.2357378595002391,0.006889406065898232
2023-02-13,HAY_POINT,VISAKHAPATNAM,Coking Coal,Capesize,17.56,17.61,17.64,17.63,17.55,17.87,17.622857142857143,0.018898223650400663,17.64333333333333,0.09121151369145453,17.739302325581395,0.16913498904210306,-0.019999999999999574,-0.11344299489506281,0.0051697438328804765
2023-02-13,RICHARDS_BAY,PARADIP,Thermal Coal,Capesize,16.19,16.2,16.35,16.35,16.49,16.68,16.33142857142857,0.07151423434737682,16.476,0.119787167581674,16.53511627906977,0.13988723507956694,-0.15000000000000213,-0.9174311926605634,0.007270403470604152
2023-02-13,HAY_POINT,DHAMRA,Coking Coal,Capesize,17.89,17.87,18.02,18.06,18.06,18.43,17.994285714285716,0.07044078904938336,18.125,0.12982083144033998,18.218372093023255,0.18699287270041184,-0.18999999999999773,-1.0520487264673186,0.007162528631191172
2023-02-14,MAPUTO,VISAKHAPATNAM,Coking Coal,Panamax,19.08,19.17,19.34,19.26,19.27,19.61,19.28142857142857,0.05984105932341323,19.345333333333333,0.11088152525862457,19.4425,0.1737162214112273,-0.08999999999999986,-0.4672897196261674,0.005731693703492208
2023-02-14,BALIKPAPAN,KAMARAJAR,Thermal Coal,Supramax,10.64,10.66,10.67,10.67,10.83,10.8,10.674285714285714,0.034086724129856395,10.709999999999999,0.06242236557627993,10.769090909090908,0.1051426092862756,-0.009999999999999787,-0.09372071227741131,0.005828418821314653
2023-02-14,HAY_POINT,VISAKHAPATNAM,Coking Coal,Capesize,17.48,17.56,17.64,17.64,17.59,17.86,17.61285714285714,0.029840847683569212,17.633,0.08171227907558054,17.735227272727272,0.1693282025214143,-0.08000000000000185,-0.45351473922903535,0.004634054277523992
2023-02-14,TANJUNG_BARA,DHAMRA,Thermal Coal,Supramax,10.87,10.97,11.01,11.07,11.14,11.25,11.044285714285715,0.05094347941825898,11.127333333333333,0.07727841886962272,11.187272727272727,0.11775741000460883,-0.09999999999999964,-0.9033423667569977,0.006944918117814037
2023-02-14,TANJUNG_BARA,PARADIP,Thermal Coal,Supramax,11.19,11.23,11.38,11.35,11.49,11.52,11.327142857142857,0.04990467102864401,11.441666666666666,0.09498033674301827,11.49340909090909,0.12123287568968946,-0.11999999999999922,-1.0572687224669535,0.008301267595893804
2023-02-14,HAY_POINT,PARADIP,Coking Coal,Capesize,18.06,18.16,18.26,18.37,18.38,18.6,18.27857142857143,0.07646972634725094,18.369333333333334,0.10910081808010853,18.4675,0.17788322534872628,-0.21000000000000085,-1.1431682090364772,0.00593929110547154
2023-02-14,GLADSTONE,PARADIP,Coking Coal,Panamax,21.0,21.07,21.23,21.19,21.2,21.62,21.195714285714285,0.06373307431707428,21.305666666666664,0.14070471240138122,21.42431818181818,0.2183809103088356,-0.120000000000001,-0.566304860783393,0.006604098083516806
2023-02-14,HAY_POINT,DHAMRA,Coking Coal,Capesize,17.76,17.89,17.93,17.99,18.11,18.41,17.97,0.07325753658608349,18.106999999999996,0.12334839920406683,18.21090909090909,0.1913212102638599,-0.09999999999999787,-0.5558643690939293,0.006812194135089571
2023-02-14,RICHARDS_BAY,PARADIP,Thermal Coal,Capesize,16.13,16.19,16.27,16.36,16.45,16.62,16.30857142857143,0.0882097068409051,16.459666666666667,0.12433223937147182,16.527272727272727,0.14771694548387707,-0.16999999999999815,-1.0391198044009669,0.007553751961652027
2023-02-14,NEWCASTLE,DHAMRA,Thermal Coal,Panamax,21.51,21.55,21.65,21.68,21.69,22.09,21.638571428571428,0.04705619740559222,21.762999999999998,0.1368903412123772,21.908409090909092,0.2507935608184392,-0.129999999999999,-0.5996309963099585,0.006290049221723899
2023-02-15,MAPUTO,VISAKHAPATNAM,Coking Coal,Panamax,19.06,19.08,19.25,19.32,19.28,19.54,19.255714285714284,0.09744351233013489,19.327666666666666,0.10947156246490093,19.434444444444445,0.18003226422398663,-0.240000000000002,-1.2422360248447308,0.005663982329212059
2023-02-15,HAY_POINT,PARADIP,Coking Coal,Capesize,17.95,18.06,18.21,18.36,18.37,18.57,18.234285714285715,0.10064080399408605,18.351333333333333,0.11416060475559352,18.458444444444446,0.18604686061160755,-0.3000000000000007,-1.6339869281045791,0.006220834349307599
2023-02-15,HAY_POINT,DHAMRA,Coking Coal,Capesize,17.69,17.76,17.87,18.04,18.07,18.36,17.937142857142856,0.10672617387721928,18.08533333333333,0.1253610876582097,18.200888888888887,0.20072394229413756,-0.2799999999999976,-1.5521064301551974,0.0069316437440030436
2023-02-15,RICHARDS_BAY,PARADIP,Thermal Coal,Capesize,16.21,16.13,16.2,16.4,16.48,16.66,16.275714285714287,0.10674848052897291,16.443333333333335,0.13432675891615198,16.518444444444444,0.1575805069214343,-0.2699999999999996,-1.6463414634146318,0.008169071087542184
2023-02-15,BALIKPAPAN,KAMARAJAR,Thermal Coal,Supramax,10.62,10.64,10.65,10.63,10.76,10.66,10.670000000000002,0.036514837167014064,10.704666666666668,0.06129259016550248,10.766222222222222,0.10570733372874554,0.009999999999999787,0.0940733772342407,0.0057257822288256655
2023-02-15,TANJUNG_BARA,DHAMRA,Thermal Coal,Supramax,10.81,10.87,11.02,11.13,11.11,11.2,11.015714285714285,0.08121107126025853,11.114666666666666,0.08700904960200474,11.180222222222223,0.1256526396801347,-0.26000000000000156,-2.336028751123105,0.007828309405170772
2023-02-15,NEWCASTLE,DHAMRA,Thermal Coal,Panamax,21.52,21.51,21.61,21.65,21.7,22.06,21.614285714285717,0.06320789582976266,21.74366666666667,0.12989341342259914,21.899555555555555,0.25494166494563625,-0.13999999999999702,-0.6466512702078385,0.00597385047397399
2023-02-15,GLADSTONE,PARADIP,Coking Coal,Panamax,21.01,21.0,21.16,21.23,21.17,21.59,21.16857142857143,0.0978823394742551,21.285,0.13845825961340757,21.41488888888889,0.22496082711746615,-0.23000000000000043,-1.0833725859632615,0.00650496873917818
2023-02-15,HAY_POINT,VISAKHAPATNAM,Coking Coal,Capesize,17.47,17.48,17.61,17.6,17.62,17.78,17.59,0.055677643628280406,17.620333333333335,0.07443966931561137,17.729555555555557,0.17166240065308327,-0.120000000000001,-0.6818181818181874,0.004224645919427065
2023-02-15,TANJUNG_BARA,PARADIP,Thermal Coal,Supramax,11.19,11.19,11.31,11.33,11.39,11.5,11.304285714285715,0.0702037850017539,11.430666666666665,0.10425212586382876,11.486666666666666,0.12809797386801666,-0.14000000000000057,-1.2356575463371628,0.009120388941779025
2023-02-16,NEWCASTLE,DHAMRA,Thermal Coal,Panamax,21.45,21.52,21.55,21.64,21.72,22.0,21.595714285714287,0.06972736021026894,21.725666666666665,0.12170295475214117,21.891304347826086,0.2582299465863907,-0.120000000000001,-0.5545286506469547,0.005601805303349702
2023-02-16,HAY_POINT,PARADIP,Coking Coal,Capesize,17.95,17.95,18.16,18.31,18.35,18.54,18.175714285714285,0.13023787760060257,18.33066666666667,0.12843711283747006,18.44739130434783,0.1986558697581638,-0.35999999999999943,-1.9661387220098279,0.007006679853658898
2023-02-16,TANJUNG_BARA,PARADIP,Thermal Coal,Supramax,11.14,11.19,11.23,11.32,11.36,11.55,11.284285714285716,0.0807995756707456,11.420333333333332,0.11220312041064773,11.480217391304349,0.13400645308566012,-0.13000000000000078,-1.14840989399294,0.00982485511899662
2023-02-16,HAY_POINT,DHAMRA,Coking Coal,Capesize,17.69,17.69,17.89,18.05,18.06,18.25,17.88714285714286,0.12996336480127701,18.063,0.13411652164930654,18.18978260869565,0.2122942311503291,-0.35999999999999943,-1.9944598337950106,0.007424930612262999
2023-02-16,TANJUNG_BARA,DHAMRA,Thermal Coal,Supramax,10.76,10.81,10.97,11.05,11.06,11.21,10.969999999999999,0.0950438495292265,11.101666666666667,0.10171235076848387,11.172173913043478,0.13571068972025643,-0.2400000000000002,-2.1719457013574677,0.009161899183469498
2023-02-16,MAPUTO,VISAKHAPATNAM,Coking Coal,Panamax,19.04,19.06,19.17,19.33,19.27,19.55,19.21857142857143,0.11653734328937669,19.311666666666667,0.1124057715211519,19.426304347826086,0.1863850100750473,-0.2699999999999996,-1.396792550439729,0.005820614733122563
2023-02-16,RICHARDS_BAY,PARADIP,Thermal Coal,Capesize,16.21,16.21,16.19,16.39,16.45,16.61,16.24857142857143,0.09317162862674006,16.428333333333335,0.13442298996036156,16.511739130434783,0.1623207298026704,-0.17999999999999972,-1.098230628431969,0.008182387539435622
2023-02-16,GLADSTONE,PARADIP,Coking Coal,Panamax,20.97,21.01,21.07,21.24,21.19,21.55,21.13714285714286,0.10950103282835805,21.265666666666668,0.13484814788682506,21.40608695652174,0.23031841013759619,-0.22999999999999687,-1.082862523540475,0.006341120172742843
2023-02-16,BALIKPAPAN,KAMARAJAR,Thermal Coal,Supramax,10.66,10.62,10.66,10.72,10.73,10.61,10.668571428571429,0.03848314411469841,10.703333333333335,0.06271629240742951,10.76304347826087,0.10672643253180611,-0.10000000000000142,-0.9328358208955356,0.005859510346380832
2023-02-16,HAY_POINT,VISAKHAPATNAM,Coking Coal,Capesize,17.42,17.47,17.56,17.6,17.68,17.77,17.571428571428573,0.07128079952518862,17.61,0.07301393348368586,17.72391304347826,0.17400483085081334,-0.13000000000000256,-0.7386363636363781,0.004146163173406352
2023-02-17,TANJUNG_BARA,PARADIP,Thermal Coal,Supramax,11.13,11.14,11.19,11.37,11.39,11.55,11.258571428571429,0.09494359227608169,11.406666666666668,0.12052566855906904,11.472978723404255,0.14152761128082678,-0.22999999999999865,-2.0228671943711403,0.010566247974202428
2023-02-17,HAY_POINT,DHAMRA,Coking Coal,Capesize,17.71,17.69,17.76,18.02,18.02,18.21,17.835714285714285,0.12594405409505244,18.04433333333333,0.14566573292001367,18.17914893617021,0.22226922362437398,-0.3299999999999983,-1.831298557158703,0.008072658059964183
2023-02-17,HAY_POINT,VISAKHAPATNAM,Coking Coal,Capesize,17.31,17.42,17.48,17.64,17.69,17.74,17.545714285714286,0.08941609528063486,17.598333333333336,0.0745137494062417,17.71744680851064,0.1777206905463977,-0.21999999999999886,-1.2471655328798121,0.004234136721635099
2023-02-17,GLADSTONE,PARADIP,Coking Coal,Panamax,20.92,20.97,21.0,21.25,21.2,21.51,21.09857142857143,0.11466306749612183,21.246333333333332,0.13425357719072892,21.396808510638298,0.23651552373887338,-0.28000000000000114,-1.317647058823535,0.006318905718197442
2023-02-17,MAPUTO,VISAKHAPATNAM,Coking Coal,Panamax,19.01,19.04,19.08,19.3,19.24,19.47,19.177142857142858,0.12175306782090424,19.294666666666668,0.11367628974670047,19.41808510638298,0.192767468591747,-0.26000000000000156,-1.3471502590673656,0.0058915912728923605
2023-02-17,HAY_POINT,PARADIP,Coking Coal,Capesize,17.97,17.95,18.06,18.28,18.37,18.53,18.124285714285715,0.13914706163591636,18.310999999999996,0.1399347138416095,18.436808510638297,0.2094517313179386,-0.33000000000000185,-1.8052516411378654,0.007642112055136777
2023-02-17,BALIKPAPAN,KAMARAJAR,Thermal Coal,Supramax,10.65,10.66,10.64,10.72,10.74,10.6,10.66,0.031091263510302065,10.705,0.06078509345396898,10.760851063829787,0.10662469302130308,-0.0600000000000005,-0.559701492537318,0.0056781964926640805
2023-02-17,TANJUNG_BARA,DHAMRA,Thermal Coal,Supramax,10.83,10.76,10.87,11.06,11.06,11.13,10.928571428571429,0.11538754575034002,11.086666666666668,0.117189305541649,11.163404255319147,0.14707697771168285,-0.3000000000000007,-2.712477396021706,0.01057029214145962
2023-02-17,NEWCASTLE,DHAMRA,Thermal Coal,Panamax,21.4,21.45,21.51,21.69,21.7,21.94,21.568571428571428,0.08493695140675382,21.707333333333334,0.12037107377729114,21.881914893617022,0.2633945486368679,-0.240000000000002,-1.1065006915629414,0.005545180143912555
2023-02-17,RICHARDS_BAY,PARADIP,Thermal Coal,Capesize,16.18,16.21,16.13,16.35,16.45,16.62,16.222857142857144,0.06945365018353375,16.415,0.13561481965605088,16.50531914893617,0.16647040556716006,-0.14000000000000057,-0.8562691131498505,0.008261639942494724
2023-02-18,HAY_POINT,PARADIP,Coking Coal,Capesize,18.01,17.97,17.95,18.26,18.37,18.48,18.080000000000002,0.13038404810406967,18.292333333333332,0.1468915465123292,18.427083333333332,0.2178908406512693,-0.2900000000000027,-1.5881708652793136,0.00803022467585669
2023-02-18,BALIKPAPAN,KAMARAJAR,Thermal Coal,Supramax,10.68,10.65,10.62,10.67,10.73,10.63,10.65,0.016329931618569247,10.706666666666669,0.05844734342999526,10.758541666666666,0.10669083558189565,-0.019999999999999574,-0.18744142455482263,0.005458967319115372
2023-02-18,HAY_POINT,DHAMRA,Coking Coal,Capesize,17.74,17.71,17.69,17.93,17.97,18.17,17.791428571428572,0.10270160197198037,18.02766666666667,0.15439946697542992,18.169375,0.2300823742405519,-0.21999999999999886,-1.2269938650306684,0.008564584082360256
2023-02-18,HAY_POINT,VISAKHAPATNAM,Coking Coal,Capesize,17.35,17.31,17.47,17.64,17.63,17.73,17.498571428571427,0.11480832888318561,17.584,0.08668611629679925,17.70895833333333,0.1853948010854225,-0.33000000000000185,-1.8707482993197382,0.004929829179754279
2023-02-18,NEWCASTLE,DHAMRA,Thermal Coal,Panamax,21.38,21.4,21.52,21.65,21.67,21.95,21.527142857142856,0.08654753717156438,21.689333333333334,0.12467705408811582,21.871875,0.26970161802621406,-0.25,-1.1547344110854503,0.005748311954637417
2023-02-18,TANJUNG_BARA,PARADIP,Thermal Coal,Supramax,11.17,11.13,11.19,11.38,11.38,11.56,11.224285714285713,0.09126100716391743,11.392666666666667,0.12749397100914078,11.465833333333334,0.14850794567658057,-0.25,-2.196836555360281,0.011190880479472828
2023-02-18,MAPUTO,VISAKHAPATNAM,Coking Coal,Panamax,19.02,19.01,19.06,19.34,19.3,19.47,19.135714285714283,0.12231886511039544,19.279333333333334,0.12005554270142839,19.409583333333334,0.199594891135457,-0.3299999999999983,-1.706308169596682,0.006227162559291213
2023-02-18,RICHARDS_BAY,PARADIP,Thermal Coal,Capesize,16.21,16.18,16.21,16.27,16.39,16.62,16.19857142857143,0.04180453381663982,16.400333333333332,0.1364698610994533,16.498541666666664,0.17125307368986692,-0.08999999999999986,-0.5531653349723409,0.008321163864522264
2023-02-18,GLADSTONE,PARADIP,Coking Coal,Panamax,20.91,20.92,21.01,21.23,21.2,21.5,21.051428571428573,0.1097616465238209,21.22666666666667,0.13747309036576508,21.386875,0.24389705056969557,-0.3099999999999987,-1.460197833254822,0.006476433277281645
2023-02-18,TANJUNG_BARA,DHAMRA,Thermal Coal,Supramax,10.87,10.83,10.81,11.01,11.09,11.22,10.895714285714286,0.10390013520318127,11.076666666666666,0.1258442752341007,11.156458333333333,0.15325530893353076,-0.17999999999999972,-1.6348773841961828,0.01136120450503467
2023-02-19,HAY_POINT,DHAMRA,Coking Coal,Capesize,17.69,17.74,17.69,17.87,18.01,18.21,17.764285714285712,0.08323804075399065,18.013333333333332,0.16056652576237704,18.16061224489796,0.23579129333714727,-0.13000000000000256,-0.7274762171236853,0.008913759757348837
2023-02-19,RICHARDS_BAY,PARADIP,Thermal Coal,Capesize,16.18,16.21,16.21,16.2,16.35,16.61,16.19,0.02886751345961532,16.386666666666667,0.13422403642426078,16.49265306122449,0.1744010644821787,0.010000000000001563,0.061728395061738044,0.008191051856647322
2023-02-19,TANJUNG_BARA,DHAMRA,Thermal Coal,Supramax,10.88,10.87,10.76,11.02,11.1,11.23,10.875714285714286,0.0908950205561675,11.065,0.12829787538220175,11.150612244897959,0.15707493120675028,-0.15000000000000036,-1.3611615245009108,0.011594927734496318
2023-02-19,BALIKPAPAN,KAMARAJAR,Thermal Coal,Supramax,10.64,10.68,10.66,10.65,10.69,10.69,10.651428571428571,0.01864454471472848,10.708333333333334,0.05687756562358467,10.756938775510205,0.10616818578778371,0.02999999999999936,0.2816901408450644,0.005311523638000124
2023-02-19,MAPUTO,VISAKHAPATNAM,Coking Coal,Panamax,19.03,19.02,19.04,19.25,19.28,19.51,19.09,0.08831760866321314,19.264333333333333,0.12347506612277745,19.401632653061224,0.20519652103507258,-0.23000000000000043,-1.194805194805197,0.0064095166952456584
2023-02-19,HAY_POINT,VISAKHAPATNAM,Coking Coal,Capesize,17.32,17.35,17.42,17.61,17.63,17.67,17.457142857142856,0.1073490080243251,17.57133333333333,0.09220417124731269,17.701632653061225,0.1904856396465739,-0.259999999999998,-1.476433844406576,0.005247420300905605
2023-02-19,NEWCASTLE,DHAMRA,Thermal Coal,Panamax,21.38,21.38,21.45,21.61,21.71,21.9,21.488571428571426,0.08275034167667099,21.670333333333335,0.1269939812131528,21.861836734693878,0.2759730774111538,-0.23000000000000043,-1.0643220731143008,0.005860268933556758
2023-02-19,GLADSTONE,PARADIP,Coking Coal,Panamax,20.91,20.91,20.97,21.16,21.21,21.43,21.005714285714284,0.0873416935293375,21.207,0.13921330693431347,21.377142857142857,0.2507738024595092,-0.25,-1.1814744801512287,0.006564497898538853
2023-02-19,TANJUNG_BARA,PARADIP,Thermal Coal,Supramax,11.16,11.17,11.14,11.31,11.35,11.53,11.194285714285714,0.061062029351902476,11.379666666666667,0.1297074515535145,11.459795918367346,0.1529091478067725,-0.14000000000000057,-1.237842617152967,0.011398176708765445
2023-02-19,HAY_POINT,PARADIP,Coking Coal,Capesize,18.02,18.01,17.95,18.21,18.35,18.53,18.044285714285714,0.10453980786559358,18.276666666666664,0.15118687530460428,18.41857142857143,0.22369063458267643,-0.1999999999999993,-1.098297638660073,0.008272125221845941
2023-02-20,HAY_POINT,VISAKHAPATNAM,Coking Coal,Capesize,17.29,17.32,17.31,17.56,17.63,17.67,17.415714285714284,0.09360504666897887,17.55966666666667,0.10101155049465756,17.694000000000003,0.1961049281816818,-0.23999999999999844,-1.366742596810925,0.005752475397862006
2023-02-20,NEWCASTLE,DHAMRA,Thermal Coal,Panamax,21.43,21.38,21.4,21.55,21.72,21.87,21.455714285714286,0.07138093649724991,21.653000000000002,0.13001724023612926,21.852199999999996,0.28151405518251915,-0.1700000000000017,-0.7888631090487317,0.006004583209538135
2023-02-20,RICHARDS_BAY,PARADIP,Thermal Coal,Capesize,16.18,16.18,16.18,16.19,16.35,16.59,16.187142857142856,0.028702082220935173,16.372333333333334,0.1325007048343801,16.4864,0.1781854113453921,-0.010000000000001563,-0.061766522544790384,0.008092964034919483
2023-02-20,BALIKPAPAN,KAMARAJAR,Thermal Coal,Supramax,10.68,10.64,10.65,10.66,10.66,10.7,10.65,0.01914854215513925,10.706666666666669,0.05815160526935711,10.7546,0.10637266028986407,-0.019999999999999574,-0.1876172607879885,0.00543134544857009
2023-02-20,GLADSTONE,PARADIP,Coking Coal,Panamax,20.97,20.91,20.92,21.07,21.21,21.46,20.97,0.06082762530299306,21.189666666666664,0.14281609426675412,21.367800000000003,0.2568433970579074,-0.16000000000000014,-0.7593735168486005,0.006739893388290872
2023-02-20,TANJUNG_BARA,PARADIP,Thermal Coal,Supramax,11.16,11.16,11.13,11.23,11.35,11.55,11.172857142857142,0.03401680257084806,11.367333333333333,0.13248118495778097,11.453800000000001,0.15716740068072294,-0.07000000000000028,-0.623330365093502,0.011654552661818748
2023-02-20,HAY_POINT,DHAMRA,Coking Coal,Capesize,17.69,17.69,17.71,17.89,18.06,18.18,17.73857142857143,0.07221001117765229,17.996,0.16655950577951015,18.1512,0.24267758067704662,-0.1999999999999993,-1.1179429849077656,0.009255362623889207
2023-02-20,MAPUTO,VISAKHAPATNAM,Coking Coal,Panamax,19.02,19.03,19.01,19.17,19.29,19.5,19.05857142857143,0.05459809869344781,19.248333333333335,0.12162926523218356,19.3942,0.20978210269764158,-0.14000000000000057,-0.7303077725612966,0.006318950483964857
2023-02-20,HAY_POINT,PARADIP,Coking Coal,Capesize,18.05,18.02,17.97,18.16,18.34,18.46,18.017142857142854,0.07476948702833044,18.259666666666664,0.15038991467775953,18.4106,0.22845899020192245,-0.14000000000000057,-0.7709251101321617,0.0082361807267982
2023-02-20,TANJUNG_BARA,DHAMRA,Thermal Coal,Supramax,10.98,10.88,10.83,10.97,11.11,11.26,10.855714285714285,0.06579187965526544,11.053333333333333,0.12868923630292742,11.145199999999999,0.16010506754335138,-0.08999999999999986,-0.8204193254329978,0.011642572645017559
2023-02-21,HAY_POINT,PARADIP,Coking Coal,Capesize,18.05,18.05,18.01,18.06,18.37,18.45,18.00142857142857,0.04561745697598387,18.246,0.150186091463117,18.40352941176471,0.23173108146652985,-0.00999999999999801,-0.055370985603532735,0.008231178968711884
2023-02-21,HAY_POINT,DHAMRA,Coking Coal,Capesize,17.76,17.69,17.74,17.76,17.99,18.2,17.71,0.02886751345931186,17.979666666666667,0.17183559370620774,18.142156862745097,0.24876747155116546,-0.07000000000000028,-0.39414414414414567,0.009557217989184508
2023-02-21,RICHARDS_BAY,PARADIP,Thermal Coal,Capesize,16.23,16.18,16.21,16.13,16.36,16.55,16.185714285714287,0.02878491668529297,16.358666666666668,0.13040344117876143,16.480392156862745,0.18153744279694742,0.05000000000000071,0.30998140111593747,0.007971520163344287
2023-02-21,NEWCASTLE,DHAMRA,Thermal Coal,Panamax,21.48,21.43,21.38,21.51,21.68,21.88,21.43857142857143,0.0581459575631737,21.638333333333332,0.1295105729496462,21.84392156862745,0.28488649270453387,-0.08000000000000185,-0.3719200371920123,0.005985237908787471
2023-02-21,GLADSTONE,PARADIP,Coking Coal,Panamax,20.98,20.97,20.91,21.0,21.19,21.38,20.955714285714286,0.042370250120094564,21.173333333333336,0.13879613761230233,21.36,0.2602921435618083,-0.030000000000001137,-0.1428571428571483,0.006555233199573472
2023-02-21,TANJUNG_BARA,DHAMRA,Thermal Coal,Supramax,10.92,10.98,10.87,10.87,11.07,11.27,10.857142857142858,0.06872997543874887,11.044,0.12322113567023692,11.141960784313726,0.16017514923162215,0.11000000000000121,1.0119595216191464,0.011157292255544812
2023-02-21,HAY_POINT,VISAKHAPATNAM,Coking Coal,Capesize,17.31,17.29,17.35,17.48,17.64,17.64,17.377142857142854,0.07867957924692494,17.547,0.11011436061565505,17.68607843137255,0.20220858964319455,-0.19000000000000128,-1.0869565217391377,0.0062753952593409155
2023-02-21,BALIKPAPAN,KAMARAJAR,Thermal Coal,Supramax,10.67,10.68,10.68,10.64,10.67,10.72,10.652857142857142,0.02214669705569258,10.706,0.05834499062503405,10.75313725490196,0.10582041761547578,0.03999999999999915,0.3759398496240521,0.005449746929295167
2023-02-21,TANJUNG_BARA,PARADIP,Thermal Coal,Supramax,11.26,11.16,11.17,11.19,11.35,11.6,11.16285714285714,0.02288688541087947,11.354333333333335,0.13307201403579205,11.448039215686276,0.16093501306854505,-0.02999999999999936,-0.2680965147453026,0.011719931952775037
2023-02-21,MAPUTO,VISAKHAPATNAM,Coking Coal,Panamax,18.98,19.02,19.02,19.08,19.26,19.38,19.037142857142857,0.024976179127231844,19.232333333333333,0.1189228475868379,19.38686274509804,0.21418207390982236,-0.05999999999999872,-0.31446540880502477,0.0061834851510566185
2023-02-22,HAY_POINT,PARADIP,Coking Coal,Capesize,18.15,18.05,18.02,17.95,18.36,18.37,18.0,0.043588989435445764,18.232666666666667,0.14920324793852383,18.396730769230768,0.23462712306514874,0.10000000000000142,0.5571030640668604,0.008183292694715922
2023-02-22,HAY_POINT,DHAMRA,Coking Coal,Capesize,17.88,17.76,17.69,17.69,18.04,18.16,17.71,0.02886751345931186,17.965,0.17115731823735628,18.134807692307692,0.25195307985708615,0.07000000000000028,0.3957037874505386,0.009527265139847274
2023-02-22,NEWCASTLE,DHAMRA,Thermal Coal,Panamax,21.54,21.48,21.38,21.52,21.65,21.82,21.434285714285714,0.052870011303422386,21.625,0.12425640897922405,21.836923076923078,0.28655861024242946,-0.03999999999999915,-0.18587360594795144,0.005745961108865852
2023-02-22,RICHARDS_BAY,PARADIP,Thermal Coal,Capesize,16.25,16.23,16.18,16.21,16.4,16.55,16.2,0.020000000000187756,16.348,0.12726296424712055,16.475576923076922,0.1830719719345209,0.019999999999999574,0.12338062924120649,0.007784619785118703
2023-02-22,HAY_POINT,VISAKHAPATNAM,Coking Coal,Capesize,17.37,17.31,17.32,17.47,17.6,17.53,17.352857142857143,0.06701101544129245,17.536,0.11678450534919703,17.678846153846152,0.2068972828994889,-0.16000000000000014,-0.9158557527189476,0.0066597003506613265
2023-02-22,TANJUNG_BARA,DHAMRA,Thermal Coal,Supramax,10.98,10.92,10.88,10.81,11.13,11.2,10.864285714285716,0.07276838664722182,11.032333333333334,0.1175228028741794,11.137692307692307,0.16155634462529678,0.10999999999999943,1.0175763182238615,0.010652579044098807
2023-02-22,BALIKPAPAN,KAMARAJAR,Thermal Coal,Supramax,10.72,10.67,10.64,10.62,10.63,10.74,10.657142857142857,0.0221466970556911,10.704333333333333,0.058644653654870316,10.751538461538463,0.10541020926454203,0.05000000000000071,0.4708097928436979,0.005478590009174196
2023-02-22,GLADSTONE,PARADIP,Coking Coal,Panamax,21.1,20.98,20.91,21.01,21.23,21.34,20.952857142857145,0.03946064947696805,21.160000000000004,0.13746472901853457,21.352692307692305,0.2630597888098613,-0.030000000000001137,-0.1427891480247555,0.006496442770252105
2023-02-22,MAPUTO,VISAKHAPATNAM,Coking Coal,Panamax,19.04,18.98,19.03,19.06,19.32,19.37,19.02285714285714,0.024976179127220922,19.219,0.12410646152841853,19.379038461538464,0.21944903928849707,-0.0799999999999983,-0.4197271773347235,0.006457487982122823
2023-02-22,TANJUNG_BARA,PARADIP,Thermal Coal,Supramax,11.35,11.26,11.16,11.19,11.33,11.57,11.172857142857142,0.04309458036858041,11.343,0.1257021657838899,11.444423076923076,0.161468912342569,0.07000000000000028,0.625558534405722,0.011081915347252922
2023-02-23,MAPUTO,VISAKHAPATNAM,Coking Coal,Panamax,19.12,19.04,19.02,19.04,19.33,19.36,19.02,0.020816659994310725,19.208000000000002,0.12488339388792628,19.37264150943396,0.22226241371748545,0.0,0.0,0.006501634417322276
2023-02-23,NEWCASTLE,DHAMRA,Thermal Coal,Panamax,21.56,21.54,21.43,21.45,21.64,21.8,21.437142857142856,0.05851332774501457,21.615666666666662,0.11953021067649028,21.83132075471698,0.2867056768497638,0.08999999999999986,0.419580419580419,0.005529795241560456
2023-02-23,BALIKPAPAN,KAMARAJAR,Thermal Coal,Supramax,10.68,10.72,10.68,10.66,10.72,10.7,10.671428571428573,0.026095064302517602,10.703666666666667,0.05833809504375493,10.750943396226415,0.10448158010171697,0.0600000000000005,0.5628517823639821,0.0054502907144363235
2023-02-23,TANJUNG_BARA,PARADIP,Thermal Coal,Supramax,11.31,11.35,11.16,11.14,11.32,11.52,11.195714285714287,0.08017837257373417,11.335666666666667,0.1181957270169249,11.442641509433964,0.1604339181407277,0.20999999999999908,1.8850987432674962,0.010426888024547144
2023-02-23,GLADSTONE,PARADIP,Coking Coal,Panamax,21.14,21.1,20.97,20.97,21.24,21.35,20.965714285714284,0.06654751256487867,21.152,0.13355613568575408,21.34792452830189,0.2628201965849416,0.13000000000000256,0.6199332379590012,0.006314113827806074
2023-02-23,HAY_POINT,PARADIP,Coking Coal,Capesize,18.24,18.15,18.05,17.95,18.31,18.36,18.02857142857143,0.06542898731415567,18.22533333333333,0.1476186450548116,18.392075471698114,0.2348187393466103,0.1999999999999993,1.1142061281337008,0.008099640338803768
2023-02-23,HAY_POINT,DHAMRA,Coking Coal,Capesize,17.88,17.88,17.69,17.69,18.05,18.13,17.737142857142857,0.06872997543867156,17.955666666666666,0.16775769335013366,18.13,0.2519615355259896,0.18999999999999773,1.0740531373657305,0.0093428830276496
2023-02-23,TANJUNG_BARA,DHAMRA,Thermal Coal,Supramax,11.06,10.98,10.98,10.76,11.05,11.16,10.888571428571428,0.0796719464279647,11.025,0.11349464517218243,11.134716981132076,0.16145496840134796,0.22000000000000064,2.044609665427515,0.010294298881830605
2023-02-23,HAY_POINT,VISAKHAPATNAM,Coking Coal,Capesize,17.46,17.37,17.29,17.42,17.6,17.52,17.33857142857143,0.0448807944925527,17.530666666666665,0.12065720417588705,17.673018867924526,0.20924392193782845,-0.05000000000000071,-0.28702640642939553,0.006882636380583761
2023-02-23,RICHARDS_BAY,PARADIP,Thermal Coal,Capesize,16.21,16.25,16.18,16.21,16.39,16.55,16.205714285714286,0.02760262237382755,16.338,0.12254204063967733,16.47132075471698,0.1839318198916388,0.03999999999999915,0.24676125848241298,0.007500430936447382
2023-02-24,TANJUNG_BARA,PARADIP,Thermal Coal,Supramax,11.37,11.31,11.26,11.13,11.37,11.5,11.219999999999999,0.08602325267043225,11.328666666666665,0.1130069675402614,11.440185185185184,0.15993501912469987,0.17999999999999972,1.6172506738544448,0.009975310499052087
2023-02-24,GLADSTONE,PARADIP,Coking Coal,Panamax,21.21,21.14,20.98,20.92,21.25,21.31,20.990000000000002,0.09380831519647471,21.145,0.1282172187048799,21.344074074074072,0.2618621163788504,0.21999999999999886,1.0516252390057306,0.00606371334617545
2023-02-24,BALIKPAPAN,KAMARAJAR,Thermal Coal,Supramax,10.7,10.68,10.67,10.65,10.72,10.68,10.674285714285714,0.025727509827126013,10.703000000000001,0.058495505279738305,10.74962962962963,0.10394053022041848,0.02999999999999936,0.2816901408450644,0.005465337314747108
2023-02-24,HAY_POINT,PARADIP,Coking Coal,Capesize,18.27,18.24,18.05,17.97,18.28,18.29,18.07,0.09327379053090804,18.221333333333334,0.14545370950648792,18.38925925925926,0.23351176166775234,0.2699999999999996,1.502504173622702,0.007982605160973653
2023-02-24,HAY_POINT,VISAKHAPATNAM,Coking Coal,Capesize,17.5,17.46,17.31,17.31,17.64,17.54,17.344285714285714,0.05769377287514127,17.528666666666666,0.12133548059234853,17.669074074074075,0.20927790063100826,0.15000000000000213,0.8665511265164769,0.006922116947040003
2023-02-24,TANJUNG_BARA,DHAMRA,Thermal Coal,Supramax,11.1,11.06,10.92,10.83,11.06,11.13,10.93142857142857,0.07967194642796395,11.021666666666667,0.11083020045697976,11.133333333333335,0.16024745016073963,0.23000000000000043,2.123730378578028,0.010055666153665184
2023-02-24,RICHARDS_BAY,PARADIP,Thermal Coal,Capesize,16.34,16.21,16.23,16.18,16.35,16.49,16.205714285714286,0.02760262237382755,16.326666666666668,0.11789338647570964,16.466481481481484,0.18562650070451028,0.030000000000001137,0.18541409147095883,0.00722090974738932
2023-02-24,NEWCASTLE,DHAMRA,Thermal Coal,Panamax,21.58,21.56,21.48,21.4,21.69,21.67,21.45285714285714,0.07499206307200611,21.607666666666667,0.114701511679696,21.826296296296295,0.28637813962303144,0.16000000000000014,0.7476635514018699,0.005308371026319177
2023-02-24,HAY_POINT,DHAMRA,Coking Coal,Capesize,17.92,17.88,17.76,17.71,18.02,18.17,17.764285714285712,0.0830375703837106,17.947333333333333,0.16498554447300479,18.12537037037037,0.25188132098318994,0.16999999999999815,0.959909655561819,0.00919276091933833
2023-02-24,MAPUTO,VISAKHAPATNAM,Coking Coal,Panamax,19.17,19.12,18.98,19.01,19.3,19.32,19.03142857142857,0.043369947901030985,19.2,0.12247448713916487,19.36796296296296,0.22282389721125595,0.10999999999999943,0.578642819568645,0.00637887953849817
2023-02-25,TANJUNG_BARA,PARADIP,Thermal Coal,Supramax,11.41,11.37,11.35,11.17,11.38,11.46,11.254285714285714,0.09180725150320242,11.324333333333332,0.10861775219528376,11.43890909090909,0.15872959451559246,0.1999999999999993,1.7905102954341925,0.00959153611944342
2023-02-25,BALIKPAPAN,KAMARAJAR,Thermal Coal,Supramax,10.7,10.7,10.72,10.68,10.67,10.72,10.68142857142857,0.024784787961281817,10.703666666666667,0.05833809504375493,10.748727272727272,0.10319084343269103,0.019999999999999574,0.18726591760299227,0.0054502907144363235
2023-02-25,RICHARDS_BAY,PARADIP,Thermal Coal,Capesize,16.38,16.34,16.25,16.21,16.27,16.48,16.228571428571428,0.05520524474744869,16.321666666666665,0.11383846187601658,16.464181818181817,0.18468883650607135,0.129999999999999,0.8019740900678531,0.006974683664414373
2023-02-25,GLADSTONE,PARADIP,Coking Coal,Panamax,21.29,21.21,21.1,20.91,21.23,21.31,21.03142857142857,0.11852265204432486,21.141666666666666,0.12504022341337054,21.34163636363636,0.2600552906763392,0.3000000000000007,1.4347202295552401,0.005914397638787728
2023-02-25,HAY_POINT,VISAKHAPATNAM,Coking Coal,Capesize,17.54,17.5,17.37,17.35,17.64,17.55,17.37142857142857,0.0794624799152553,17.527333333333335,0.12142638846681326,17.666,0.2085807419823924,0.14999999999999858,0.8645533141210292,0.006927830158617774
2023-02-25,NEWCASTLE,DHAMRA,Thermal Coal,Panamax,21.71,21.58,21.54,21.38,21.65,21.72,21.478571428571428,0.08414839499918651,21.604666666666667,0.11419080624062189,21.821818181818184,0.2856512436462218,0.1999999999999993,0.9354536950420921,0.005285469477610789
2023-02-25,MAPUTO,VISAKHAPATNAM,Coking Coal,Panamax,19.23,19.17,19.04,19.02,19.34,19.35,19.054285714285715,0.06629659188242343,19.195,0.12045173593459192,19.364363636363635,0.22235909925966071,0.15000000000000213,0.7886435331230396,0.0062751620700490715
2023-02-25,HAY_POINT,PARADIP,Coking Coal,Capesize,18.37,18.27,18.15,18.01,18.26,18.31,18.11285714285714,0.10750415274372847,18.220666666666666,0.14517369699381824,18.387090909090908,0.23189774827834356,0.259999999999998,1.4436424208772791,0.007967529380217605
2023-02-25,HAY_POINT,DHAMRA,Coking Coal,Capesize,18.06,17.92,17.88,17.74,17.93,18.15,17.794285714285714,0.09692903638864164,17.939000000000004,0.1595759466793691,18.121636363636366,0.25107003328983885,0.18000000000000327,1.0146561443066702,0.008895476151366804
2023-02-25,TANJUNG_BARA,DHAMRA,Thermal Coal,Supramax,11.18,11.1,10.98,10.87,11.01,11.17,10.97,0.08736894948054809,11.020666666666667,0.10995087722387588,11.132727272727271,0.158820356767971,0.23000000000000043,2.1159153633854686,0.00997679002091911
2023-02-26,HAY_POINT,PARADIP,Coking Coal,Capesize,18.43,18.37,18.24,18.02,18.21,18.25,18.164285714285715,0.13314868166292926,18.222666666666665,0.14685045955415582,18.386785714285715,0.2297912660960514,0.3500000000000014,1.9422863485016726,0.008058670129920018
2023-02-26,HAY_POINT,DHAMRA,Coking Coal,Capesize,18.08,18.06,17.88,17.69,17.87,18.18,17.84,0.13503086067017012,17.936,0.15628444447929873,18.120535714285715,0.24891341789945512,0.36999999999999744,2.091577162238538,0.008713450294340919
2023-02-26,TANJUNG_BARA,DHAMRA,Thermal Coal,Supramax,11.17,11.18,11.06,10.88,11.02,11.08,11.014285714285714,0.10501700542565703,11.020999999999999,0.1104333158126672,11.133571428571429,0.15749665013959716,0.29999999999999893,2.7573529411764603,0.010020262754075603
2023-02-26,HAY_POINT,VISAKHAPATNAM,Coking Coal,Capesize,17.62,17.54,17.46,17.32,17.61,17.57,17.39857142857143,0.10056980518168454,17.526999999999997,0.12137573466520699,17.66375,0.2073605774753449,0.21999999999999886,1.2702078521939888,0.006925071869983854
2023-02-26,GLADSTONE,PARADIP,Coking Coal,Panamax,21.28,21.29,21.14,20.91,21.16,21.31,21.08571428571429,0.13890730036696688,21.141000000000002,0.12416201873581545,21.340714285714284,0.2577726774636022,0.379999999999999,1.8173122907699617,0.0058730437886483815
2023-02-26,MAPUTO,VISAKHAPATNAM,Coking Coal,Panamax,19.3,19.23,19.12,19.03,19.25,19.3,19.084285714285716,0.0910781976942096,19.191,0.11707203794658667,19.361964285714286,0.22105877164111615,0.1999999999999993,1.0509721492380413,0.006100361520847621
2023-02-26,BALIKPAPAN,KAMARAJAR,Thermal Coal,Supramax,10.73,10.7,10.68,10.64,10.65,10.75,10.684285714285716,0.025727509827122904,10.703,0.058259230436346635,10.747857142857143,0.10245556528145675,0.05999999999999872,0.5639097744360781,0.00544326174309508
2023-02-26,RICHARDS_BAY,PARADIP,Thermal Coal,Capesize,16.39,16.38,16.21,16.18,16.2,16.4,16.252857142857142,0.07825477316953497,16.318333333333335,0.11045621174312524,16.462678571428572,0.18334756930167137,0.1999999999999993,1.2360939431396742,0.006768841491765411
2023-02-26,TANJUNG_BARA,PARADIP,Thermal Coal,Supramax,11.42,11.41,11.31,11.16,11.31,11.45,11.288571428571428,0.09957050624701246,11.322666666666667,0.1068332033280636,11.438392857142857,0.15732741523464944,0.25,2.240143369175627,0.009435339436651874
2023-02-26,NEWCASTLE,DHAMRA,Thermal Coal,Panamax,21.74,21.71,21.56,21.38,21.61,21.68,21.525714285714287,0.10860588425691328,21.604333333333333,0.11385663499915821,21.81982142857143,0.2834366440120814,0.33000000000000185,1.543498596819466,0.005270083239434599
2023-02-27,RICHARDS_BAY,PARADIP,Thermal Coal,Capesize,16.37,16.39,16.34,16.18,16.19,16.41,16.282857142857143,0.0855792587243805,16.318,0.11021608869350702,16.46140350877193,0.1819579876597424,0.21000000000000085,1.297898640296668,0.0067542645356972065
2023-02-27,HAY_POINT,VISAKHAPATNAM,Coking Coal,Capesize,17.67,17.62,17.5,17.29,17.56,17.57,17.44142857142857,0.1229401712796982,17.528666666666666,0.12232611397784617,17.66298245614035,0.20558249050199273,0.33000000000000185,1.908617698091393,0.0069786319920423405
2023-02-27,GLADSTONE,PARADIP,Coking Coal,Panamax,21.3,21.28,21.21,20.97,21.07,21.3,21.138571428571428,0.131076132003324,21.14,0.12286802563783317,21.33964912280702,0.2555873132350623,0.3100000000000023,1.4783023366714463,0.00581211095732418
2023-02-27,TANJUNG_BARA,DHAMRA,Thermal Coal,Supramax,11.18,11.17,11.1,10.98,10.97,11.08,11.055714285714286,0.10030904626156938,11.024000000000001,0.1132772004329733,11.134210526315789,0.15615865751148522,0.1899999999999995,1.7304189435336932,0.01027550802185897
2023-02-27,TANJUNG_BARA,PARADIP,Thermal Coal,Supramax,11.46,11.42,11.37,11.16,11.23,11.46,11.325714285714286,0.09180725150319974,11.321666666666667,0.10573497556378078,11.438070175438597,0.15593541012331366,0.2599999999999998,2.3297491039426506,0.009339170519397684
2023-02-27,HAY_POINT,DHAMRA,Coking Coal,Capesize,18.09,18.08,17.92,17.69,17.89,18.17,17.895714285714284,0.14304511442862952,17.932666666666666,0.15190589948664465,18.119824561403508,0.24673938845376012,0.389999999999997,2.2046353872244033,0.008470904094203018
2023-02-27,NEWCASTLE,DHAMRA,Thermal Coal,Panamax,21.72,21.74,21.58,21.43,21.55,21.73,21.577142857142857,0.1132422603262508,21.606333333333332,0.11574297724530601,21.81842105263158,0.2810934610313563,0.3099999999999987,1.4465702286514173,0.005356900472637931
2023-02-27,HAY_POINT,PARADIP,Coking Coal,Capesize,18.42,18.43,18.27,18.05,18.16,18.23,18.222857142857144,0.1484042099261829,18.228666666666665,0.1516059623368893,18.38754385964912,0.22780223802483401,0.379999999999999,2.1052631578947314,0.00831689805454171
2023-02-27,MAPUTO,VISAKHAPATNAM,Coking Coal,Panamax,19.34,19.3,19.17,19.02,19.17,19.28,19.122857142857146,0.1175746976343042,19.191,0.11707203794658667,19.360877192982453,0.21922982641962424,0.28000000000000114,1.4721345951629923,0.006100361520847621
2023-02-27,BALIKPAPAN,KAMARAJAR,Thermal Coal,Supramax,10.78,10.73,10.7,10.68,10.66,10.82,10.69714285714286,0.022146697055678052,10.702333333333334,0.057815600646899654,10.747543859649124,0.10156420737913217,0.05000000000000071,0.46816479400749733,0.005402149124511756
2023-02-28,MAPUTO,VISAKHAPATNAM,Coking Coal,Panamax,19.35,19.34,19.23,18.98,19.08,19.21,19.16857142857143,0.13221555271957255,19.192999999999998,0.11913915364411466,19.360517241379313,0.21731553915255908,0.35999999999999943,1.8967334035827157,0.00620742737686212
2023-02-28,HAY_POINT,PARADIP,Coking Coal,Capesize,18.45,18.42,18.37,18.05,18.06,18.32,18.275714285714287,0.14234431763126396,18.235,0.15558011574039746,18.388103448275864,0.22583534520928258,0.370000000000001,2.0498614958448806,0.008531950410770357
2023-02-28,NEWCASTLE,DHAMRA,Thermal Coal,Panamax,21.75,21.72,21.71,21.48,21.51,21.72,21.618571428571425,0.10302565561196471,21.606,0.11538839958426889,21.816724137931033,0.2789163738787399,0.23999999999999844,1.1173184357541828,0.005340572044074279
2023-02-28,HAY_POINT,VISAKHAPATNAM,Coking Coal,Capesize,17.75,17.67,17.54,17.31,17.48,17.54,17.49571428571429,0.1286930641561531,17.532,0.12482815774302969,17.663103448275862,0.20377323909276301,0.360000000000003,2.0797227036395323,0.007120018123604249
2023-02-28,BALIKPAPAN,KAMARAJAR,Thermal Coal,Supramax,10.78,10.78,10.7,10.67,10.64,10.8,10.71142857142857,0.03670993118515251,10.700999999999999,0.05542002625717256,10.748103448275861,0.10075951736078317,0.10999999999999943,1.030927835051541,0.005178957691540283
2023-02-28,HAY_POINT,DHAMRA,Coking Coal,Capesize,18.15,18.09,18.06,17.76,17.76,18.11,17.952857142857145,0.12605743211121226,17.93,0.14825420852314286,18.11931034482759,0.24459678290381448,0.3299999999999983,1.8581081081080986,0.008268500196494303
2023-02-28,RICHARDS_BAY,PARADIP,Thermal Coal,Capesize,16.45,16.37,16.38,16.23,16.13,16.46,16.31,0.07724420150840211,16.316666666666666,0.10930291138290904,16.459827586206895,0.18075369865241353,0.14000000000000057,0.8626001232285925,0.006698850544407092
2023-02-28,TANJUNG_BARA,PARADIP,Thermal Coal,Supramax,11.47,11.46,11.41,11.26,11.19,11.45,11.36857142857143,0.06866065623255986,11.321666666666667,0.10573497556378078,11.438448275862068,0.15458832397453603,0.20000000000000107,1.776198934280649,0.009339170519397684
2023-02-28,GLADSTONE,PARADIP,Coking Coal,Panamax,21.34,21.3,21.29,20.98,21.0,21.27,21.185714285714287,0.11914377069422499,21.139999999999997,0.12286802563783317,21.33896551724138,0.2533888881041177,0.3200000000000003,1.5252621544327944,0.0058121109573241805
2023-02-28,TANJUNG_BARA,DHAMRA,Thermal Coal,Supramax,11.19,11.18,11.18,10.92,10.87,11.14,11.084285714285715,0.10357881747042787,11.027333333333333,0.11640989806634595,11.135000000000002,0.15489951468330257,0.2599999999999998,2.380952380952379,0.010556486735960277
2023-03-01,MAPUTO,VISAKHAPATNAM,Coking Coal,Panamax,19.34,19.35,19.3,19.04,19.06,19.24,19.22142857142857,0.11739230119962467,19.197666666666667,0.12252187231430854,19.36033898305085,0.21543833505841006,0.3100000000000023,1.6281512605042137,0.00638212312161071
2023-03-01,RICHARDS_BAY,PARADIP,Thermal Coal,Capesize,16.49,16.45,16.39,16.25,16.21,16.49,16.341428571428573,0.0837513326120158,16.316333333333333,0.10886509631374393,16.459661016949152,0.17919326978678357,0.1999999999999993,1.2307692307692264,0.006672154465693514
2023-03-01,BALIKPAPAN,KAMARAJAR,Thermal Coal,Supramax,10.79,10.78,10.73,10.72,10.62,10.82,10.727142857142855,0.03946064947694343,10.700333333333333,0.05429696970864113,10.74864406779661,0.09997340382733247,0.05999999999999872,0.5597014925373014,0.005074325071677624
2023-03-01,HAY_POINT,VISAKHAPATNAM,Coking Coal,Capesize,17.81,17.75,17.62,17.37,17.47,17.55,17.55857142857143,0.13031098334732277,17.538999999999998,0.13102645165951854,17.66457627118644,0.2023254635984765,0.379999999999999,2.1876799078871563,0.0074705770944477196
2023-03-01,TANJUNG_BARA,PARADIP,Thermal Coal,Supramax,11.52,11.47,11.42,11.35,11.19,11.48,11.39857142857143,0.0584318895320488,11.322333333333331,0.10663128004980307,11.438983050847456,0.15330491270503233,0.120000000000001,1.0572687224669692,0.00941778314686046
2023-03-01,TANJUNG_BARA,DHAMRA,Thermal Coal,Supramax,11.15,11.19,11.17,10.98,10.81,11.11,11.122857142857143,0.07973169292786578,11.029,0.11841918530490238,11.13593220338983,0.1537252210934616,0.20999999999999908,1.9125683060109204,0.01073707365172748
2023-03-01,GLADSTONE,PARADIP,Coking Coal,Panamax,21.39,21.34,21.28,21.1,21.01,21.19,21.23714285714286,0.08957571949925323,21.142333333333333,0.12604551267049977,21.338983050847457,0.25119503972737267,0.23999999999999844,1.1374407582938313,0.005961759787022866
2023-03-01,HAY_POINT,PARADIP,Coking Coal,Capesize,18.47,18.45,18.43,18.15,17.95,18.31,18.33285714285714,0.11412190641509355,18.239333333333335,0.15978289868645534,18.389152542372884,0.22402499964861766,0.3000000000000007,1.6528925619834753,0.00876034752840685
2023-03-01,NEWCASTLE,DHAMRA,Thermal Coal,Panamax,21.82,21.75,21.74,21.54,21.52,21.68,21.657142857142855,0.09250482612887252,21.607000000000003,0.11653473657062276,21.815593220338982,0.2766378884617113,0.21000000000000085,0.9749303621169957,0.005393378838831061
2023-03-01,HAY_POINT,DHAMRA,Coking Coal,Capesize,18.2,18.15,18.08,17.88,17.69,18.06,18.008571428571425,0.11201615529742774,17.931333333333335,0.15009728645879905,18.119830508474575,0.24251193732028875,0.2699999999999996,1.5100671140939574,0.008370670695177848
2023-03-02,GLADSTONE,PARADIP,Coking Coal,Panamax,21.45,21.39,21.3,21.14,20.97,21.2,21.27857142857143,0.08234653836653462,21.149,0.1337096700394938,21.339833333333335,0.2491442415697092,0.25,1.1825922421948913,0.006322269139888118
2023-03-02,TANJUNG_BARA,PARADIP,Thermal Coal,Supramax,11.55,11.52,11.46,11.31,11.14,11.49,11.422857142857142,0.0692132660006437,11.323666666666668,0.10889676646773529,11.440333333333333,0.15235959545655084,0.20999999999999908,1.8567639257294346,0.009616740731895022
2023-03-02,HAY_POINT,PARADIP,Coking Coal,Capesize,18.56,18.47,18.42,18.24,17.95,18.38,18.37857142857143,0.09026416258751348,18.244666666666667,0.16481407148942695,18.3905,0.2223634602954734,0.23000000000000043,1.2609649122807043,0.009033547967776534
2023-03-02,RICHARDS_BAY,PARADIP,Thermal Coal,Capesize,16.5,16.49,16.37,16.21,16.21,16.45,16.375714285714285,0.08904252595570848,16.316333333333333,0.10886509631374393,16.460166666666666,0.1777113605924388,0.2799999999999976,1.727328809376913,0.006672154465693514
2023-03-02,HAY_POINT,DHAMRA,Coking Coal,Capesize,18.3,18.2,18.09,17.88,17.69,18.11,18.054285714285715,0.11602544876838256,17.936,0.15628444447929837,18.121166666666667,0.24067061439396295,0.3200000000000003,1.7897091722595095,0.0087134502943409
2023-03-02,MAPUTO,VISAKHAPATNAM,Coking Coal,Panamax,19.44,19.34,19.34,19.12,19.04,19.27,19.264285714285716,0.09216961590041525,19.201000000000004,0.12504757715256026,19.36,0.21362092197414426,0.21999999999999886,1.1506276150627555,0.006512555447766274
2023-03-02,TANJUNG_BARA,DHAMRA,Thermal Coal,Supramax,11.19,11.15,11.18,11.06,10.76,11.14,11.147142857142857,0.048892496259413366,11.030333333333335,0.11958212683119586,11.136166666666666,0.15242771742549938,0.08999999999999986,0.8137432188065086,0.010841206989622178
2023-03-02,BALIKPAPAN,KAMARAJAR,Thermal Coal,Supramax,10.83,10.79,10.78,10.68,10.66,10.83,10.737142857142857,0.04572172558505819,10.699333333333332,0.052254901326521976,10.749333333333334,0.09926623449458756,0.10999999999999943,1.0299625468164741,0.004883939933315657
2023-03-02,NEWCASTLE,DHAMRA,Thermal Coal,Panamax,21.88,21.82,21.72,21.56,21.45,21.69,21.697142857142858,0.0939351346611064,21.611666666666665,0.12222318007286821,21.81566666666667,0.2742840706501738,0.26000000000000156,1.2059369202226418,0.005655425930725761
2023-03-02,HAY_POINT,VISAKHAPATNAM,Coking Coal,Capesize,17.86,17.81,17.67,17.46,17.42,17.59,17.62142857142857,0.1303109833473177,17.547666666666668,0.14006607636086513,17.666999999999998,0.20148011635924545,0.34999999999999787,2.0045819014891055,0.007982034251136815
2023-03-03,BALIKPAPAN,KAMARAJAR,Thermal Coal,Supramax,10.82,10.83,10.78,10.7,10.65,10.76,10.758571428571429,0.04947341758578905,10.699333333333334,0.052254901326521976,10.750655737704918,0.09897590367456464,0.13000000000000078,1.2149532710280448,0.004883939933315656
2023-03-03,HAY_POINT,PARADIP,Coking Coal,Capesize,18.55,18.56,18.45,18.27,17.97,18.37,18.424285714285713,0.0894160952806832,18.250666666666667,0.17298461827839476,18.39327868852459,0.22156805810311422,0.28999999999999915,1.5873015873015828,0.009478262982816779
2023-03-03,HAY_POINT,DHAMRA,Coking Coal,Capesize,18.38,18.3,18.15,17.92,17.71,18.07,18.114285714285714,0.11942321701372165,17.942333333333337,0.16705735817238443,18.124098360655736,0.2397524907703784,0.379999999999999,2.1205357142857086,0.009310793366101643
2023-03-03,TANJUNG_BARA,DHAMRA,Thermal Coal,Supramax,11.23,11.19,11.19,11.1,10.83,11.11,11.165714285714285,0.0320713490294987,11.032000000000002,0.12149641686216824,11.13704918032787,0.15130922270078848,0.08999999999999986,0.8108108108108096,0.011013090723546793
2023-03-03,NEWCASTLE,DHAMRA,Thermal Coal,Panamax,21.91,21.88,21.75,21.58,21.4,21.7,21.742857142857144,0.09393513466110961,21.618,0.13102776752302311,21.81672131147541,0.2721134647622535,0.3000000000000007,1.390176088971273,0.006061049473726669
2023-03-03,RICHARDS_BAY,PARADIP,Thermal Coal,Capesize,16.53,16.5,16.45,16.34,16.18,16.48,16.417142857142856,0.06264031867583232,16.318,0.11133670584746061,16.460819672131148,0.1762979966039245,0.16000000000000014,0.9791921664626693,0.0068229382183760635
2023-03-03,HAY_POINT,VISAKHAPATNAM,Coking Coal,Capesize,17.84,17.86,17.75,17.5,17.31,17.62,17.678571428571427,0.13533028380328266,17.55666666666667,0.15111843570258576,17.67016393442623,0.20131643254073547,0.35999999999999943,2.057142857142854,0.008607467383857172
2023-03-03,TANJUNG_BARA,PARADIP,Thermal Coal,Supramax,11.58,11.55,11.47,11.37,11.13,11.39,11.457142857142857,0.06317021600782818,11.325666666666669,0.11254679741866247,11.442131147540984,0.1517356775679166,0.1800000000000015,1.5831134564643932,0.009937322078346744
2023-03-03,GLADSTONE,PARADIP,Coking Coal,Panamax,21.53,21.45,21.34,21.21,20.92,21.17,21.322857142857142,0.078679579246931,21.157333333333334,0.14436384429707902,21.341639344262294,0.24746164906822185,0.23999999999999844,1.1315417256011242,0.0068233478209484034
2023-03-03,MAPUTO,VISAKHAPATNAM,Coking Coal,Panamax,19.51,19.44,19.35,19.17,19.01,19.28,19.310000000000002,0.0879393730551131,19.206666666666663,0.13194391006143544,19.361311475409835,0.2120807661390324,0.2699999999999996,1.4084507042253498,0.006869693338845998
2023-03-04,NEWCASTLE,DHAMRA,Thermal Coal,Panamax,22.02,21.91,21.82,21.71,21.38,21.72,21.79,0.08041558721204854,21.625,0.14080433966665978,21.818225806451615,0.27013368999562165,0.1999999999999993,0.9212344541685825,0.006511183337186579
2023-03-04,HAY_POINT,DHAMRA,Coking Coal,Capesize,18.31,18.38,18.2,18.06,17.74,18.06,18.18,0.12124355652983757,17.95266666666667,0.18395901592535804,18.128225806451614,0.23998991914312134,0.3200000000000003,1.7718715393134015,0.010246890856995693
2023-03-04,RICHARDS_BAY,PARADIP,Thermal Coal,Capesize,16.54,16.53,16.49,16.38,16.21,16.45,16.444285714285716,0.06477065767180112,16.319666666666667,0.11418325661826473,16.461935483870967,0.1750675626926333,0.15000000000000213,0.9157509157509288,0.006996665982859009
2023-03-04,TANJUNG_BARA,PARADIP,Thermal Coal,Supramax,11.6,11.58,11.52,11.41,11.17,11.36,11.487142857142857,0.06473388749700884,11.332,0.12129758220293552,11.444354838709677,0.15150199877209863,0.16999999999999993,1.4899211218229618,0.010703987134039491
2023-03-04,HAY_POINT,PARADIP,Coking Coal,Capesize,18.57,18.55,18.47,18.37,18.01,18.35,18.464285714285715,0.0692476576877823,18.256666666666664,0.1802361158904253,18.395806451612902,0.22064397839867803,0.17999999999999972,0.9798584648884034,0.009872345219486506
2023-03-04,MAPUTO,VISAKHAPATNAM,Coking Coal,Panamax,19.55,19.51,19.34,19.23,19.02,19.27,19.35857142857143,0.0915475416433813,19.214333333333332,0.14260346113064007,19.363709677419354,0.21118117364370428,0.28000000000000114,1.456058242329699,0.007421723078117381
2023-03-04,HAY_POINT,VISAKHAPATNAM,Coking Coal,Capesize,17.87,17.84,17.81,17.54,17.35,17.68,17.727142857142855,0.12079104350268083,17.564,0.15940838899744175,17.67290322580645,0.2008211592990391,0.3000000000000007,1.7103762827822162,0.009075859086622737
2023-03-04,GLADSTONE,PARADIP,Coking Coal,Panamax,21.62,21.53,21.39,21.29,20.91,21.19,21.368571428571425,0.09370673604895897,21.169333333333334,0.15961015725464361,21.34467741935484,0.24658798012225364,0.240000000000002,1.127289807421334,0.00753968746872726
2023-03-04,BALIKPAPAN,KAMARAJAR,Thermal Coal,Supramax,10.87,10.82,10.79,10.7,10.68,10.73,10.775714285714287,0.04649628761420944,10.701333333333334,0.05569209275474537,10.751774193548387,0.09855553803418558,0.120000000000001,1.1214953271028132,0.005204219980819714
2023-03-04,TANJUNG_BARA,DHAMRA,Thermal Coal,Supramax,11.26,11.23,11.15,11.18,10.87,11.06,11.184285714285712,0.024397501823721766,11.036000000000001,0.1260432328676358,11.138548387096774,0.15052745269135862,0.05000000000000071,0.4472271914132443,0.011421097577712558
2023-03-05,TANJUNG_BARA,PARADIP,Thermal Coal,Supramax,11.61,11.6,11.55,11.42,11.16,11.39,11.514285714285716,0.06679749068568192,11.34,0.13075378282917843,11.446825396825396,0.1515492616261688,0.17999999999999972,1.5761821366024493,0.011530315946135664
2023-03-05,TANJUNG_BARA,DHAMRA,Thermal Coal,Supramax,11.26,11.26,11.19,11.17,10.88,11.06,11.195714285714287,0.03735288603626821,11.042666666666667,0.1324811849577781,11.14047619047619,0.15009060243763445,0.08999999999999986,0.8057296329453881,0.011997209456451772
2023-03-05,BALIKPAPAN,KAMARAJAR,Thermal Coal,Supramax,10.87,10.87,10.83,10.73,10.64,10.74,10.799999999999999,0.04472135954997478,10.706,0.06349585921878571,10.753650793650793,0.09888575335760891,0.1399999999999988,1.3047530288909486,0.005930866730691735
2023-03-05,HAY_POINT,PARADIP,Coking Coal,Capesize,18.58,18.57,18.56,18.43,18.02,18.37,18.49285714285714,0.06499084184572239,18.264,0.18845286614594958,18.39857142857143,0.21995495977994575,0.14000000000000057,0.759631036353774,0.010318269061867585
2023-03-05,HAY_POINT,DHAMRA,Coking Coal,Capesize,18.26,18.31,18.3,18.08,17.69,18.02,18.215714285714284,0.11674147261610389,17.961000000000002,0.1943574737081217,18.13111111111111,0.2391457317277137,0.23000000000000043,1.2721238938053123,0.010821083108296959
2023-03-05,MAPUTO,VISAKHAPATNAM,Coking Coal,Panamax,19.55,19.55,19.44,19.3,19.03,19.24,19.404285714285717,0.09641181512259481,19.223666666666666,0.15499684831797955,19.366666666666664,0.21078195429889954,0.25,1.2953367875647668,0.008062813978497662
2023-03-05,NEWCASTLE,DHAMRA,Thermal Coal,Panamax,22.03,22.02,21.88,21.74,21.38,21.7,21.83428571428571,0.1092179995630949,21.634999999999998,0.15745278438421972,21.821428571428573,0.26914953957675286,0.28000000000000114,1.2879484820607228,0.007277688208191344
2023-03-05,HAY_POINT,VISAKHAPATNAM,Coking Coal,Capesize,17.85,17.87,17.86,17.62,17.32,17.69,17.774285714285714,0.09778499251876074,17.570333333333334,0.16773302541864873,17.676031746031743,0.2007368658182017,0.25,1.4188422247446084,0.009546376966021251
2023-03-05,GLADSTONE,PARADIP,Coking Coal,Panamax,21.64,21.62,21.45,21.28,20.91,21.2,21.415714285714284,0.12528063735164335,21.183666666666667,0.17958733027528384,21.34904761904762,0.2470386823942338,0.33999999999999986,1.5977443609022548,0.008477631993609094
2023-03-05,RICHARDS_BAY,PARADIP,Thermal Coal,Capesize,16.57,16.54,16.5,16.39,16.18,16.45,16.467142857142857,0.06651172470932058,16.322666666666667,0.11881406317938069,16.463174603174604,0.1739282888640566,0.14999999999999858,0.9151921903599669,0.007279084086304159
2023-03-06,TANJUNG_BARA,PARADIP,Thermal Coal,Supramax,11.64,11.61,11.58,11.46,11.16,11.38,11.541428571428572,0.06039552175134997,11.347333333333333,0.13952958735382417,11.449375,0.15171898626622501,0.14999999999999858,1.308900523560197,0.012296244699532123
2023-03-06,HAY_POINT,DHAMRA,Coking Coal,Capesize,18.23,18.26,18.38,18.09,17.69,17.97,18.24142857142857,0.10056980518173268,17.968999999999998,0.20167146379778492,18.133125,0.2377865856549939,0.1700000000000017,0.9397457158651282,0.011223299226322274
2023-03-06,NEWCASTLE,DHAMRA,Thermal Coal,Panamax,22.08,22.03,21.91,21.72,21.43,21.67,21.875714285714285,0.12177262183497979,21.646,0.17291815883582448,21.8246875,0.26827472740658886,0.3100000000000023,1.4272559852670457,0.007988457859919822
2023-03-06,HAY_POINT,VISAKHAPATNAM,Coking Coal,Capesize,17.87,17.85,17.84,17.67,17.29,17.63,17.807142857142857,0.07273565968948674,17.575666666666667,0.17409239190596845,17.67875,0.2003211706948895,0.17999999999999972,1.0186757215619677,0.00990530801520863
2023-03-06,HAY_POINT,PARADIP,Coking Coal,Capesize,18.59,18.58,18.55,18.42,18.05,18.37,18.514285714285712,0.0655380660017076,18.271,0.1962642483296852,18.40140625,0.21937767092391222,0.1599999999999966,0.868621064060785,0.010741844908854752
2023-03-06,TANJUNG_BARA,DHAMRA,Thermal Coal,Supramax,11.27,11.26,11.23,11.18,10.98,11.09,11.208571428571428,0.04220133150686883,11.049333333333333,0.1382883876575342,11.14234375,0.1496423480879317,0.08000000000000007,0.7155635062611813,0.012515541298799403
2023-03-06,GLADSTONE,PARADIP,Coking Coal,Panamax,21.62,21.64,21.53,21.3,20.97,21.2,21.467142857142857,0.13387983240131623,21.19833333333333,0.1979913500955165,21.35359375,0.24775414841240548,0.33999999999999986,1.5962441314553983,0.009339948899859259
2023-03-06,MAPUTO,VISAKHAPATNAM,Coking Coal,Panamax,19.57,19.55,19.51,19.34,19.02,19.3,19.44,0.09763879010582545,19.233999999999998,0.16606189124582066,19.36953125,0.21035442266546134,0.21000000000000085,1.0858324715615348,0.008633767871780216
2023-03-06,BALIKPAPAN,KAMARAJAR,Thermal Coal,Supramax,10.81,10.87,10.82,10.78,10.68,10.73,10.819999999999999,0.03915780041487442,10.710333333333333,0.06999917897712836,10.75546875,0.09917004295973093,0.08999999999999986,0.8348794063079765,0.006535667639705738
2023-03-06,RICHARDS_BAY,PARADIP,Thermal Coal,Capesize,16.53,16.57,16.53,16.37,16.18,16.39,16.492857142857144,0.06651172470931652,16.326666666666668,0.12510225702457228,16.46484375,0.1730583183427456,0.1999999999999993,1.2217470983506369,0.0076624493890101435
2023-03-07,HAY_POINT,VISAKHAPATNAM,Coking Coal,Capesize,17.93,17.87,17.87,17.75,17.31,17.63,17.835714285714285,0.04314979445945009,17.583666666666666,0.18200953619074145,17.681692307692305,0.20016063260829664,0.120000000000001,0.6760563380281746,0.010351057014506348
2023-03-07,BALIKPAPAN,KAMARAJAR,Thermal Coal,Supramax,10.86,10.81,10.87,10.78,10.67,10.69,10.824285714285717,0.03552329886007891,10.713000000000001,0.0722614983094857,10.756307692307692,0.09862443331220616,0.030000000000001137,0.27829313543600315,0.0067452159347975065
2023-03-07,MAPUTO,VISAKHAPATNAM,Coking Coal,Panamax,19.56,19.57,19.55,19.35,18.98,19.28,19.472857142857144,0.09707630773678164,19.243000000000002,0.17673572712210736,19.372615384615386,0.21018055424946988,0.21999999999999886,1.1369509043927588,0.009184416521441944
2023-03-07,RICHARDS_BAY,PARADIP,Thermal Coal,Capesize,16.56,16.53,16.54,16.45,16.23,16.35,16.515714285714285,0.03909694909541459,16.331333333333337,0.13005922611967619,16.465846153846154,0.17189106568271226,0.08000000000000185,0.48632218844985925,0.007963784919766266
2023-03-07,GLADSTONE,PARADIP,Coking Coal,Panamax,21.6,21.62,21.62,21.34,20.98,21.21,21.512857142857143,0.12134170562425703,21.212333333333333,0.21243552098157784,21.357692307692307,0.24802198258653296,0.28000000000000114,1.3120899718837917,0.01001471727053025
2023-03-07,HAY_POINT,DHAMRA,Coking Coal,Capesize,18.31,18.23,18.31,18.15,17.76,18.01,18.26142857142857,0.07646972634726534,17.977666666666668,0.207226069011979,18.134615384615383,0.23622735951750987,0.08000000000000185,0.4407713498622691,0.011526861235902639
2023-03-07,NEWCASTLE,DHAMRA,Thermal Coal,Panamax,22.05,22.08,22.02,21.75,21.48,21.71,21.927142857142858,0.12106668764419602,21.65966666666667,0.19021735903476344,21.828615384615382,0.2680477856364711,0.3299999999999983,1.517241379310337,0.00878210001853353
2023-03-07,TANJUNG_BARA,PARADIP,Thermal Coal,Supramax,11.64,11.64,11.6,11.47,11.26,11.35,11.567142857142857,0.05822779568620736,11.355999999999998,0.14935724357023525,11.452307692307691,0.15237463321089248,0.16999999999999993,1.4821272885789007,0.013152275763493771
2023-03-07,TANJUNG_BARA,DHAMRA,Thermal Coal,Supramax,11.29,11.27,11.26,11.19,10.92,11.1,11.221428571428573,0.04561745697594895,11.055333333333332,0.14390450217810194,11.144307692307692,0.14931059522402862,0.08000000000000007,0.7149240393208228,0.013016749277401733
2023-03-07,HAY_POINT,PARADIP,Coking Coal,Capesize,18.57,18.59,18.57,18.45,18.05,18.35,18.538571428571426,0.05550632739569831,18.27833333333333,0.20404670414213252,18.404307692307693,0.21891043567211266,0.14000000000000057,0.7588075880758839,0.011163310156403716
2023-03-08,RICHARDS_BAY,PARADIP,Thermal Coal,Capesize,16.62,16.56,16.57,16.49,16.25,16.35,16.53142857142857,0.029113897843071293,16.33833333333333,0.13658604294156573,16.467272727272725,0.17095699373320106,0.07000000000000028,0.42449969678593263,0.008359851654079308
2023-03-08,GLADSTONE,PARADIP,Coking Coal,Panamax,21.6,21.6,21.64,21.39,21.1,21.21,21.55,0.0969535971482941,21.22533333333333,0.22391090182039997,21.361363636363635,0.24790746638234282,0.21000000000000085,0.9817671809256702,0.010549228994616496
2023-03-08,TANJUNG_BARA,PARADIP,Thermal Coal,Supramax,11.59,11.64,11.61,11.52,11.35,11.35,11.59142857142857,0.04488079449256646,11.365666666666668,0.15808516546542858,11.455151515151515,0.15295290802921088,0.120000000000001,1.0416666666666752,0.013909009484596467
2023-03-08,MAPUTO,VISAKHAPATNAM,Coking Coal,Panamax,19.54,19.56,19.55,19.34,19.04,19.29,19.502857142857145,0.08440266301371699,19.252333333333333,0.1859121656410193,19.375454545454545,0.20982910129019464,0.21999999999999886,1.1375387797311212,0.009656604340998631
2023-03-08,HAY_POINT,PARADIP,Coking Coal,Capesize,18.58,18.57,18.58,18.47,18.15,18.34,18.555714285714288,0.039940431835974045,18.285666666666668,0.21056055453583766,18.40681818181818,0.21817536412365593,0.10000000000000142,0.5414185165132724,0.011515060313314854
2023-03-08,BALIKPAPAN,KAMARAJAR,Thermal Coal,Supramax,10.83,10.86,10.87,10.79,10.72,10.66,10.835714285714287,0.03154739442863057,10.718666666666667,0.07691165255571687,10.757878787878788,0.09869167452245688,0.07000000000000028,0.6487488415199285,0.007175486928322882
2023-03-08,HAY_POINT,VISAKHAPATNAM,Coking Coal,Capesize,17.91,17.93,17.85,17.81,17.37,17.63,17.861428571428572,0.03670993118498636,17.593666666666664,0.1925774959698662,17.685454545454547,0.200952974354941,0.120000000000001,0.6737787759685626,0.010945842024774041
2023-03-08,NEWCASTLE,DHAMRA,Thermal Coal,Panamax,22.09,22.05,22.03,21.82,21.54,21.72,21.970000000000002,0.09899494936609342,21.671,0.20301775020069326,21.831969696969697,0.26737021119943416,0.23000000000000043,1.0540788267644383,0.009368176373987968
2023-03-08,HAY_POINT,DHAMRA,Coking Coal,Capesize,18.29,18.31,18.26,18.2,17.88,18.06,18.284285714285716,0.05968169536727239,17.987666666666666,0.21589721905434306,18.137272727272727,0.23539521892109153,0.10999999999999943,0.6043956043956012,0.012002513892167397
2023-03-08,TANJUNG_BARA,DHAMRA,Thermal Coal,Supramax,11.29,11.29,11.26,11.15,10.98,11.11,11.235714285714284,0.04961758520831962,11.061666666666667,0.14999042115009378,11.146515151515151,0.14923901762704098,0.1399999999999988,1.2556053811659085,0.013559477578733804
2023-03-09,BALIKPAPAN,KAMARAJAR,Thermal Coal,Supramax,10.86,10.83,10.81,10.83,10.68,10.67,10.84142857142857,0.024784787961228932,10.724333333333334,0.07868239663501991,10.758955223880598,0.09833668707724419,0.0,0.0,0.007336810055172341
2023-03-09,HAY_POINT,DHAMRA,Coking Coal,Capesize,18.38,18.29,18.23,18.3,17.88,17.99,18.297142857142855,0.04680252333457788,17.995333333333335,0.2225360619103599,18.13955223880597,0.23434908457658002,-0.010000000000001563,-0.05464480874317794,0.012366320633702806
2023-03-09,RICHARDS_BAY,PARADIP,Thermal Coal,Capesize,16.62,16.62,16.53,16.5,16.21,16.36,16.55,0.03829708431022019,16.34733333333333,0.14595543328614238,16.46955223880597,0.17067986013001876,0.120000000000001,0.7272727272727333,0.008928394026720509
2023-03-09,GLADSTONE,PARADIP,Coking Coal,Panamax,21.64,21.6,21.62,21.45,21.14,21.19,21.580000000000002,0.06708203932494312,21.238333333333337,0.23408049504587403,21.36492537313433,0.24774359383411712,0.15000000000000213,0.6993006993007093,0.011021603784628768
2023-03-09,NEWCASTLE,DHAMRA,Thermal Coal,Panamax,22.14,22.09,22.08,21.88,21.56,21.68,22.00857142857143,0.08194074514111918,21.683333333333334,0.2168637476792071,21.83582089552239,0.2672029602773971,0.21000000000000085,0.9597806215722159,0.010001402660071042
2023-03-09,TANJUNG_BARA,DHAMRA,Thermal Coal,Supramax,11.28,11.29,11.27,11.19,11.06,11.07,11.255714285714287,0.03552329886011127,11.067666666666666,0.15548995606399302,11.14865671641791,0.1491378813165858,0.09999999999999964,0.8936550491510246,0.014049027744239348
2023-03-09,HAY_POINT,PARADIP,Coking Coal,Capesize,18.56,18.58,18.59,18.56,18.24,18.37,18.571428571428573,0.013451854182908628,18.29366666666667,0.21715215281287714,18.409402985074628,0.21754749113709765,0.019999999999999574,0.10775862068965288,0.01187034599294166
2023-03-09,MAPUTO,VISAKHAPATNAM,Coking Coal,Panamax,19.62,19.54,19.57,19.44,19.12,19.26,19.53142857142857,0.04450789122111585,19.26066666666667,0.19312196134573426,19.37791044776119,0.20920149279142142,0.09999999999999787,0.514403292181059,0.010026753730178995
2023-03-09,TANJUNG_BARA,PARADIP,Thermal Coal,Supramax,11.57,11.59,11.64,11.55,11.31,11.35,11.601428571428572,0.0323669437484789,11.373666666666667,0.16325320577374383,11.457164179104478,0.15268114894405493,0.03999999999999915,0.3463203463203389,0.014353612652654713
2023-03-09,HAY_POINT,VISAKHAPATNAM,Coking Coal,Capesize,17.92,17.91,17.87,17.86,17.46,17.64,17.875714285714285,0.032586880211087764,17.603,0.20100008577798992,17.688805970149254,0.2013027449274652,0.05000000000000071,0.2799552071668573,0.011418513081746856
2023-03-10,HAY_POINT,PARADIP,Coking Coal,Capesize,18.58,18.56,18.57,18.55,18.27,18.36,18.571428571428573,0.013451854182908628,18.3,0.22216800104798617,18.411617647058822,0.21668885661116957,0.00999999999999801,0.053908355795137516,0.012140327926119463
2023-03-10,RICHARDS_BAY,PARADIP,Thermal Coal,Capesize,16.66,16.62,16.56,16.53,16.34,16.4,16.56714285714286,0.039036002917904385,16.356,0.15421883242931292,16.47176470588235,0.17038097063241428,0.08999999999999986,0.544464609800362,0.009428884350043586
2023-03-10,NEWCASTLE,DHAMRA,Thermal Coal,Panamax,22.15,22.14,22.05,21.91,21.58,21.65,22.045714285714286,0.07230886134194098,21.698666666666668,0.23233052159448953,21.84029411764706,0.26775445751120647,0.23000000000000043,1.0497489730716587,0.010707133537905072
2023-03-10,TANJUNG_BARA,DHAMRA,Thermal Coal,Supramax,11.29,11.28,11.29,11.23,11.1,11.13,11.268571428571429,0.02115700942049699,11.074666666666667,0.16025267405017213,11.150588235294117,0.14887520921640124,0.049999999999998934,0.4452359750667759,0.014470202930126306
2023-03-10,BALIKPAPAN,KAMARAJAR,Thermal Coal,Supramax,10.82,10.86,10.86,10.82,10.7,10.63,10.845714285714285,0.025071326821065783,10.730666666666666,0.08174532922788544,10.76044117647059,0.09836626383715992,0.03999999999999915,0.3696857670979588,0.007617917112439623
2023-03-10,MAPUTO,VISAKHAPATNAM,Coking Coal,Panamax,19.49,19.62,19.56,19.51,19.17,19.32,19.557142857142857,0.03352326839388713,19.27266666666667,0.20395965343637237,19.381470588235295,0.20969960537676335,0.10999999999999943,0.5638134290107608,0.010582845485992545
2023-03-10,HAY_POINT,DHAMRA,Coking Coal,Capesize,18.34,18.38,18.31,18.38,17.92,18.04,18.30857142857143,0.056399932455280535,18.008333333333333,0.23334277485002558,18.14308823529412,0.23441421021149242,0.0,0.0,0.01295748865432812
2023-03-10,GLADSTONE,PARADIP,Coking Coal,Panamax,21.68,21.64,21.6,21.53,21.21,21.23,21.60714285714286,0.03773340063924999,21.253333333333334,0.24503811573084228,21.368970588235292,0.2481401848972537,0.10999999999999943,0.5109150023223382,0.011529396913308136
2023-03-10,HAY_POINT,VISAKHAPATNAM,Coking Coal,Capesize,17.87,17.92,17.93,17.84,17.5,17.6,17.884285714285717,0.03552329885992585,17.612333333333332,0.20911444372571011,17.69220588235294,0.20175236474772504,0.08000000000000185,0.448430493273553,0.011873182261996903
2023-03-10,TANJUNG_BARA,PARADIP,Thermal Coal,Supramax,11.58,11.57,11.64,11.58,11.37,11.33,11.604285714285714,0.027602622373660183,11.381,0.1670504776077206,11.458823529411765,0.15215398142989695,-0.009999999999999787,-0.08635578583764929,0.014678014024050662
2023-03-11,RICHARDS_BAY,PARADIP,Thermal Coal,Capesize,16.67,16.66,16.62,16.54,16.38,16.39,16.585714285714285,0.04825527358297889,16.36466666666667,0.16378567436267188,16.47449275362319,0.17063494083848477,0.120000000000001,0.7255139056831983,0.010008494379924545
2023-03-11,GLADSTONE,PARADIP,Coking Coal,Panamax,21.66,21.68,21.6,21.62,21.29,21.24,21.62857142857143,0.027945525240092785,21.26833333333333,0.25703995843037214,21.373478260869565,0.249138669672821,0.05999999999999872,0.2775208140610486,0.012085571276406496
2023-03-11,HAY_POINT,VISAKHAPATNAM,Coking Coal,Capesize,17.92,17.87,17.91,17.87,17.54,17.6,17.88857142857143,0.030783421635773047,17.621333333333332,0.21431097825892925,17.694782608695654,0.20140395971085573,0.0,0.0,0.012162018287999165
2023-03-11,NEWCASTLE,DHAMRA,Thermal Coal,Panamax,22.18,22.15,22.09,22.02,21.71,21.64,22.080000000000002,0.050990195135900244,21.71533333333333,0.2462369665142926,21.844782608695652,0.2683808131546765,0.129999999999999,0.5903723887375069,0.011339313227870905
2023-03-11,HAY_POINT,PARADIP,Coking Coal,Capesize,18.57,18.58,18.58,18.57,18.37,18.31,18.57571428571428,0.009759000729784459,18.307333333333336,0.22777686197368163,18.414057971014493,0.21604274386837427,0.00999999999999801,0.05385029617661826,0.012441837258676756
2023-03-11,BALIKPAPAN,KAMARAJAR,Thermal Coal,Supramax,10.84,10.82,10.83,10.87,10.7,10.72,10.845714285714283,0.025071326821065783,10.736999999999998,0.08103426265561114,10.761304347826087,0.09790320915665267,-0.049999999999998934,-0.45998160073596084,0.007547197788545326
2023-03-11,TANJUNG_BARA,DHAMRA,Thermal Coal,Supramax,11.28,11.29,11.29,11.26,11.18,11.05,11.277142857142858,0.013801311186843994,11.08,0.16475687416981322,11.152608695652173,0.14872647786252163,0.02999999999999936,0.26642984014209026,0.014869753986445236
2023-03-11,TANJUNG_BARA,PARADIP,Thermal Coal,Supramax,11.56,11.58,11.59,11.6,11.41,11.32,11.604285714285714,0.027602622373660183,11.389333333333333,0.17061619224878194,11.460579710144927,0.1517339395316593,-0.019999999999999574,-0.1724137931034446,0.014980349354552383
2023-03-11,HAY_POINT,DHAMRA,Coking Coal,Capesize,18.32,18.34,18.29,18.31,18.06,18.05,18.302857142857142,0.04956957592264153,18.01833333333333,0.2410477608037525,18.145942028985505,0.23388860370458664,0.030000000000001137,0.16384489350082546,0.013377916611067572
2023-03-11,MAPUTO,VISAKHAPATNAM,Coking Coal,Panamax,19.52,19.49,19.54,19.55,19.23,19.33,19.554285714285715,0.038668308667915215,19.27833333333333,0.20764829903457904,19.38304347826087,0.20856163109304995,-0.060000000000002274,-0.30690537084400143,0.010771071100609273
2023-03-12,HAY_POINT,PARADIP,Coking Coal,Capesize,18.54,18.57,18.56,18.58,18.43,18.28,18.575714285714287,0.009759000729784459,18.316,0.23277338395071098,18.416285714285717,0.2152798746530715,-0.00999999999999801,-0.05382131324003235,0.012708745574946003
2023-03-12,NEWCASTLE,DHAMRA,Thermal Coal,Panamax,22.24,22.18,22.14,22.03,21.74,21.69,22.102857142857143,0.05529143565816074,21.733333333333334,0.25989830018063176,21.84957142857143,0.26942469956754184,0.14999999999999858,0.6808896958692627,0.011958510744507597
2023-03-12,RICHARDS_BAY,PARADIP,Thermal Coal,Capesize,16.71,16.67,16.62,16.57,16.39,16.35,16.604285714285716,0.052553827281189444,16.374000000000002,0.17299790710314208,16.477285714285717,0.17099810515579936,0.10000000000000142,0.6035003017501595,0.010565402901132408
2023-03-12,GLADSTONE,PARADIP,Coking Coal,Panamax,21.69,21.66,21.64,21.64,21.28,21.25,21.634285714285713,0.029920529661592945,21.282333333333334,0.2666999260868201,21.37757142857143,0.24968638714488633,0.019999999999999574,0.0924214417744897,0.012531517193610666
2023-03-12,HAY_POINT,VISAKHAPATNAM,Coking Coal,Capesize,17.91,17.92,17.92,17.85,17.62,17.64,17.895714285714288,0.031547394428457304,17.632,0.2210695006958926,17.697999999999997,0.20174312839616676,0.07000000000000028,0.3921568627450996,0.012537970774494814
2023-03-12,TANJUNG_BARA,DHAMRA,Thermal Coal,Supramax,11.24,11.28,11.28,11.26,11.17,11.06,11.28,0.011547005383788085,11.087666666666667,0.1686187974413749,11.154428571428571,0.1484278550587784,0.019999999999999574,0.17761989342806014,0.015207780185916023
2023-03-12,MAPUTO,VISAKHAPATNAM,Coking Coal,Panamax,19.49,19.52,19.62,19.55,19.3,19.3,19.55,0.040824829046373814,19.28466666666667,0.21212769955746003,19.385,0.20769089350854053,-0.030000000000001137,-0.15345268542200072,0.010999811571756144
2023-03-12,TANJUNG_BARA,PARADIP,Thermal Coal,Supramax,11.56,11.56,11.57,11.61,11.42,11.37,11.598571428571429,0.03236694374847913,11.397333333333332,0.17286497288513014,11.462,0.1510983938951083,-0.049999999999998934,-0.43066322136088664,0.015167141982200236
2023-03-12,BALIKPAPAN,KAMARAJAR,Thermal Coal,Supramax,10.78,10.84,10.86,10.87,10.73,10.72,10.84142857142857,0.022677868380495764,10.741000000000001,0.08310151664660607,10.762428571428572,0.09764525730055629,-0.02999999999999936,-0.27598896044157645,0.007736851005176991
2023-03-12,HAY_POINT,DHAMRA,Coking Coal,Capesize,18.35,18.32,18.38,18.26,18.08,18.02,18.304285714285715,0.0499523582550994,18.027333333333335,0.24723203303964703,18.14842857142857,0.23311772055253646,0.05999999999999872,0.32858707557502037,0.01371428754703859
2023-03-13,TANJUNG_BARA,PARADIP,Thermal Coal,Supramax,11.54,11.56,11.58,11.64,11.46,11.38,11.59142857142857,0.034846602621833075,11.403666666666664,0.17529253054357427,11.46338028169014,0.15046540809835784,-0.08000000000000007,-0.6872852233676982,0.01537159368713931
2023-03-13,HAY_POINT,VISAKHAPATNAM,Coking Coal,Capesize,17.96,17.91,17.87,17.87,17.67,17.64,17.904285714285717,0.02439750182343352,17.641000000000002,0.22682744466922972,17.700985915492957,0.20187092714743243,0.03999999999999915,0.2238388360380478,0.012857969767543206
2023-03-13,RICHARDS_BAY,PARADIP,Thermal Coal,Capesize,16.69,16.71,16.66,16.53,16.37,16.27,16.624285714285715,0.06294366339752339,16.386,0.1834459424274678,16.480563380281687,0.17200404749343803,0.17999999999999972,1.088929219600724,0.011195285147532517
2023-03-13,MAPUTO,VISAKHAPATNAM,Coking Coal,Panamax,19.58,19.49,19.49,19.57,19.34,19.34,19.541428571428572,0.046700667885493916,19.291,0.21541219508909676,19.386478873239437,0.20657823555356863,-0.08000000000000185,-0.40878896269801657,0.011166460789440504
2023-03-13,HAY_POINT,PARADIP,Coking Coal,Capesize,18.51,18.54,18.58,18.59,18.42,18.26,18.57,0.01632993161873487,18.324666666666666,0.23620174505667668,18.418028169014086,0.21424031712281813,-0.05000000000000071,-0.2689618074233497,0.01288982492032652
2023-03-13,HAY_POINT,DHAMRA,Coking Coal,Capesize,18.38,18.35,18.34,18.23,18.09,17.93,18.31714285714286,0.04820590756139342,18.038333333333334,0.25413929568091836,18.1512676056338,0.23267960545083516,0.120000000000001,0.6582556226001152,0.014088845736722814
2023-03-13,NEWCASTLE,DHAMRA,Thermal Coal,Panamax,22.24,22.24,22.15,22.08,21.72,21.65,22.132857142857144,0.06524678426666868,21.751666666666665,0.27565699992780107,21.855070422535213,0.27147677216837884,0.16000000000000014,0.724637681159421,0.012672913949634561
2023-03-13,BALIKPAPAN,KAMARAJAR,Thermal Coal,Supramax,10.86,10.78,10.82,10.81,10.78,10.67,10.828571428571427,0.028535691936299797,10.742999999999999,0.08330045328353265,10.762676056338028,0.09696770812240012,-0.030000000000001137,-0.27752081406106505,0.00775392844489739
2023-03-13,GLADSTONE,PARADIP,Coking Coal,Panamax,21.7,21.69,21.68,21.62,21.3,21.23,21.641428571428573,0.03670993118504979,21.297,0.27676891892472616,21.38197183098592,0.2506541140884324,0.07000000000000028,0.32377428307123163,0.012995676335856044
2023-03-13,TANJUNG_BARA,DHAMRA,Thermal Coal,Supramax,11.26,11.24,11.29,11.27,11.18,11.01,11.277142857142858,0.01799470821684618,11.093666666666667,0.17078890647437645,11.1556338028169,0.14771335556568566,-0.02999999999999936,-0.2661934338952916,0.015395172002738178
2023-03-14,HAY_POINT,PARADIP,Coking Coal,Capesize,18.59,18.51,18.57,18.57,18.45,18.21,18.55857142857143,0.025448360411331174,18.333000000000002,0.23824284915274405,18.419305555555557,0.213002191279405,-0.05999999999999872,-0.32310177705976695,0.012995300777436537
2023-03-14,NEWCASTLE,DHAMRA,Thermal Coal,Panamax,22.26,22.24,22.18,22.05,21.75,21.61,22.155714285714286,0.07138093649733727,21.771333333333335,0.2888829059209524,21.860416666666666,0.2733487557197237,0.18999999999999773,0.8616780045351371,0.013268957922694325
2023-03-14,HAY_POINT,DHAMRA,Coking Coal,Capesize,18.38,18.38,18.32,18.31,18.15,17.87,18.33857142857143,0.03436498771949548,18.053333333333335,0.26071960540718125,18.154444444444444,0.23260247712151974,0.07000000000000028,0.3823047515019131,0.014441632500397778
2023-03-14,MAPUTO,VISAKHAPATNAM,Coking Coal,Panamax,19.66,19.58,19.52,19.56,19.35,19.25,19.542857142857144,0.04785891965428192,19.299,0.22166066018998837,19.389166666666668,0.20638231991096073,0.019999999999999574,0.10224948875255406,0.011485603408984319
2023-03-14,TANJUNG_BARA,PARADIP,Thermal Coal,Supramax,11.6,11.54,11.56,11.64,11.47,11.31,11.577142857142857,0.03199702367108411,11.408999999999999,0.17697360021318406,11.464444444444446,0.14967466022130532,-0.10000000000000142,-0.8591065292096343,0.015511753897202567
2023-03-14,HAY_POINT,VISAKHAPATNAM,Coking Coal,Capesize,17.97,17.96,17.92,17.93,17.75,17.61,17.91714285714286,0.026903708365121588,17.651666666666664,0.23418359042210526,17.704583333333332,0.20275522952217873,0.030000000000001137,0.167317345231462,0.013266939311987837
2023-03-14,RICHARDS_BAY,PARADIP,Thermal Coal,Capesize,16.7,16.69,16.67,16.56,16.45,16.2,16.647142857142857,0.05089672082238529,16.4,0.19019046714570562,16.483472222222222,0.17256278483637572,0.13000000000000256,0.7850241545893875,0.01159697970400644
2023-03-14,TANJUNG_BARA,DHAMRA,Thermal Coal,Supramax,11.27,11.26,11.28,11.29,11.19,11.02,11.275714285714285,0.019023794624224655,11.102,0.17265472820752514,11.157083333333333,0.14718425264053198,-0.02999999999999936,-0.26572187776793055,0.015551677914567208
2023-03-14,BALIKPAPAN,KAMARAJAR,Thermal Coal,Supramax,10.84,10.86,10.84,10.86,10.78,10.65,10.835714285714285,0.02935821455576442,10.749333333333334,0.08476878627441468,10.764027777777777,0.09696318049887219,0.0,0.0,0.007885957542273754
2023-03-14,GLADSTONE,PARADIP,Coking Coal,Panamax,21.72,21.7,21.66,21.6,21.34,21.16,21.65285714285714,0.04111540089149077,21.312666666666665,0.28599413224428977,21.386388888888888,0.2516889739204209,0.09999999999999787,0.46296296296295303,0.013418974580576016
2023-03-15,HAY_POINT,DHAMRA,Coking Coal,Capesize,18.36,18.38,18.35,18.29,18.2,17.89,18.34857142857143,0.03484660262198674,18.070333333333334,0.26494610165391685,18.15753424657534,0.23248524936432802,0.08999999999999986,0.4920721705850184,0.014661937705663989
2023-03-15,HAY_POINT,PARADIP,Coking Coal,Capesize,18.6,18.59,18.54,18.58,18.47,18.16,18.56142857142857,0.02794552524033703,18.345666666666666,0.24155649490313583,18.42164383561644,0.2124592359504281,0.010000000000001563,0.053821313240051474,0.013166951045831123
2023-03-15,RICHARDS_BAY,PARADIP,Thermal Coal,Capesize,16.6,16.7,16.71,16.62,16.49,16.19,16.667142857142856,0.03638419332354055,16.416666666666668,0.19393090368040072,16.486438356164385,0.1732240830624195,0.0799999999999983,0.48134777376653604,0.01181304997037974
2023-03-15,NEWCASTLE,DHAMRA,Thermal Coal,Panamax,22.31,22.26,22.24,22.09,21.82,21.55,22.185714285714287,0.06320789582985405,21.793,0.3005070427770728,21.865890410958905,0.2754432569939586,0.1700000000000017,0.769578995020379,0.013789154443035507
2023-03-15,TANJUNG_BARA,PARADIP,Thermal Coal,Supramax,11.6,11.6,11.56,11.59,11.52,11.23,11.571428571428571,0.020354009783925858,11.418666666666667,0.17928465775338745,11.466301369863013,0.14947600001816638,0.009999999999999787,0.08628127696289721,0.015701015099841262
2023-03-15,MAPUTO,VISAKHAPATNAM,Coking Coal,Panamax,19.59,19.66,19.49,19.54,19.34,19.17,19.557142857142857,0.06550172662209278,19.312666666666665,0.23097892624180083,19.392876712328768,0.20738101978440085,0.120000000000001,0.6141248720573234,0.011959970636290562
2023-03-15,BALIKPAPAN,KAMARAJAR,Thermal Coal,Supramax,10.9,10.84,10.78,10.83,10.79,10.66,10.832857142857142,0.02751622897746812,10.755666666666666,0.08418712053733883,10.765068493150686,0.09669716886110638,0.009999999999999787,0.09233610341643386,0.007827234066136191
2023-03-15,HAY_POINT,VISAKHAPATNAM,Coking Coal,Capesize,17.98,17.97,17.91,17.91,17.81,17.56,17.922857142857143,0.033523268393688826,17.663666666666664,0.24109639413389686,17.708219178082192,0.20372464031514975,0.05999999999999872,0.3350083752093731,0.01364928350855222
2023-03-15,GLADSTONE,PARADIP,Coking Coal,Panamax,21.66,21.72,21.69,21.6,21.39,21.07,21.669999999999998,0.0404145188431685,21.331333333333337,0.29385350952043277,21.39095890410959,0.2529666446148013,0.11999999999999744,0.5555555555555437,0.01377567472827606
2023-03-15,TANJUNG_BARA,DHAMRA,Thermal Coal,Supramax,11.31,11.27,11.24,11.29,11.15,10.97,11.272857142857143,0.017994708216847136,11.110333333333333,0.17458291841500234,11.158630136986302,0.1467548510318132,-0.019999999999999574,-0.17714791851195372,0.015713562606732682
2023-03-16,GLADSTONE,PARADIP,Coking Coal,Panamax,21.73,21.66,21.7,21.64,21.45,21.0,21.678571428571427,0.027342623275947896,21.351000000000003,0.29549899352183584,21.394594594594594,0.25316727476409173,0.019999999999999574,0.0924214417744897,0.013840054026595279
2023-03-16,HAY_POINT,VISAKHAPATNAM,Coking Coal,Capesize,17.98,17.98,17.96,17.92,17.86,17.48,17.93285714285714,0.03903600291775442,17.677666666666667,0.246991320988567,17.71189189189189,0.20477636097838461,0.05999999999999872,0.3348214285714214,0.013971941300052816
2023-03-16,NEWCASTLE,DHAMRA,Thermal Coal,Panamax,22.28,22.31,22.24,22.14,21.88,21.51,22.217142857142857,0.06237368187365971,21.81833333333333,0.3111611549789224,21.87189189189189,0.278379241056452,0.16999999999999815,0.7678410117434424,0.014261453898659647
2023-03-16,TANJUNG_BARA,DHAMRA,Thermal Coal,Supramax,11.36,11.31,11.26,11.28,11.19,10.87,11.275714285714285,0.02225394561056572,11.121666666666666,0.1761872697529221,11.160675675675675,0.146804604842497,0.030000000000001137,0.26595744680852074,0.015841804563427733
2023-03-16,TANJUNG_BARA,PARADIP,Thermal Coal,Supramax,11.67,11.6,11.54,11.57,11.55,11.19,11.572857142857142,0.022146697055647143,11.431000000000001,0.1785835069806824,11.468108108108108,0.1492600532460108,0.02999999999999936,0.25929127052722006,0.015622737029191005
2023-03-16,HAY_POINT,PARADIP,Coking Coal,Capesize,18.59,18.6,18.51,18.56,18.56,18.06,18.564285714285713,0.031014589500922136,18.360333333333333,0.24324648111476688,18.424054054054057,0.2120152418850096,0.0400000000000027,0.2155172413793249,0.013248478483402637
2023-03-16,HAY_POINT,DHAMRA,Coking Coal,Capesize,18.39,18.36,18.38,18.38,18.3,17.76,18.358571428571427,0.02340126166744484,18.086000000000002,0.267795598841018,18.160270270270267,0.23208390649069283,-0.019999999999999574,-0.10881392818280508,0.014806789718070219
2023-03-16,RICHARDS_BAY,PARADIP,Thermal Coal,Capesize,16.62,16.6,16.69,16.62,16.5,16.13,16.664285714285715,0.04117326918321382,16.430333333333333,0.19184194883635633,16.487972972972972,0.1725392925646555,-0.019999999999999574,-0.12033694344163401,0.011676083798443307
2023-03-16,BALIKPAPAN,KAMARAJAR,Thermal Coal,Supramax,10.94,10.9,10.86,10.86,10.83,10.64,10.842857142857142,0.0372890894293971,10.763666666666667,0.08616277031587562,10.766891891891891,0.09730513615631496,0.040000000000000924,0.3683241252302111,0.0080049645705499
2023-03-16,MAPUTO,VISAKHAPATNAM,Coking Coal,Panamax,19.58,19.59,19.58,19.62,19.44,19.08,19.564285714285713,0.06604471789556014,19.326666666666664,0.2347314435151618,19.39554054054054,0.20722657768330094,-0.030000000000001137,-0.1529051987767642,0.012145469654113237
2023-03-17,HAY_POINT,PARADIP,Coking Coal,Capesize,18.64,18.59,18.59,18.58,18.55,17.95,18.568571428571428,0.032366943748598796,18.378,0.23990515367249837,18.426266666666667,0.21144786165435359,0.010000000000001563,0.053821313240051474,0.013053931530770398
2023-03-17,GLADSTONE,PARADIP,Coking Coal,Panamax,21.76,21.73,21.72,21.68,21.53,21.01,21.691428571428567,0.027342623275943372,21.375333333333337,0.2956551268336017,21.399066666666666,0.2544159890720222,0.05000000000000071,0.23062730627306602,0.013831603101718567
2023-03-17,NEWCASTLE,DHAMRA,Thermal Coal,Panamax,22.33,22.28,22.26,22.15,21.91,21.52,22.237142857142857,0.0555920515044828,21.843999999999998,0.316561264975296,21.877333333333333,0.28047899826630235,0.13000000000000256,0.5869074492099439,0.014491909218792166
2023-03-17,HAY_POINT,DHAMRA,Coking Coal,Capesize,18.42,18.39,18.38,18.34,18.38,17.69,18.360000000000003,0.025166114784419068,18.107000000000003,0.2660457570185726,18.163333333333334,0.23203176234890494,0.05000000000000071,0.27262813522355894,0.0146929782414852
2023-03-17,RICHARDS_BAY,PARADIP,Thermal Coal,Capesize,16.71,16.62,16.7,16.66,16.53,16.21,16.664285714285715,0.04117326918321382,16.44666666666667,0.18616517199617497,16.489733333333334,0.17204629588552067,-0.03999999999999915,-0.240096038415361,0.01131932541525182
2023-03-17,TANJUNG_BARA,DHAMRA,Thermal Coal,Supramax,11.35,11.36,11.27,11.29,11.23,10.81,11.287142857142857,0.03903600291793836,11.138,0.17475894728217106,11.163333333333334,0.14761466759807412,0.07000000000000028,0.6200177147918537,0.015690334645553156
2023-03-17,TANJUNG_BARA,PARADIP,Thermal Coal,Supramax,11.74,11.67,11.6,11.58,11.58,11.19,11.587142857142856,0.04270608298366644,11.447000000000001,0.1777473992243958,11.470799999999999,0.15006989362618037,0.08999999999999986,0.7772020725388589,0.015527858759884319
2023-03-17,HAY_POINT,VISAKHAPATNAM,Coking Coal,Capesize,18.05,17.98,17.97,17.87,17.84,17.47,17.94142857142857,0.04220133150668903,17.694333333333336,0.25004390419081873,17.715466666666668,0.20573069075156733,0.10999999999999943,0.6155567991046414,0.014131298392563647
2023-03-17,BALIKPAPAN,KAMARAJAR,Thermal Coal,Supramax,10.88,10.94,10.84,10.82,10.82,10.62,10.854285714285712,0.05255382728119714,10.773666666666665,0.0886871033400638,10.7692,0.09869089062264942,0.11999999999999922,1.109057301293893,0.008231840290219715
2023-03-17,MAPUTO,VISAKHAPATNAM,Coking Coal,Panamax,19.68,19.58,19.66,19.49,19.51,19.06,19.55857142857143,0.062029179001645826,19.343333333333337,0.2343638982044968,19.398,0.20692079696399648,0.08999999999999986,0.46177526936890645,0.012116003698319666
2023-03-18,NEWCASTLE,DHAMRA,Thermal Coal,Panamax,22.37,22.33,22.31,22.18,22.02,21.45,22.26285714285714,0.04990467102864837,21.871,0.3224619731657235,21.883289473684208,0.28340025009584213,0.14999999999999858,0.6762849413886319,0.014743814785136642
2023-03-18,TANJUNG_BARA,DHAMRA,Thermal Coal,Supramax,11.36,11.35,11.31,11.28,11.26,10.76,11.295714285714284,0.045773770821702774,11.156,0.16746795884998222,11.16578947368421,0.14818243852669963,0.07000000000000028,0.6205673758865273,0.01501146995786861
2023-03-18,TANJUNG_BARA,PARADIP,Thermal Coal,Supramax,11.79,11.74,11.6,11.56,11.6,11.14,11.61,0.07141428428541485,11.465333333333335,0.1786874237384971,11.474342105263156,0.15223083810508156,0.17999999999999972,1.5570934256055338,0.015585017769958461
2023-03-18,HAY_POINT,PARADIP,Coking Coal,Capesize,18.69,18.64,18.6,18.57,18.57,17.95,18.577142857142857,0.0423140188410657,18.401,0.23034232395914872,18.42907894736842,0.21145954778840725,0.07000000000000028,0.37695207323640434,0.012517924241027592
2023-03-18,HAY_POINT,VISAKHAPATNAM,Coking Coal,Capesize,18.06,18.05,17.98,17.92,17.87,17.42,17.967142857142857,0.04608480795005653,17.713666666666665,0.2544837008984797,17.71986842105263,0.20792622679564407,0.129999999999999,0.7254464285714229,0.01436651742901788
2023-03-18,HAY_POINT,DHAMRA,Coking Coal,Capesize,18.41,18.42,18.36,18.32,18.31,17.69,18.37142857142857,0.03184785258530449,18.13133333333333,0.25990360724212896,18.16671052631579,0.2323525376542851,0.10000000000000142,0.5458515283842873,0.014334500528116833
2023-03-18,BALIKPAPAN,KAMARAJAR,Thermal Coal,Supramax,10.8,10.88,10.9,10.84,10.87,10.66,10.862857142857143,0.050896720822398406,10.782333333333332,0.08580986734247932,10.770657894736843,0.09885120840692146,0.040000000000000924,0.3690036900369089,0.007958376419063221
2023-03-18,MAPUTO,VISAKHAPATNAM,Coking Coal,Panamax,19.72,19.68,19.59,19.52,19.55,19.04,19.585714285714285,0.06827814263660546,19.363999999999997,0.23584916278461732,19.40171052631579,0.20806658009970086,0.16000000000000014,0.8196721311475417,0.012179774983712938
2023-03-18,RICHARDS_BAY,PARADIP,Thermal Coal,Capesize,16.72,16.71,16.6,16.67,16.54,16.21,16.671428571428574,0.04450789122108046,16.46333333333333,0.1866276642340805,16.492631578947368,0.17275314504461922,0.03999999999999915,0.23995200959807525,0.011335958548334513
2023-03-18,GLADSTONE,PARADIP,Coking Coal,Panamax,21.85,21.76,21.66,21.66,21.62,20.97,21.702857142857145,0.03683941988052607,21.400333333333332,0.2954071805133647,21.403815789473686,0.25608314850330965,0.10000000000000142,0.46168051708218566,0.013803858842387098
2023-03-19,BALIKPAPAN,KAMARAJAR,Thermal Coal,Supramax,10.87,10.8,10.94,10.78,10.87,10.65,10.857142857142858,0.055891050480435675,10.787,0.08267718694645988,10.771038961038961,0.09825563350106536,0.02000000000000135,0.18552875695734092,0.0076645208998294126
2023-03-19,TANJUNG_BARA,DHAMRA,Thermal Coal,Supramax,11.4,11.36,11.36,11.24,11.26,10.83,11.307142857142855,0.0508967208224235,11.175999999999998,0.15381583255577874,11.16831168831169,0.1488588398573993,0.11999999999999922,1.0676156583629823,0.013763048725463382
2023-03-19,HAY_POINT,PARADIP,Coking Coal,Capesize,18.75,18.69,18.59,18.54,18.58,17.97,18.594285714285718,0.05968169536726107,18.425666666666665,0.21975979572273296,18.43246753246753,0.21215781020737753,0.15000000000000213,0.8090614886731508,0.011926830095124536
2023-03-19,TANJUNG_BARA,PARADIP,Thermal Coal,Supramax,11.79,11.79,11.67,11.56,11.61,11.13,11.642857142857142,0.09393513466114345,11.486999999999998,0.17728119102053017,11.478441558441558,0.15544558139904388,0.22999999999999865,1.9896193771626178,0.01543320196922871
2023-03-19,RICHARDS_BAY,PARADIP,Thermal Coal,Capesize,16.71,16.72,16.62,16.71,16.57,16.18,16.678571428571427,0.04810702354418421,16.480333333333334,0.18598263421589215,16.495584415584418,0.17355791924564518,0.00999999999999801,0.05984440454816284,0.01128512575893846
2023-03-19,MAPUTO,VISAKHAPATNAM,Coking Coal,Panamax,19.7,19.72,19.58,19.49,19.55,19.01,19.61428571428571,0.07742892285986334,19.386666666666667,0.23631267033512393,19.405844155844157,0.2098517687957658,0.23000000000000043,1.180092355053876,0.012189443105319322
2023-03-19,HAY_POINT,DHAMRA,Coking Coal,Capesize,18.42,18.41,18.39,18.35,18.26,17.71,18.384285714285713,0.0250713268213188,18.155333333333335,0.25082942869378483,18.16987012987013,0.2324780323888776,0.05999999999999872,0.32697547683923006,0.013815743511206154
2023-03-19,GLADSTONE,PARADIP,Coking Coal,Panamax,21.88,21.85,21.73,21.69,21.64,20.92,21.729999999999997,0.06164414002960908,21.42966666666667,0.29489312305137616,21.40961038961039,0.25942467499430055,0.16000000000000014,0.7376671277086221,0.013760975736970996
2023-03-19,NEWCASTLE,DHAMRA,Thermal Coal,Panamax,22.34,22.37,22.28,22.24,22.03,21.4,22.29,0.04898979485568404,21.901666666666664,0.32478197815355153,21.88961038961039,0.2869414095633715,0.13000000000000256,0.584532374100731,0.01482909876661829
2023-03-19,HAY_POINT,VISAKHAPATNAM,Coking Coal,Capesize,18.05,18.06,17.98,17.91,17.85,17.31,17.987142857142857,0.05219012860486931,17.735000000000003,0.25583871535766434,17.724285714285713,0.21015926649384986,0.14999999999999858,0.8375209380234427,0.014425639433756092
2023-03-20,MAPUTO,VISAKHAPATNAM,Coking Coal,Panamax,19.84,19.7,19.68,19.58,19.57,19.02,19.64428571428571,0.05996030432910877,19.40966666666667,0.231925721363289,19.409615384615385,0.2111283373334195,0.120000000000001,0.6128702757916292,0.011948980131719023
2023-03-20,NEWCASTLE,DHAMRA,Thermal Coal,Panamax,22.47,22.34,22.33,22.24,22.08,21.38,22.304285714285715,0.046496287614249156,21.933,0.32002316726482094,21.895384615384614,0.2895975367069497,0.10000000000000142,0.4496402877697906,0.014590943658634064
2023-03-20,TANJUNG_BARA,PARADIP,Thermal Coal,Supramax,11.75,11.79,11.74,11.54,11.64,11.17,11.675714285714283,0.10014275524753995,11.508999999999999,0.17233387803111744,11.482435897435897,0.15841082457960204,0.25,2.166377816291161,0.014973835957174164
2023-03-20,TANJUNG_BARA,DHAMRA,Thermal Coal,Supramax,11.38,11.4,11.35,11.26,11.27,10.87,11.33,0.05163977794942524,11.195,0.1445265755301852,11.171282051282052,0.15019778280445345,0.14000000000000057,1.2433392539964525,0.012909921887466296
2023-03-20,GLADSTONE,PARADIP,Coking Coal,Panamax,21.99,21.88,21.76,21.7,21.62,20.91,21.757142857142856,0.08014867137887373,21.461666666666666,0.28972142783565824,21.415641025641026,0.26318029839611656,0.17999999999999972,0.8294930875576024,0.013499484095782787
2023-03-20,HAY_POINT,PARADIP,Coking Coal,Capesize,18.82,18.75,18.64,18.51,18.59,18.01,18.624285714285715,0.0778582350295087,18.451666666666664,0.20991103753296717,18.43653846153846,0.21382009019040188,0.23999999999999844,1.2965964343597969,0.011376264341051424
2023-03-20,BALIKPAPAN,KAMARAJAR,Thermal Coal,Supramax,10.84,10.87,10.88,10.86,10.81,10.68,10.870000000000001,0.04434711565213056,10.794333333333332,0.0798137199049012,10.772307692307692,0.098256529830569,0.009999999999999787,0.09208103130754869,0.007394038838733398
2023-03-20,RICHARDS_BAY,PARADIP,Thermal Coal,Capesize,16.82,16.71,16.71,16.69,16.53,16.21,16.678571428571427,0.04810702354418421,16.498,0.18159067270592463,16.498333333333335,0.17412800685289845,0.019999999999999574,0.11983223487117779,0.011006829476659269
2023-03-20,HAY_POINT,DHAMRA,Coking Coal,Capesize,18.51,18.42,18.42,18.38,18.23,17.74,18.39428571428571,0.02299068134226725,18.179,0.24065069835903233,18.173076923076923,0.23269347594260964,0.0400000000000027,0.2176278563656295,0.013237840274989402
2023-03-20,HAY_POINT,VISAKHAPATNAM,Coking Coal,Capesize,18.1,18.05,18.05,17.96,17.87,17.35,18.007142857142856,0.04386125310330277,17.759666666666664,0.2490323802977818,17.728461538461538,0.2120222784365985,0.08999999999999986,0.5011135857461017,0.014022356667605351
2023-03-21,NEWCASTLE,DHAMRA,Thermal Coal,Panamax,22.53,22.47,22.37,22.26,22.05,21.38,22.337142857142855,0.06921326600066453,21.96933333333333,0.31693503449753635,21.9026582278481,0.29490854236681846,0.2099999999999973,0.9433962264150821,0.014426247246049177
2023-03-21,GLADSTONE,PARADIP,Coking Coal,Panamax,22.03,21.99,21.85,21.72,21.6,20.91,21.798571428571428,0.11364103886481067,21.497666666666664,0.2858825817966518,21.422911392405066,0.2693541748984321,0.2699999999999996,1.2430939226519317,0.013298307496781908
2023-03-21,TANJUNG_BARA,DHAMRA,Thermal Coal,Supramax,11.45,11.38,11.36,11.27,11.29,10.88,11.347142857142856,0.04386125310349229,11.212,0.1346361636103892,11.17392405063291,0.15106814323784665,0.11000000000000121,0.976042590949434,0.01200822008654916
2023-03-21,RICHARDS_BAY,PARADIP,Thermal Coal,Capesize,16.92,16.82,16.72,16.7,16.56,16.18,16.697142857142858,0.07227592630886283,16.518333333333334,0.1823804914955487,16.50240506329114,0.17675287100902254,0.120000000000001,0.718562874251503,0.011041095237345293
2023-03-21,HAY_POINT,VISAKHAPATNAM,Coking Coal,Capesize,18.18,18.1,18.06,17.97,17.93,17.32,18.02714285714286,0.05023753102802013,17.784666666666666,0.24408496730516793,17.733164556962027,0.21476608804427114,0.13000000000000256,0.7234279354479831,0.013724461182207591
2023-03-21,HAY_POINT,PARADIP,Coking Coal,Capesize,18.86,18.82,18.69,18.59,18.57,18.02,18.66857142857143,0.08933617621634299,18.478666666666665,0.20312614279078856,18.441392405063294,0.2167814341635103,0.23000000000000043,1.2372243141473933,0.010992467500764228
2023-03-21,TANJUNG_BARA,PARADIP,Thermal Coal,Supramax,11.8,11.75,11.79,11.6,11.64,11.16,11.705714285714285,0.0826351706512928,11.528333333333334,0.16538530421587508,11.485822784810127,0.16024506548614323,0.15000000000000036,1.2931034482758652,0.014345985619419552
2023-03-21,MAPUTO,VISAKHAPATNAM,Coking Coal,Panamax,19.9,19.84,19.72,19.66,19.56,19.03,19.68142857142857,0.08764104278792263,19.437,0.23273708712651317,19.41506329113924,0.2152867700969397,0.17999999999999972,0.9155645981688695,0.011973920210244028
2023-03-21,BALIKPAPAN,KAMARAJAR,Thermal Coal,Supramax,10.97,10.84,10.8,10.84,10.86,10.64,10.867142857142856,0.045721725585032756,10.799666666666667,0.07721369064478817,10.773164556962026,0.0979212700997187,0.0,0.0,0.007149636468235578
2023-03-21,HAY_POINT,DHAMRA,Coking Coal,Capesize,18.58,18.51,18.41,18.38,18.31,17.69,18.412857142857145,0.04820590756142136,18.204666666666665,0.2331601984921962,18.177341772151898,0.23428400943912214,0.13000000000000256,0.7072905331882621,0.012807715887438911
2023-03-22,TANJUNG_BARA,DHAMRA,Thermal Coal,Supramax,11.55,11.45,11.4,11.31,11.29,10.98,11.372857142857143,0.043861253103489206,11.231,0.1261184446025426,11.177375000000001,0.15324955861336004,0.1399999999999988,1.2378426171529513,0.011229493776381676
2023-03-22,GLADSTONE,PARADIP,Coking Coal,Panamax,22.03,22.03,21.88,21.66,21.6,20.97,21.842857142857145,0.13610220249428703,21.535000000000004,0.2795532149699005,21.430500000000002,0.27611637612527834,0.370000000000001,1.7082179132040674,0.012981342696535893
2023-03-22,HAY_POINT,VISAKHAPATNAM,Coking Coal,Capesize,18.22,18.18,18.05,17.98,17.91,17.29,18.057142857142857,0.06945365018334204,17.813333333333333,0.23805727119290604,17.73875,0.21917206118723997,0.1999999999999993,1.1123470522803074,0.013363993517565833
2023-03-22,NEWCASTLE,DHAMRA,Thermal Coal,Panamax,22.59,22.53,22.34,22.31,22.09,21.43,22.375714285714285,0.09089502055617721,22.00766666666667,0.31271539703095896,21.9105,0.30131315977428585,0.22000000000000242,0.98610488570149,0.014209384473484646
2023-03-22,RICHARDS_BAY,PARADIP,Thermal Coal,Capesize,17.01,16.92,16.71,16.6,16.62,16.18,16.72857142857143,0.11111984092687117,16.543,0.1850656919713223,16.507624999999997,0.18173038695909985,0.3200000000000003,1.9277108433734955,0.011186948677466137
2023-03-22,HAY_POINT,PARADIP,Coking Coal,Capesize,18.86,18.86,18.75,18.6,18.58,18.05,18.707142857142856,0.10641338977691747,18.506666666666668,0.1954717253269784,18.446625,0.22043078508379677,0.259999999999998,1.3978494623655806,0.010562232996774768
2023-03-22,TANJUNG_BARA,PARADIP,Thermal Coal,Supramax,11.77,11.8,11.79,11.6,11.59,11.16,11.734285714285715,0.07412987316348632,11.549666666666667,0.1573154821355586,11.489749999999999,0.16305605932013922,0.20000000000000107,1.7241379310344922,0.013620781159822095
2023-03-22,BALIKPAPAN,KAMARAJAR,Thermal Coal,Supramax,10.95,10.97,10.87,10.9,10.83,10.68,10.885714285714284,0.057693772875136204,10.810666666666666,0.07718912436050032,10.775625,0.09975722111484857,0.07000000000000028,0.6422018348623879,0.007140089204535674
2023-03-22,MAPUTO,VISAKHAPATNAM,Coking Coal,Panamax,19.9,19.9,19.7,19.59,19.54,19.02,19.715714285714284,0.11914377069423725,19.465999999999998,0.23447079076962543,19.421125,0.22068359703430504,0.3099999999999987,1.5824400204185745,0.012045144907511839
2023-03-22,HAY_POINT,DHAMRA,Coking Coal,Capesize,18.67,18.58,18.42,18.36,18.29,17.69,18.44142857142857,0.07646972634729729,18.234333333333336,0.22175916314051822,18.182375,0.23710940566153166,0.21999999999999886,1.1982570806100157,0.012161627139673411
2023-03-23,GLADSTONE,PARADIP,Coking Coal,Panamax,22.06,22.03,21.99,21.73,21.64,20.98,21.895714285714288,0.1246136887687555,21.570333333333334,0.2725800525670929,21.437901234567903,0.2823549010083868,0.3000000000000007,1.3805798435342875,0.012636802980965811
2023-03-23,RICHARDS_BAY,PARADIP,Thermal Coal,Capesize,17.04,17.01,16.82,16.62,16.62,16.23,16.787142857142857,0.13707835784860112,16.570666666666668,0.19087698391503943,16.51382716049383,0.1890209505665624,0.39000000000000057,2.3465703971119165,0.011518968292265817
2023-03-23,NEWCASTLE,DHAMRA,Thermal Coal,Panamax,22.62,22.59,22.47,22.28,22.14,21.48,22.415714285714284,0.11544943234409936,22.046333333333333,0.31053328250000845,21.91888888888889,0.30879604919752407,0.3099999999999987,1.391382405745057,0.014085484320900307
2023-03-23,MAPUTO,VISAKHAPATNAM,Coking Coal,Panamax,20.01,19.9,19.84,19.58,19.62,18.98,19.759999999999998,0.12220201853217215,19.495333333333335,0.23178071285283763,19.427037037037035,0.22566260459170168,0.3200000000000003,1.6343207354443323,0.011889035642008564
2023-03-23,HAY_POINT,PARADIP,Coking Coal,Capesize,18.93,18.86,18.82,18.59,18.56,18.05,18.744285714285716,0.10814452411122044,18.533666666666665,0.18592700335002443,18.45172839506173,0.22381236629963688,0.2699999999999996,1.4523937600860655,0.010031852125862365
2023-03-23,HAY_POINT,DHAMRA,Coking Coal,Capesize,18.75,18.67,18.51,18.39,18.38,17.76,18.485714285714288,0.10564991605258091,18.267,0.21071552976171593,18.188395061728396,0.24177188003427727,0.28000000000000114,1.5225666122892938,0.011535311203904086
2023-03-23,TANJUNG_BARA,PARADIP,Thermal Coal,Supramax,11.77,11.77,11.75,11.67,11.57,11.26,11.758571428571429,0.04488079449254265,11.569999999999999,0.14407852265226181,11.49320987654321,0.1649986906046065,0.09999999999999964,0.8568980291345298,0.012452767731396874
2023-03-23,HAY_POINT,VISAKHAPATNAM,Coking Coal,Capesize,18.27,18.22,18.1,17.98,17.92,17.31,18.091428571428573,0.08295150620049879,17.844333333333335,0.22789415772773353,17.744691358024692,0.22426594937569697,0.23999999999999844,1.334816462736365,0.012771234064655456
2023-03-23,TANJUNG_BARA,DHAMRA,Thermal Coal,Supramax,11.56,11.55,11.38,11.36,11.28,10.92,11.407142857142857,0.07158079018708971,11.25,0.12988058175585845,11.181975308641976,0.15781650541916029,0.19000000000000128,1.6725352112676168,0.011544940600520751
2023-03-23,BALIKPAPAN,KAMARAJAR,Thermal Coal,Supramax,10.89,10.95,10.84,10.94,10.86,10.67,10.892857142857142,0.06264031867579922,10.819666666666667,0.07716901885643564,10.777777777777779,0.10100742546961491,0.009999999999999787,0.09140767824497063,0.0071322917085956715
2023-03-24,HAY_POINT,DHAMRA,Coking Coal,Capesize,18.78,18.75,18.58,18.42,18.34,17.88,18.53714285714286,0.13487207342696905,18.3,0.20604652973004806,18.195243902439024,0.2481498233706894,0.3299999999999983,1.791530944625398,0.011259373209292243
2023-03-24,MAPUTO,VISAKHAPATNAM,Coking Coal,Panamax,20.1,20.01,19.9,19.68,19.49,19.04,19.821428571428573,0.124690092018672,19.529666666666667,0.22908338089502078,19.434146341463414,0.2333224929731171,0.33000000000000185,1.6768292682926924,0.011730020015447649
2023-03-24,GLADSTONE,PARADIP,Coking Coal,Panamax,22.1,22.06,22.03,21.76,21.68,21.1,21.942857142857147,0.1133893419026956,21.606333333333332,0.2630783721347419,21.44548780487805,0.2888938138000034,0.29999999999999716,1.3786764705882222,0.012175984146688868
2023-03-24,RICHARDS_BAY,PARADIP,Thermal Coal,Capesize,17.02,17.04,16.92,16.71,16.66,16.25,16.84714285714286,0.14349381934587885,16.597666666666665,0.1981758768390235,16.520243902439024,0.1966319844482076,0.3299999999999983,1.9748653500897564,0.011939984144700471
2023-03-24,NEWCASTLE,DHAMRA,Thermal Coal,Panamax,22.61,22.62,22.53,22.33,22.15,21.54,22.464285714285715,0.12025765988870846,22.084333333333333,0.3085861343269501,21.927439024390242,0.3165001939640528,0.2900000000000027,1.298701298701311,0.013973078999907178
2023-03-24,HAY_POINT,PARADIP,Coking Coal,Capesize,18.9,18.93,18.86,18.64,18.58,18.15,18.792857142857144,0.10355582805334093,18.563,0.17614942716246076,18.457560975609756,0.22861127163817857,0.28999999999999915,1.5557939914163044,0.009489275826238257
2023-03-24,TANJUNG_BARA,PARADIP,Thermal Coal,Supramax,11.75,11.77,11.8,11.74,11.58,11.35,11.772857142857143,0.022146697055591014,11.587,0.1361072092645954,11.496585365853658,0.16680157141838434,0.02999999999999936,0.25553662691651924,0.01174654433974242
2023-03-24,TANJUNG_BARA,DHAMRA,Thermal Coal,Supramax,11.63,11.56,11.45,11.35,11.29,10.98,11.435714285714285,0.08772250620699666,11.271333333333333,0.12632015519779088,11.186585365853658,0.16229997765298854,0.21000000000000085,1.8502202643171883,0.011207206056466927
2023-03-24,BALIKPAPAN,KAMARAJAR,Thermal Coal,Supramax,11.0,10.89,10.97,10.88,10.82,10.72,10.885714285714286,0.05912053869201853,10.827,0.07278451900574119,10.779146341463415,0.10114408765682331,0.009999999999999787,0.09191176470588039,0.006722501062689682
2023-03-24,HAY_POINT,VISAKHAPATNAM,Coking Coal,Capesize,18.24,18.27,18.18,18.05,17.87,17.37,18.132857142857144,0.09013217807080193,17.87633333333333,0.21743779662766716,17.75109756097561,0.2303031072924236,0.21999999999999886,1.2188365650969466,0.012163444962296547
2023-03-25,MAPUTO,VISAKHAPATNAM,Coking Coal,Panamax,20.1,20.1,19.9,19.72,19.52,19.12,19.881428571428568,0.14473292316410544,19.565,0.23267188677737913,19.442168674698795,0.24314026962655855,0.38000000000000256,1.926977687626788,0.011892250793630417
2023-03-25,NEWCASTLE,DHAMRA,Thermal Coal,Panamax,22.63,22.61,22.59,22.37,22.18,21.56,22.504285714285714,0.11457997830587485,22.12,0.3053206341785172,21.93566265060241,0.32336339435304434,0.23999999999999844,1.0728654447921253,0.013802921979137303
2023-03-25,BALIKPAPAN,KAMARAJAR,Thermal Coal,Supramax,11.09,11.0,10.95,10.8,10.84,10.68,10.902857142857142,0.07296444013220009,10.836333333333332,0.0764507203607573,10.781807228915662,0.10340713494175051,0.1999999999999993,1.8518518518518452,0.007055035869521422
2023-03-25,TANJUNG_BARA,PARADIP,Thermal Coal,Supramax,11.77,11.75,11.77,11.79,11.56,11.31,11.774285714285714,0.01988059594765736,11.600333333333335,0.13160765446070014,11.499638554216867,0.16809873538164619,-0.03999999999999915,-0.3392705682781947,0.011345161443122333
2023-03-25,HAY_POINT,DHAMRA,Coking Coal,Capesize,18.78,18.78,18.67,18.41,18.32,17.88,18.58857142857143,0.1504912590406289,18.33,0.20829355942168384,18.202289156626506,0.2548472775624411,0.370000000000001,2.0097772949484027,0.011363532974450839
2023-03-25,TANJUNG_BARA,DHAMRA,Thermal Coal,Supramax,11.57,11.63,11.55,11.36,11.28,11.06,11.475714285714288,0.10438025721005087,11.293000000000001,0.13030865215934254,11.191927710843373,0.168490122974071,0.27000000000000135,2.376760563380294,0.011538887112312275
2023-03-25,RICHARDS_BAY,PARADIP,Thermal Coal,Capesize,17.05,17.02,17.01,16.72,16.67,16.21,16.89142857142857,0.14194230887092685,16.62333333333333,0.20143165750118405,16.526265060240963,0.20298210207879414,0.3000000000000007,1.7942583732057462,0.012117404702297017
2023-03-25,GLADSTONE,PARADIP,Coking Coal,Panamax,22.08,22.1,22.03,21.85,21.66,21.14,21.99142857142857,0.09299257522835619,21.639666666666663,0.2600461939512178,21.453373493975906,0.29597823382576255,0.25,1.1441647597254003,0.01201710719286578
2023-03-25,HAY_POINT,PARADIP,Coking Coal,Capesize,18.91,18.9,18.86,18.69,18.57,18.24,18.830000000000002,0.08445906306215155,18.588,0.16857209651702784,18.46289156626506,0.23234504472024908,0.2099999999999973,1.123595505617963,0.009068866823597366
2023-03-25,HAY_POINT,VISAKHAPATNAM,Coking Coal,Capesize,18.26,18.24,18.22,18.06,17.92,17.46,18.16,0.08962886439819107,17.90533333333333,0.20525397779895624,17.75698795180723,0.23510109366677703,0.17999999999999972,0.9966777408637859,0.011463287165776841
2023-03-26,BALIKPAPAN,KAMARAJAR,Thermal Coal,Supramax,11.09,11.09,10.89,10.87,10.78,10.7,10.944285714285714,0.08599557020703355,10.85,0.08383069966842155,10.78547619047619,0.10814319781431121,0.22000000000000064,2.0239190432382768,0.007726331766674798
2023-03-26,TANJUNG_BARA,PARADIP,Thermal Coal,Supramax,11.76,11.77,11.77,11.79,11.56,11.37,11.77142857142857,0.018644544714607518,11.615666666666668,0.12313948730336995,11.502857142857144,0.1696670831510682,-0.019999999999999574,-0.16963528413909734,0.010601155390998072
2023-03-26,TANJUNG_BARA,DHAMRA,Thermal Coal,Supramax,11.64,11.57,11.56,11.4,11.24,11.1,11.505714285714287,0.0953689577128543,11.31,0.13211802456058452,11.196428571428571,0.17247764204430455,0.16999999999999993,1.491228070175438,0.011681522949653803
2023-03-26,RICHARDS_BAY,PARADIP,Thermal Coal,Capesize,17.09,17.05,17.04,16.71,16.71,16.34,16.93857142857143,0.1297983784475318,16.651333333333334,0.2003743622758843,16.5325,0.2096921150938455,0.33999999999999986,2.0347097546379405,0.012033532586532667
2023-03-26,NEWCASTLE,DHAMRA,Thermal Coal,Panamax,22.74,22.63,22.62,22.34,22.24,21.58,22.541428571428575,0.10558228567151952,22.155666666666665,0.30009979183176766,21.94392857142857,0.33021722626664324,0.28999999999999915,1.2981199641897903,0.01354505808138329
2023-03-26,MAPUTO,VISAKHAPATNAM,Coking Coal,Panamax,20.11,20.1,20.01,19.7,19.49,19.17,19.935714285714283,0.14535670410607482,19.597666666666665,0.2367988136813882,19.45,0.25210439604660595,0.40000000000000213,2.030456852791889,0.012083010580241945
2023-03-26,HAY_POINT,VISAKHAPATNAM,Coking Coal,Capesize,18.32,18.26,18.27,18.05,17.91,17.5,18.18857142857143,0.0841483949991156,17.932,0.1972115964975152,17.762976190476188,0.24003905185246066,0.21000000000000085,1.163434903047096,0.010997746849069553
2023-03-26,GLADSTONE,PARADIP,Coking Coal,Panamax,22.15,22.08,22.06,21.88,21.69,21.21,22.024285714285718,0.07322502824776835,21.671,0.25433279854120655,21.460833333333333,0.3020301123315668,0.1999999999999993,0.9140767824497225,0.01173608963782043
2023-03-26,HAY_POINT,PARADIP,Coking Coal,Capesize,19.08,18.91,18.93,18.75,18.54,18.27,18.861428571428572,0.061489449346658225,18.610333333333337,0.1652267685863271,18.468214285714286,0.2360373705060036,0.16000000000000014,0.853333333333334,0.008878227252941576
2023-03-26,HAY_POINT,DHAMRA,Coking Coal,Capesize,18.8,18.78,18.75,18.42,18.35,17.92,18.641428571428573,0.1420596789415207,18.360000000000003,0.2060465297300496,18.209166666666665,0.2610322803900374,0.35999999999999943,1.9543973941368045,0.011222577872007058
2023-03-27,HAY_POINT,DHAMRA,Coking Coal,Capesize,18.85,18.8,18.78,18.51,18.38,18.06,18.695714285714285,0.11296860077880544,18.389333333333333,0.20387510262724046,18.216117647058823,0.267270569691034,0.28999999999999915,1.5667206915180938,0.01108659563300684
2023-03-27,GLADSTONE,PARADIP,Coking Coal,Panamax,22.25,22.15,22.1,21.99,21.7,21.29,22.062857142857144,0.05282495802607717,21.702333333333335,0.25348173209475333,21.46894117647059,0.30939273673798023,0.16000000000000014,0.7276034561164172,0.011679929904376794
2023-03-27,HAY_POINT,PARADIP,Coking Coal,Capesize,19.13,19.08,18.9,18.82,18.51,18.37,18.908571428571427,0.08414839499927829,18.637333333333334,0.17366105182092173,18.475411764705882,0.24383128896635248,0.259999999999998,1.3815090329436663,0.00931791306808494
2023-03-27,HAY_POINT,VISAKHAPATNAM,Coking Coal,Capesize,18.37,18.32,18.24,18.1,17.96,17.54,18.22714285714286,0.07087883692459086,17.959333333333333,0.19202969119083,17.769529411764708,0.24613636310731785,0.21999999999999886,1.215469613259662,0.010692473246454767
2023-03-27,BALIKPAPAN,KAMARAJAR,Thermal Coal,Supramax,11.16,11.09,11.0,10.84,10.86,10.7,10.975714285714286,0.09413769044276879,10.863,0.08979478519533532,10.789058823529412,0.11245764842408636,0.25,2.3062730627306274,0.008266112970204853
2023-03-27,TANJUNG_BARA,DHAMRA,Thermal Coal,Supramax,11.59,11.64,11.63,11.38,11.26,11.18,11.540000000000001,0.09416297927882568,11.328,0.13912038944244867,11.201647058823529,0.17807065918860765,0.2599999999999998,2.2847100175746906,0.01228110782507492
2023-03-27,NEWCASTLE,DHAMRA,Thermal Coal,Panamax,22.71,22.74,22.61,22.47,22.24,21.71,22.59857142857143,0.0845435925876248,22.194333333333336,0.2980937521275306,21.953294117647058,0.3394126166920546,0.2699999999999996,1.2016021361815736,0.013431074844668935
2023-03-27,MAPUTO,VISAKHAPATNAM,Coking Coal,Panamax,20.11,20.11,20.1,19.84,19.58,19.23,19.994285714285716,0.11370387604907235,19.629,0.24042132557885998,19.457764705882354,0.2606236863417308,0.2699999999999996,1.3608870967741915,0.012248271719336694
2023-03-27,RICHARDS_BAY,PARADIP,Thermal Coal,Capesize,17.19,17.09,17.02,16.82,16.69,16.38,16.992857142857144,0.09232447954794248,16.676333333333336,0.2068729967434247,16.539058823529412,0.21703424970777985,0.2699999999999996,1.6052318668252055,0.012405184797422975
2023-03-27,TANJUNG_BARA,PARADIP,Thermal Coal,Supramax,11.79,11.76,11.75,11.75,11.54,11.41,11.767142857142858,0.017043362064809563,11.628666666666668,0.11672937559346534,11.505882352941176,0.17094481229783115,0.009999999999999787,0.0851063829787216,0.010038070480433297
2023-03-28,HAY_POINT,PARADIP,Coking Coal,Capesize,19.07,19.13,18.91,18.86,18.59,18.43,18.952857142857145,0.10796824930109981,18.662666666666667,0.18814765539302902,18.483023255813954,0.25246115492670046,0.2699999999999996,1.4316012725344622,0.010081499002984337
2023-03-28,HAY_POINT,DHAMRA,Coking Coal,Capesize,18.94,18.85,18.78,18.58,18.38,18.08,18.744285714285716,0.09071147352230896,18.415666666666667,0.21077334342571463,18.223488372093023,0.2743452845545545,0.2700000000000031,1.4531754574811795,0.011445327896123661
2023-03-28,NEWCASTLE,DHAMRA,Thermal Coal,Panamax,22.84,22.71,22.63,22.53,22.26,21.74,22.632857142857144,0.07134757312256204,22.227666666666668,0.2979780521116075,21.962093023255814,0.3471365768823211,0.17999999999999972,0.7989347536617829,0.013405727941676627
2023-03-28,TANJUNG_BARA,DHAMRA,Thermal Coal,Supramax,11.6,11.59,11.57,11.45,11.27,11.17,11.570000000000002,0.06298147875895267,11.341666666666667,0.14412837508882426,11.206162790697675,0.18190604300443633,0.14000000000000057,1.222707423580791,0.01270786554787576
2023-03-28,MAPUTO,VISAKHAPATNAM,Coking Coal,Panamax,20.22,20.11,20.1,19.9,19.66,19.3,20.032857142857143,0.0972478424293084,19.658333333333335,0.2437223311734808,19.4653488372093,0.2684627158883733,0.21000000000000085,1.055276381909552,0.012397914260626407
2023-03-28,TANJUNG_BARA,PARADIP,Thermal Coal,Supramax,11.9,11.79,11.77,11.8,11.6,11.42,11.772857142857143,0.017043362064807804,11.641333333333334,0.11273200852965418,11.509186046511628,0.1726759298344334,-0.010000000000001563,-0.08474576271187766,0.009683771205731374
2023-03-28,BALIKPAPAN,KAMARAJAR,Thermal Coal,Supramax,11.15,11.16,11.09,10.97,10.84,10.73,11.021428571428572,0.0949435922760357,10.878333333333334,0.09972663785995757,10.793372093023256,0.11873460732551379,0.1899999999999995,1.7319963536918823,0.009167455602263603
2023-03-28,HAY_POINT,VISAKHAPATNAM,Coking Coal,Capesize,18.41,18.37,18.26,18.18,17.97,17.62,18.265714285714285,0.06320789582963225,17.987000000000002,0.18930271324356088,17.776511627906977,0.253106661737976,0.19000000000000128,1.0451045104510521,0.010524418371243724
2023-03-28,GLADSTONE,PARADIP,Coking Coal,Panamax,22.33,22.25,22.08,22.03,21.72,21.28,22.099999999999998,0.07831560082967438,21.734333333333332,0.2601416501849118,21.478023255813955,0.31889079734177583,0.21999999999999886,0.9986382206082562,0.011969157102506563
2023-03-28,RICHARDS_BAY,PARADIP,Thermal Coal,Capesize,17.21,17.19,17.05,16.92,16.7,16.39,17.045714285714286,0.08223080178311067,16.703333333333333,0.21934594520564166,16.546627906976745,0.22688483974509283,0.2699999999999996,1.5957446808510614,0.013131866605805727
2023-03-29,GLADSTONE,PARADIP,Coking Coal,Panamax,22.28,22.33,22.15,22.03,21.66,21.3,22.142857142857142,0.10950103282825514,21.769333333333336,0.26743911112798985,21.487816091954024,0.3299274948091772,0.29999999999999716,1.3617793917385255,0.012285130969926648
2023-03-29,TANJUNG_BARA,PARADIP,Thermal Coal,Supramax,11.92,11.9,11.76,11.77,11.6,11.46,11.787142857142856,0.051223134654229646,11.657333333333332,0.11428739736036517,11.513678160919541,0.17670837191133681,0.13000000000000078,1.1045029736618588,0.009803905755492838
2023-03-29,BALIKPAPAN,KAMARAJAR,Thermal Coal,Supramax,11.11,11.15,11.09,10.95,10.9,10.78,11.047142857142859,0.10274795792196796,10.892333333333333,0.10737248518458163,10.797471264367816,0.12408004159735418,0.20000000000000107,1.82648401826485,0.009857620208518068
2023-03-29,RICHARDS_BAY,PARADIP,Thermal Coal,Capesize,17.15,17.21,17.09,17.01,16.6,16.37,17.087142857142858,0.08138678961476345,16.730666666666668,0.2297965116828459,16.554252873563218,0.23650867619617208,0.1999999999999993,1.1757789535567271,0.013735048116204528
2023-03-29,TANJUNG_BARA,DHAMRA,Thermal Coal,Supramax,11.66,11.6,11.64,11.55,11.31,11.18,11.59142857142857,0.03436498771933379,11.356,0.14780229105591278,11.210689655172414,0.18570915685084427,0.049999999999998934,0.4329004329004236,0.013015347926727086
2023-03-29,HAY_POINT,PARADIP,Coking Coal,Capesize,19.16,19.07,19.08,18.86,18.6,18.42,18.982857142857142,0.10703804397102928,18.684,0.19693513723018377,18.489770114942527,0.25875811193438675,0.21000000000000085,1.1134676564156991,0.010540309207353016
2023-03-29,HAY_POINT,VISAKHAPATNAM,Coking Coal,Capesize,18.44,18.41,18.32,18.22,17.98,17.67,18.298571428571428,0.07057586259424954,18.013333333333332,0.19142538536179987,17.783793103448275,0.26063536579937274,0.19000000000000128,1.0428100987925428,0.010626871874267203
2023-03-29,NEWCASTLE,DHAMRA,Thermal Coal,Panamax,22.91,22.84,22.74,22.59,22.31,21.72,22.677142857142858,0.090501249662528,22.264333333333333,0.30352734732592046,21.972183908045977,0.3577170028900531,0.25,1.1066843736166445,0.013632896291194607
2023-03-29,HAY_POINT,DHAMRA,Coking Coal,Capesize,19.0,18.94,18.8,18.67,18.36,18.09,18.795714285714286,0.08383657572079772,18.44433333333333,0.22174361295212391,18.231724137931035,0.283356981260725,0.2699999999999996,1.4461703267273676,0.012022316499310933
2023-03-29,MAPUTO,VISAKHAPATNAM,Coking Coal,Panamax,20.29,20.22,20.11,19.9,19.59,19.34,20.078571428571426,0.09957050624707965,19.689,0.254712143138211,19.474022988505748,0.2788909087802386,0.3200000000000003,1.6080402010050268,0.012936773992493829
2023-03-30,RICHARDS_BAY,PARADIP,Thermal Coal,Capesize,17.18,17.15,17.19,17.04,16.62,16.45,17.107142857142858,0.07631388814493459,16.756666666666668,0.2317003613964795,16.56102272727273,0.24357037630460465,0.10999999999999943,0.645539906103283,0.013827353972338145
2023-03-30,HAY_POINT,PARADIP,Coking Coal,Capesize,19.18,19.16,19.13,18.93,18.59,18.45,19.025714285714287,0.10967484410096903,18.708666666666666,0.208719137026122,18.497386363636362,0.267003354915349,0.23000000000000043,1.215002641310092,0.011156280709089656
2023-03-30,HAY_POINT,VISAKHAPATNAM,Coking Coal,Capesize,18.47,18.44,18.37,18.27,17.98,17.75,18.330000000000002,0.07831560082960319,18.039,0.19538379560803035,17.79125,0.26840873146460187,0.1700000000000017,0.9304871373836985,0.010831187738124637
2023-03-30,BALIKPAPAN,KAMARAJAR,Thermal Coal,Supramax,11.09,11.11,11.16,10.89,10.94,10.78,11.070000000000002,0.09504384952917395,10.903333333333334,0.11225996103052614,10.801022727272727,0.12778429897190263,0.21999999999999886,2.0202020202020097,0.010295930391060177
2023-03-30,TANJUNG_BARA,PARADIP,Thermal Coal,Supramax,11.87,11.92,11.79,11.77,11.67,11.47,11.808571428571428,0.07057586259443085,11.672666666666666,0.11770604336091652,11.518295454545454,0.18095037479933843,0.15000000000000036,1.274426508071371,0.010083903423460779
2023-03-30,MAPUTO,VISAKHAPATNAM,Coking Coal,Panamax,20.29,20.29,20.11,20.01,19.58,19.35,20.134285714285713,0.09180725150328359,19.720666666666666,0.26850715438143125,19.483295454545456,0.2906066646557161,0.2799999999999976,1.3993003498250753,0.013615521164671475
2023-03-30,TANJUNG_BARA,DHAMRA,Thermal Coal,Supramax,11.67,11.66,11.59,11.56,11.36,11.19,11.607142857142858,0.03728908942939868,11.372000000000002,0.15394580327123156,11.215795454545455,0.19075001146960052,0.09999999999999964,0.8650519031141838,0.013537267259165629
2023-03-30,HAY_POINT,DHAMRA,Coking Coal,Capesize,18.99,19.0,18.85,18.75,18.39,18.15,18.842857142857145,0.09357960705816708,18.474666666666668,0.2335296382775151,18.240454545454547,0.2933865250527885,0.25,1.3333333333333335,0.012640533249721154
2023-03-30,NEWCASTLE,DHAMRA,Thermal Coal,Panamax,22.92,22.91,22.71,22.62,22.28,21.75,22.722857142857144,0.11629191512660074,22.304,0.3076675321590242,21.98284090909091,0.36943868221452536,0.28999999999999915,1.2820512820512782,0.013794276011434013
2023-03-30,GLADSTONE,PARADIP,Coking Coal,Panamax,22.29,22.28,22.25,22.06,21.73,21.34,22.178571428571427,0.10730463976111794,21.802000000000003,0.2679861036026831,21.49681818181818,0.3387215499510658,0.22000000000000242,0.9972801450589411,0.012291812842981519
2023-03-31,NEWCASTLE,DHAMRA,Thermal Coal,Panamax,22.87,22.92,22.84,22.61,22.33,21.82,22.765714285714285,0.1268670094833208,22.343,0.3091718638222214,21.993370786516856,0.3805287703261935,0.3100000000000023,1.3710747456877588,0.013837526913226577
2023-03-31,TANJUNG_BARA,DHAMRA,Thermal Coal,Supramax,11.65,11.67,11.6,11.63,11.35,11.15,11.622857142857143,0.037289089429397876,11.388000000000002,0.15923091018586039,11.220898876404494,0.19567854233548704,0.03999999999999915,0.3439380911435868,0.013982341955203755
2023-03-31,HAY_POINT,DHAMRA,Coking Coal,Capesize,18.96,18.99,18.94,18.78,18.42,18.2,18.87714285714286,0.09776064063395525,18.502666666666663,0.24340874284207256,18.248876404494382,0.302341010819389,0.2099999999999973,1.118210862619794,0.013155333078587192
2023-03-31,HAY_POINT,VISAKHAPATNAM,Coking Coal,Capesize,18.5,18.47,18.41,18.24,18.05,17.81,18.358571428571427,0.0885867882225438,18.063,0.2027424049344732,17.79887640449438,0.2764073007613912,0.23000000000000043,1.2609649122807043,0.011224182302744462
2023-03-31,GLADSTONE,PARADIP,Coking Coal,Panamax,22.31,22.29,22.33,22.1,21.76,21.39,22.21142857142857,0.09990471650992709,21.833666666666666,0.2676395328426655,21.505730337078653,0.3471274577300257,0.18999999999999773,0.8597285067873199,0.012258112067418765
2023-03-31,HAY_POINT,PARADIP,Coking Coal,Capesize,19.14,19.18,19.07,18.9,18.64,18.47,19.06142857142857,0.11393398255547894,18.733,0.2197828081507523,18.50505617977528,0.2751657500303903,0.28000000000000114,1.4814814814814876,0.011732387132373474
2023-03-31,RICHARDS_BAY,PARADIP,Thermal Coal,Capesize,17.2,17.18,17.21,17.02,16.71,16.49,17.127142857142857,0.07409774753974656,16.781,0.2366628622002663,16.567977528089887,0.2509127871631947,0.16000000000000014,0.9400705052878975,0.01410302498064873
2023-03-31,MAPUTO,VISAKHAPATNAM,Coking Coal,Panamax,20.31,20.29,20.22,20.1,19.68,19.34,20.174285714285713,0.08960229588904844,19.752,0.2784241368846997,19.492359550561797,0.301338010425284,0.18999999999999773,0.9452736318407847,0.014095997209634453
2023-03-31,TANJUNG_BARA,PARADIP,Thermal Coal,Supramax,11.83,11.87,11.9,11.75,11.74,11.52,11.822857142857144,0.0715807901870674,11.686000000000002,0.11660720980846004,11.522247191011235,0.18374112723778255,0.11999999999999922,1.021276595744674,0.009978368116417937
2023-03-31,BALIKPAPAN,KAMARAJAR,Thermal Coal,Supramax,11.1,11.09,11.15,11.0,10.88,10.79,11.098571428571429,0.05241773600232216,10.913666666666666,0.11475561238873304,10.80426966292135,0.13069645297100838,0.08999999999999986,0.8181818181818169,0.010514854071842617
2023-04-01,TANJUNG_BARA,PARADIP,Thermal Coal,Supramax,11.78,11.83,11.92,11.77,11.79,11.55,11.834285714285715,0.06399404734218195,11.696333333333333,0.11511563401817429,11.525666666666666,0.18556352072732207,0.0600000000000005,0.5097706032285514,0.00984202747455108
2023-04-01,BALIKPAPAN,KAMARAJAR,Thermal Coal,Supramax,11.14,11.1,11.11,11.09,10.8,10.83,11.112857142857143,0.02984084768343334,10.924000000000001,0.11716772534307147,10.807555555555554,0.13364644882448423,0.009999999999999787,0.0901713255184832,0.010725716344111265
2023-04-01,HAY_POINT,VISAKHAPATNAM,Coking Coal,Capesize,18.48,18.5,18.44,18.26,18.06,17.86,18.395714285714288,0.08502100580760141,18.086,0.2119791791987736,17.806666666666665,0.2846128851299999,0.23999999999999844,1.3143483023001008,0.011720622536700963
2023-04-01,GLADSTONE,PARADIP,Coking Coal,Panamax,22.33,22.31,22.28,22.08,21.85,21.45,22.24142857142857,0.09209208641858443,21.864333333333335,0.2677580396852774,21.514666666666667,0.3554304242982757,0.23000000000000043,1.0416666666666687,0.012246339076667207
2023-04-01,MAPUTO,VISAKHAPATNAM,Coking Coal,Panamax,20.29,20.31,20.29,20.1,19.72,19.44,20.204285714285714,0.0955435577555588,19.784333333333333,0.2851700440491211,19.50144444444444,0.31178918659713256,0.2099999999999973,1.0447761194029717,0.01441393244060727
2023-04-01,NEWCASTLE,DHAMRA,Thermal Coal,Panamax,22.88,22.87,22.91,22.63,22.37,21.88,22.802857142857142,0.11071198154285496,22.378,0.30735130971935354,22.00311111111111,0.38950456703397485,0.240000000000002,1.0605391073795936,0.013734529882891837
2023-04-01,HAY_POINT,DHAMRA,Coking Coal,Capesize,18.95,18.96,19.0,18.78,18.41,18.3,18.902857142857147,0.09141741003311067,18.528000000000002,0.2502743322422713,18.256777777777778,0.3098416695261992,0.17999999999999972,0.9584664536741198,0.0135078978973592
2023-04-01,RICHARDS_BAY,PARADIP,Thermal Coal,Capesize,17.13,17.2,17.15,17.05,16.72,16.5,17.152857142857144,0.0607492896292938,16.804666666666666,0.24199933504229723,16.575,0.25824058985216025,0.14999999999999858,0.8797653958944197,0.014400722123356443
2023-04-01,TANJUNG_BARA,DHAMRA,Thermal Coal,Supramax,11.66,11.65,11.66,11.57,11.36,11.19,11.625714285714285,0.03866830866789409,11.404666666666666,0.15962743980978467,11.225666666666665,0.1997641868230596,0.08000000000000007,0.6914433880726022,0.013996677366848485
2023-04-01,HAY_POINT,PARADIP,Coking Coal,Capesize,19.15,19.14,19.16,18.91,18.69,18.56,19.095714285714283,0.09107819769427389,18.755333333333333,0.22608715642172256,18.51211111111111,0.2816823234351635,0.23000000000000043,1.2162876784769985,0.0120545528252438
2023-04-02,TANJUNG_BARA,PARADIP,Thermal Coal,Supramax,11.8,11.78,11.87,11.76,11.79,11.58,11.835714285714287,0.06241184258803299,11.703999999999999,0.1126667346799945,11.528666666666666,0.1874800363903955,0.019999999999999574,0.1700680272108807,0.009626344384825231
2023-04-02,MAPUTO,VISAKHAPATNAM,Coking Coal,Panamax,20.28,20.29,20.29,20.11,19.7,19.51,20.231428571428573,0.08764104278802197,19.812666666666665,0.2919250415518444,19.51022222222222,0.3226783202773761,0.17999999999999972,0.8950770760815501,0.014734263007764953
2023-04-02,GLADSTONE,PARADIP,Coking Coal,Panamax,22.33,22.33,22.29,22.15,21.88,21.53,22.277142857142856,0.06290582530352219,21.893666666666665,0.26900177327110597,21.524333333333335,0.36561184673353847,0.17999999999999972,0.8126410835214435,0.012286739236816096
2023-04-02,HAY_POINT,DHAMRA,Coking Coal,Capesize,18.96,18.95,18.99,18.8,18.42,18.38,18.927142857142858,0.07432233529585276,18.549666666666667,0.2578757163004613,18.265,0.3182898474131607,0.14999999999999858,0.7978723404255244,0.013901905674879762
2023-04-02,HAY_POINT,VISAKHAPATNAM,Coking Coal,Capesize,18.5,18.48,18.47,18.32,18.05,17.84,18.427142857142858,0.06473388749672987,18.106666666666666,0.2192830533152448,17.81388888888889,0.29332535314306607,0.16000000000000014,0.873362445414848,0.01211062518309526
2023-04-02,TANJUNG_BARA,DHAMRA,Thermal Coal,Supramax,11.63,11.66,11.67,11.64,11.4,11.23,11.638571428571428,0.03132015933787366,11.420333333333334,0.1608915533955068,11.231333333333334,0.2047645949031284,0.019999999999999574,0.17182130584192074,0.014088166141867439
2023-04-02,BALIKPAPAN,KAMARAJAR,Thermal Coal,Supramax,11.13,11.14,11.09,11.09,10.87,10.82,11.120000000000001,0.02943920288758062,10.934333333333333,0.12215545023857502,10.811222222222224,0.13816475898078875,0.05000000000000071,0.450856627592432,0.01117173279016325
2023-04-02,NEWCASTLE,DHAMRA,Thermal Coal,Panamax,22.86,22.88,22.92,22.74,22.34,21.91,22.83857142857143,0.08234653836655575,22.411333333333335,0.3057013793448233,22.01311111111111,0.400307871531384,0.14000000000000057,0.6156552330694837,0.013640481572336462
2023-04-02,RICHARDS_BAY,PARADIP,Thermal Coal,Capesize,17.12,17.13,17.18,17.09,16.71,16.53,17.164285714285715,0.04314979445944552,16.825666666666667,0.24198437301115855,16.582,0.264643920191609,0.03999999999999915,0.23405500292568254,0.01438185944159668
2023-04-02,HAY_POINT,PARADIP,Coking Coal,Capesize,19.14,19.15,19.18,19.08,18.75,18.55,19.13,0.04082482904636796,18.775,0.2340313860472189,18.519555555555556,0.28956732973858945,0.07000000000000028,0.3668763102725382,0.012465053850717386
2023-04-03,HAY_POINT,PARADIP,Coking Coal,Capesize,19.19,19.14,19.14,19.13,18.82,18.57,19.138571428571428,0.034364987719344715,18.794666666666668,0.2392046207219311,18.526333333333334,0.2968616747453034,0.010000000000001563,0.05227391531626536,0.01272726060878606
2023-04-03,BALIKPAPAN,KAMARAJAR,Thermal Coal,Supramax,11.2,11.13,11.1,11.16,10.84,10.87,11.125714285714285,0.026367367999619962,10.944666666666667,0.12522347839055734,10.814777777777778,0.14219173459897164,-0.02999999999999936,-0.26881720430106953,0.011441506827424987
2023-04-03,MAPUTO,VISAKHAPATNAM,Coking Coal,Panamax,20.32,20.28,20.31,20.11,19.84,19.55,20.255714285714284,0.07020378500189185,19.838333333333335,0.29817934123647466,19.518222222222224,0.3326960950108311,0.1700000000000017,0.8453505718548072,0.015030463306887742
2023-04-03,TANJUNG_BARA,PARADIP,Thermal Coal,Supramax,11.86,11.8,11.83,11.79,11.75,11.6,11.84142857142857,0.05580578567031352,11.711333333333332,0.11147083531776746,11.53177777777778,0.1896453092508464,0.010000000000001563,0.08481764206956374,0.00951820191134805
2023-04-03,GLADSTONE,PARADIP,Coking Coal,Panamax,22.27,22.33,22.31,22.25,21.99,21.62,22.302857142857142,0.030937725467725587,21.920333333333335,0.2713501788100412,21.533555555555555,0.37533000045087017,0.0799999999999983,0.35955056179774514,0.012378925752803692
2023-04-03,RICHARDS_BAY,PARADIP,Thermal Coal,Capesize,17.12,17.12,17.2,17.19,16.82,16.54,17.16857142857143,0.03532165125821078,16.845333333333333,0.2410999697268605,16.58788888888889,0.27065253832981184,-0.07000000000000028,-0.4072134962187335,0.01431256746043576
2023-04-03,HAY_POINT,VISAKHAPATNAM,Coking Coal,Capesize,18.48,18.5,18.5,18.37,18.1,17.87,18.452857142857145,0.0488924962590151,18.128666666666668,0.22464889591710255,17.820777777777778,0.3020463085924608,0.129999999999999,0.7076755579749537,0.012391914973546641
2023-04-03,NEWCASTLE,DHAMRA,Thermal Coal,Panamax,22.86,22.86,22.87,22.71,22.47,22.02,22.85571428571429,0.06996597812680236,22.442999999999998,0.3011489492845123,22.022,0.41012248102024557,0.14999999999999858,0.6605019815059382,0.013418391003186397
2023-04-03,HAY_POINT,DHAMRA,Coking Coal,Capesize,18.92,18.96,18.96,18.85,18.51,18.31,18.95,0.04898979485586928,18.569,0.26632039299336985,18.272666666666666,0.326612851945818,0.10999999999999943,0.5835543766578218,0.014342204372522475
2023-04-03,TANJUNG_BARA,DHAMRA,Thermal Coal,Supramax,11.55,11.63,11.65,11.59,11.38,11.26,11.637142857142859,0.03147183169873669,11.433666666666666,0.16114853575105365,11.236555555555556,0.2088769387237048,0.040000000000000924,0.3451251078516042,0.01409421320816189
2023-04-04,HAY_POINT,DHAMRA,Coking Coal,Capesize,18.95,18.92,18.95,18.94,18.58,18.26,18.96,0.027688746210094834,18.589333333333336,0.2691356962361388,18.27877777777778,0.3335267042111826,-0.019999999999999574,-0.10559662090812867,0.014477963862939612
2023-04-04,HAY_POINT,PARADIP,Coking Coal,Capesize,19.16,19.19,19.15,19.07,18.86,18.58,19.147142857142857,0.03903600291791847,18.815333333333335,0.24581649075366627,18.532666666666664,0.30485509543631595,0.120000000000001,0.629260618772947,0.013064689654909095
2023-04-04,HAY_POINT,VISAKHAPATNAM,Coking Coal,Capesize,18.41,18.48,18.48,18.41,18.18,17.85,18.46857142857143,0.03287784027142272,18.149,0.2280101328661651,17.826444444444444,0.30956769825072133,0.07000000000000028,0.38022813688213086,0.012563233944909642
2023-04-04,BALIKPAPAN,KAMARAJAR,Thermal Coal,Supramax,11.19,11.2,11.14,11.15,10.97,10.87,11.131428571428572,0.037161167647713655,10.955666666666666,0.1327087382028884,10.818555555555555,0.14781221849049167,0.049999999999998934,0.44843049327353307,0.01211325081719248
2023-04-04,MAPUTO,VISAKHAPATNAM,Coking Coal,Panamax,20.32,20.32,20.29,20.22,19.9,19.55,20.285714285714285,0.032071349029827584,19.863999999999997,0.30555320096617733,19.525666666666666,0.3430139054409354,0.10000000000000142,0.4945598417408577,0.015382259412312594
2023-04-04,NEWCASTLE,DHAMRA,Thermal Coal,Panamax,22.83,22.86,22.88,22.84,22.53,22.03,22.877142857142854,0.028702082220834427,22.471,0.2995093689168305,22.029777777777777,0.41930380441810916,0.019999999999999574,0.08756567425568991,0.013328706729421498
2023-04-04,TANJUNG_BARA,DHAMRA,Thermal Coal,Supramax,11.6,11.55,11.66,11.6,11.45,11.26,11.631428571428572,0.042983939414814765,11.443333333333332,0.1590561239773824,11.239555555555555,0.21143124422895565,-0.049999999999998934,-0.4310344827586115,0.013899457382235574
2023-04-04,GLADSTONE,PARADIP,Coking Coal,Panamax,22.28,22.27,22.33,22.33,22.03,21.64,22.305714285714284,0.02572750982660721,21.942,0.2724904300755726,21.541,0.38322419876209823,-0.05999999999999872,-0.26869682042095266,0.012418668766546924
2023-04-04,RICHARDS_BAY,PARADIP,Thermal Coal,Capesize,17.07,17.12,17.13,17.21,16.92,16.57,17.15857142857143,0.03804758924829042,16.86466666666667,0.23901714457815135,16.593444444444444,0.2763898935985115,-0.08999999999999986,-0.5229517722254494,0.014172657503546942
2023-04-04,TANJUNG_BARA,PARADIP,Thermal Coal,Supramax,11.82,11.86,11.78,11.9,11.8,11.61,11.85142857142857,0.051130086194733596,11.72,0.11261775446479899,11.534777777777778,0.19268783497620048,-0.040000000000000924,-0.33613445378152035,0.009609023418498206
2023-04-05,TANJUNG_BARA,PARADIP,Thermal Coal,Supramax,11.84,11.82,11.8,11.92,11.77,11.64,11.84,0.0472581562624758,11.727,0.11206986737039502,11.536222222222221,0.1943446364139532,-0.09999999999999964,-0.8389261744966413,0.009556567525402493
2023-04-05,HAY_POINT,VISAKHAPATNAM,Coking Coal,Capesize,18.37,18.41,18.5,18.44,18.22,17.87,18.46857142857143,0.03287784027142272,18.167666666666666,0.22559780100010418,17.831222222222223,0.31523070837185924,-0.030000000000001137,-0.16268980477224043,0.012417544043452884
2023-04-05,TANJUNG_BARA,DHAMRA,Thermal Coal,Supramax,11.61,11.6,11.63,11.66,11.55,11.27,11.631428571428572,0.042983939414814765,11.454666666666666,0.15764940004113212,11.242555555555557,0.21462044422922083,-0.0600000000000005,-0.514579759862783,0.013762897221609718
2023-04-05,GLADSTONE,PARADIP,Coking Coal,Panamax,22.27,22.28,22.33,22.28,22.03,21.62,22.298571428571424,0.02478478796075046,21.96333333333333,0.2730837099566551,21.548333333333332,0.3909890943621198,0.0,0.0,0.012433618604795346
2023-04-05,MAPUTO,VISAKHAPATNAM,Coking Coal,Panamax,20.43,20.32,20.28,20.29,19.9,19.57,20.3,0.01632993161923356,19.889666666666667,0.31056659381747614,19.533,0.35283267830007586,0.030000000000001137,0.14785608674224318,0.015614469514361367
2023-04-05,BALIKPAPAN,KAMARAJAR,Thermal Coal,Supramax,11.27,11.19,11.13,11.11,10.95,10.81,11.137142857142857,0.043094580368438204,10.966333333333331,0.13832703212348763,10.821444444444445,0.15248179932730357,0.08000000000000007,0.7200720072007207,0.012613790582402595
2023-04-05,HAY_POINT,PARADIP,Coking Coal,Capesize,19.23,19.16,19.14,19.16,18.86,18.59,19.16,0.019148542155075297,18.834666666666667,0.24945089121197284,18.53811111111111,0.31163539068772483,0.0,0.0,0.013244242418871557
2023-04-05,RICHARDS_BAY,PARADIP,Thermal Coal,Capesize,17.1,17.07,17.12,17.15,17.01,16.53,17.138571428571428,0.042983939414699454,16.881333333333334,0.23516294179865202,16.598111111111113,0.2808650139389599,-0.0799999999999983,-0.4664723032069872,0.013930353554141775
2023-04-05,NEWCASTLE,DHAMRA,Thermal Coal,Panamax,22.86,22.83,22.86,22.91,22.59,22.08,22.875714285714285,0.03101458950085917,22.497666666666664,0.29446249492852566,22.036,0.4269931452229824,-0.08000000000000185,-0.3491924923614223,0.013088579330976206
2023-04-05,HAY_POINT,DHAMRA,Coking Coal,Capesize,18.99,18.95,18.96,19.0,18.67,18.23,18.961428571428574,0.026726124191624182,18.612333333333332,0.26950380118020695,18.28488888888889,0.3407336580349143,-0.05000000000000071,-0.2631578947368458,0.014479850341899116
2023-04-06,TANJUNG_BARA,PARADIP,Thermal Coal,Supramax,11.88,11.84,11.86,11.87,11.77,11.64,11.828571428571427,0.031847852585081195,11.733666666666668,0.11266316392570958,11.537444444444446,0.19591652149769187,-0.02999999999999936,-0.25273799494523475,0.009601701422605287
2023-04-06,HAY_POINT,PARADIP,Coking Coal,Capesize,19.18,19.23,19.19,19.18,18.93,18.57,19.169999999999998,0.03265986323707696,18.856,0.2551078203427151,18.543333333333333,0.31924067212931273,0.05000000000000071,0.2606882168926002,0.013529264973627232
2023-04-06,HAY_POINT,DHAMRA,Coking Coal,Capesize,18.97,18.99,18.92,18.99,18.75,18.31,18.96,0.024494897428247127,18.637666666666668,0.26804121316325435,18.290666666666667,0.34823406825314507,0.0,0.0,0.014381693693591168
2023-04-06,TANJUNG_BARA,DHAMRA,Thermal Coal,Supramax,11.63,11.61,11.55,11.67,11.56,11.29,11.624285714285714,0.041576092030984314,11.466000000000001,0.15612991937528597,11.245111111111111,0.21762375760737973,-0.0600000000000005,-0.5141388174807241,0.013616773013717597
2023-04-06,RICHARDS_BAY,PARADIP,Thermal Coal,Capesize,17.1,17.1,17.12,17.18,17.04,16.56,17.131428571428568,0.04488079449244643,16.900333333333332,0.22873691156574932,16.602888888888888,0.2857170929057757,-0.0799999999999983,-0.46565774155994355,0.01353446154311055
2023-04-06,GLADSTONE,PARADIP,Coking Coal,Panamax,22.28,22.27,22.27,22.29,22.06,21.6,22.297142857142855,0.02627691364011208,21.985000000000003,0.27067922228963787,21.554555555555552,0.39798413697457086,-0.019999999999999574,-0.08972633467922644,0.012311995555589622
2023-04-06,NEWCASTLE,DHAMRA,Thermal Coal,Panamax,22.79,22.86,22.86,22.92,22.62,22.05,22.868571428571425,0.027342623276144215,22.523666666666664,0.2907242245025938,22.042333333333332,0.4349558934115989,-0.060000000000002274,-0.26178010471205176,0.012907499866921926
2023-04-06,MAPUTO,VISAKHAPATNAM,Coking Coal,Panamax,20.37,20.43,20.32,20.29,20.01,19.56,20.32,0.050990195136152806,19.918333333333333,0.319601943515425,19.54088888888889,0.36479529258631327,0.14000000000000057,0.689995071463778,0.01604561677761317
2023-04-06,BALIKPAPAN,KAMARAJAR,Thermal Coal,Supramax,11.29,11.27,11.2,11.09,10.89,10.86,11.159999999999998,0.0637704215656043,10.981666666666666,0.14569887068725212,10.825222222222221,0.15926254049209018,0.17999999999999972,1.6230838593327297,0.01326746432119461
2023-04-06,HAY_POINT,VISAKHAPATNAM,Coking Coal,Capesize,18.42,18.37,18.48,18.47,18.27,17.93,18.458571428571428,0.04947341758540955,18.18433333333333,0.22127659915436967,17.83522222222222,0.3197760022819967,-0.09999999999999787,-0.5414185165132532,0.012168529640223436
2023-04-07,BALIKPAPAN,KAMARAJAR,Thermal Coal,Supramax,11.28,11.29,11.19,11.1,11.0,10.83,11.18857142857143,0.07151423434724778,10.996,0.15421883242931905,10.82911111111111,0.16621797280046846,0.1899999999999995,1.7117117117117073,0.014024993854976268
2023-04-07,TANJUNG_BARA,PARADIP,Thermal Coal,Supramax,11.9,11.88,11.82,11.83,11.75,11.59,11.83,0.034156502553130554,11.741666666666667,0.11429192306617794,11.539777777777777,0.19874311677871173,0.05000000000000071,0.42265426880812096,0.009733875633741201
2023-04-07,MAPUTO,VISAKHAPATNAM,Coking Coal,Panamax,20.33,20.37,20.32,20.31,20.1,19.54,20.33142857142857,0.052098807225397045,19.945333333333334,0.32248745854610517,19.547777777777778,0.3745132504752315,0.060000000000002274,0.29542097488922836,0.016168567010467202
2023-04-07,HAY_POINT,PARADIP,Coking Coal,Capesize,19.14,19.18,19.16,19.14,18.9,18.58,19.169999999999998,0.03265986323707696,18.87633333333333,0.25583512111399703,18.54788888888889,0.3253778941975958,0.03999999999999915,0.20898641588296316,0.013553221200126987
2023-04-07,GLADSTONE,PARADIP,Coking Coal,Panamax,22.27,22.28,22.28,22.31,22.1,21.6,22.295714285714286,0.026992062324787264,22.00766666666667,0.26575440221916174,21.560333333333332,0.40471782374134546,-0.029999999999997584,-0.13446884805019088,0.012075537413590494
2023-04-07,HAY_POINT,DHAMRA,Coking Coal,Capesize,18.89,18.97,18.95,18.96,18.78,18.29,18.957142857142856,0.02138089935346913,18.65966666666667,0.2673043381529913,18.296,0.3549324987257249,0.00999999999999801,0.05274261603374478,0.014325247225905675
2023-04-07,TANJUNG_BARA,DHAMRA,Thermal Coal,Supramax,11.6,11.63,11.6,11.65,11.63,11.29,11.61857142857143,0.03670993118512366,11.477333333333332,0.15525137199310768,11.247666666666666,0.220790459409576,-0.019999999999999574,-0.1716738197424856,0.01352678078471547
2023-04-07,NEWCASTLE,DHAMRA,Thermal Coal,Panamax,22.83,22.79,22.83,22.87,22.61,22.09,22.85,0.030550504633074738,22.548333333333336,0.2803579403416884,22.048111111111112,0.4414198094668631,-0.08000000000000185,-0.3498032356799381,0.012433643595610396
2023-04-07,HAY_POINT,VISAKHAPATNAM,Coking Coal,Capesize,18.49,18.42,18.41,18.5,18.24,17.91,18.451428571428572,0.05113008619440538,18.20066666666667,0.2199362499066,17.839666666666666,0.3251082792831133,-0.0799999999999983,-0.43243243243242324,0.012083966699384635
2023-04-07,RICHARDS_BAY,PARADIP,Thermal Coal,Capesize,17.07,17.1,17.07,17.2,17.02,16.62,17.12,0.040414518843119335,16.918333333333337,0.22218481485919903,16.607333333333333,0.29031869354250267,-0.09999999999999787,-0.5813953488371969,0.01313278385533636
2023-04-08,MAPUTO,VISAKHAPATNAM,Coking Coal,Panamax,20.36,20.33,20.43,20.29,20.1,19.62,20.334285714285716,0.051269595557161235,19.971666666666668,0.32049620292905023,19.55477777777778,0.38317780593518036,0.03999999999999915,0.1971414489896459,0.016047544167356265
2023-04-08,HAY_POINT,PARADIP,Coking Coal,Capesize,19.14,19.14,19.23,19.15,18.91,18.56,19.169999999999998,0.03265986323707696,18.894999999999996,0.2538904189361971,18.55188888888889,0.3304368727025643,-0.00999999999999801,-0.052219321148814675,0.013436910237427742
2023-04-08,RICHARDS_BAY,PARADIP,Thermal Coal,Capesize,17.06,17.07,17.1,17.13,17.05,16.62,17.101428571428574,0.024102953780397746,16.933333333333334,0.21646586628002412,16.611444444444444,0.2942389196260795,-0.05999999999999872,-0.35026269702275964,0.012783417300001425
2023-04-08,TANJUNG_BARA,PARADIP,Thermal Coal,Supramax,11.86,11.9,11.84,11.78,11.77,11.57,11.84,0.04320493798933066,11.752,0.11412032367578669,11.54211111111111,0.20173680954301465,0.120000000000001,1.018675721561978,0.00971071508473338
2023-04-08,NEWCASTLE,DHAMRA,Thermal Coal,Panamax,22.83,22.83,22.86,22.88,22.63,22.14,22.844285714285714,0.02992052966176059,22.572999999999997,0.27104077820185124,22.054222222222222,0.4484178874084017,-0.05000000000000071,-0.21853146853147162,0.01200729979186866
2023-04-08,HAY_POINT,VISAKHAPATNAM,Coking Coal,Capesize,18.42,18.49,18.37,18.48,18.26,17.92,18.45,0.04966554808545165,18.220000000000002,0.2189945677172031,17.845555555555556,0.3320386843278009,0.00999999999999801,0.05411255411254334,0.01201946035769501
2023-04-08,GLADSTONE,PARADIP,Coking Coal,Panamax,22.19,22.27,22.27,22.33,22.08,21.64,22.29,0.02768874620925773,22.029999999999998,0.2583635503277213,21.565555555555555,0.4108311966730356,-0.05999999999999872,-0.26869682042095266,0.01172780528042312
2023-04-08,HAY_POINT,DHAMRA,Coking Coal,Capesize,18.85,18.89,18.99,18.95,18.78,18.38,18.947142857142858,0.0330223589480866,18.679666666666666,0.26106523604507564,18.300333333333334,0.3597984766785792,-0.05999999999999872,-0.31662269129286924,0.013975904426118006
2023-04-08,BALIKPAPAN,KAMARAJAR,Thermal Coal,Supramax,11.22,11.28,11.27,11.14,11.09,10.86,11.214285714285714,0.06654751256476861,11.011,0.15931642770891918,10.832888888888888,0.17251115869750477,0.1399999999999988,1.2567324955116588,0.01446884276713461
2023-04-08,TANJUNG_BARA,DHAMRA,Thermal Coal,Supramax,11.54,11.6,11.61,11.66,11.57,11.28,11.611428571428572,0.03436498771933209,11.487666666666666,0.1526475167430217,11.249555555555556,0.22308315127888714,-0.0600000000000005,-0.514579759862783,0.013287947950818708
2023-04-09,HAY_POINT,PARADIP,Coking Coal,Capesize,19.15,19.14,19.18,19.14,19.08,18.58,19.16857142857143,0.033876526498697386,18.91433333333333,0.2495469458056566,18.555888888888887,0.335371316751862,0.0,0.0,0.01319353642593747
2023-04-09,HAY_POINT,VISAKHAPATNAM,Coking Coal,Capesize,18.37,18.42,18.42,18.5,18.32,17.87,18.44142857142857,0.04879500364703842,18.236666666666668,0.21435280832489892,17.85033333333333,0.337194139392204,-0.0799999999999983,-0.43243243243242324,0.011753946718601659
2023-04-09,TANJUNG_BARA,DHAMRA,Thermal Coal,Supramax,11.54,11.54,11.63,11.63,11.64,11.29,11.594285714285714,0.035989416433662595,11.496333333333332,0.1477529002768635,11.251222222222223,0.2246986885235853,-0.09000000000000163,-0.7738607050731009,0.012852176080216606
2023-04-09,TANJUNG_BARA,PARADIP,Thermal Coal,Supramax,11.85,11.86,11.88,11.8,11.76,11.58,11.85142857142857,0.03436498771929735,11.761666666666667,0.11039375711153084,11.543555555555553,0.2035544325021227,0.05999999999999872,0.5084745762711755,0.009385894043774762
2023-04-09,HAY_POINT,DHAMRA,Coking Coal,Capesize,18.86,18.85,18.97,18.96,18.8,18.34,18.93285714285714,0.04923220007098256,18.695333333333334,0.256524964616061,18.304555555555552,0.3640167952388756,-0.10999999999999943,-0.580168776371305,0.013721336765827175
2023-04-09,NEWCASTLE,DHAMRA,Thermal Coal,Panamax,22.76,22.83,22.79,22.86,22.74,22.15,22.837142857142858,0.025634797778509695,22.596,0.2621607824638489,22.059666666666665,0.45485508249047235,-0.030000000000001137,-0.13123359580052993,0.011602088089212642
2023-04-09,GLADSTONE,PARADIP,Coking Coal,Panamax,22.22,22.19,22.28,22.33,22.15,21.68,22.270000000000003,0.041231056255870945,22.048333333333332,0.2490822234182979,21.569777777777777,0.4153000209075253,-0.13999999999999702,-0.6269592476488896,0.011297099860229703
2023-04-09,RICHARDS_BAY,PARADIP,Thermal Coal,Capesize,17.05,17.06,17.1,17.12,17.09,16.66,17.091428571428573,0.024784787961034404,16.948,0.20929108586053782,16.614555555555555,0.2975033230335098,-0.060000000000002274,-0.3504672897196394,0.012349013798710043
2023-04-09,MAPUTO,VISAKHAPATNAM,Coking Coal,Panamax,20.31,20.36,20.37,20.28,20.11,19.49,20.344285714285714,0.0479086432208419,19.996333333333332,0.32097355496752383,19.56233333333333,0.39227097375912606,0.0799999999999983,0.3944773175542322,0.016051620545476198
2023-04-09,BALIKPAPAN,KAMARAJAR,Thermal Coal,Supramax,11.2,11.22,11.29,11.13,11.09,10.82,11.225714285714286,0.057981934789131245,11.023,0.16109859906495097,10.83611111111111,0.17699548933784215,0.08999999999999986,0.8086253369272224,0.014614769034287487
2023-04-10,GLADSTONE,PARADIP,Coking Coal,Panamax,22.21,22.22,22.27,22.27,22.25,21.66,22.254285714285714,0.03505098327503666,22.066333333333333,0.24092470326575677,21.574555555555555,0.4203052959727248,-0.05000000000000071,-0.22451728783116617,0.01091820283988082
2023-04-10,HAY_POINT,VISAKHAPATNAM,Coking Coal,Capesize,18.37,18.37,18.49,18.48,18.37,17.92,18.422857142857143,0.04750939756622832,18.253333333333334,0.20405092895937618,17.85488888888889,0.34143531950172584,-0.10999999999999943,-0.5952380952380921,0.011178831024071011
2023-04-10,TANJUNG_BARA,DHAMRA,Thermal Coal,Supramax,11.53,11.54,11.6,11.55,11.59,11.28,11.581428571428571,0.03716116764782644,11.504666666666669,0.14267719372482124,11.253555555555554,0.2266081660572819,-0.010000000000001563,-0.08658008658010011,0.012401679932041016
2023-04-10,BALIKPAPAN,KAMARAJAR,Thermal Coal,Supramax,11.22,11.2,11.28,11.2,11.16,10.84,11.235714285714286,0.04276179870582474,11.035666666666668,0.1595183122842737,10.838888888888889,0.18072540748014249,0.0,0.0,0.014454796171589727
2023-04-10,HAY_POINT,PARADIP,Coking Coal,Capesize,19.17,19.15,19.14,19.19,19.13,18.57,19.169999999999998,0.03265986323707696,18.933333333333334,0.24486918862985182,18.56088888888889,0.34085366870647643,-0.0400000000000027,-0.20844189682127515,0.012933231793830201
2023-04-10,MAPUTO,VISAKHAPATNAM,Coking Coal,Panamax,20.22,20.31,20.33,20.32,20.11,19.52,20.34857142857143,0.04220133150715069,20.023666666666667,0.3111323405454932,19.56988888888889,0.4000603730967958,-0.010000000000001563,-0.04921259842520455,0.01553823012163073
2023-04-10,RICHARDS_BAY,PARADIP,Thermal Coal,Capesize,17.14,17.05,17.07,17.12,17.19,16.67,17.08142857142857,0.025448360410975042,16.961,0.20279682375257066,16.618666666666666,0.3009542874691575,-0.07000000000000028,-0.4088785046728988,0.01195665489962683
2023-04-10,HAY_POINT,DHAMRA,Coking Coal,Capesize,18.9,18.86,18.89,18.92,18.85,18.32,18.91857142857143,0.05429197958850393,18.712666666666667,0.24914935741209115,18.308555555555554,0.368143111862068,-0.060000000000002274,-0.3171247357293989,0.013314476330404956
2023-04-10,NEWCASTLE,DHAMRA,Thermal Coal,Panamax,22.82,22.76,22.83,22.86,22.71,22.18,22.822857142857142,0.03638419332363702,22.616333333333333,0.24973756340346673,22.064333333333334,0.4598901920720245,-0.09999999999999787,-0.43744531933507375,0.011042354201394275
2023-04-10,TANJUNG_BARA,PARADIP,Thermal Coal,Supramax,11.85,11.85,11.9,11.86,11.79,11.56,11.858571428571427,0.026095064302418803,11.770666666666665,0.10599067406385339,11.545555555555557,0.20568390230015215,-0.009999999999999787,-0.08431703204047038,0.009004644941990264
2023-04-11,TANJUNG_BARA,PARADIP,Thermal Coal,Supramax,11.81,11.85,11.86,11.82,11.9,11.56,11.857142857142858,0.02627691364051725,11.780333333333333,0.09911620951443818,11.54811111111111,0.2080346473112062,0.02999999999999936,0.25380710659897937,0.008413701608424055
2023-04-11,HAY_POINT,DHAMRA,Coking Coal,Capesize,18.87,18.9,18.85,18.95,18.94,18.35,18.915714285714284,0.054728768442726186,18.732000000000003,0.23996264077044374,18.313555555555556,0.37310814503323125,-0.05000000000000071,-0.2638522427440671,0.012810305400941902
2023-04-11,BALIKPAPAN,KAMARAJAR,Thermal Coal,Supramax,11.2,11.22,11.22,11.19,11.15,10.78,11.23857142857143,0.04059087394482902,11.048333333333334,0.15852952152644098,10.842333333333334,0.18499954448774678,0.030000000000001137,0.2680965147453185,0.014348727246321403
2023-04-11,MAPUTO,VISAKHAPATNAM,Coking Coal,Panamax,20.22,20.22,20.36,20.32,20.22,19.49,20.334285714285716,0.06451282633653815,20.047,0.29802973700272545,19.57611111111111,0.405791484741412,-0.10000000000000142,-0.4921259842519755,0.014866550456563349
2023-04-11,GLADSTONE,PARADIP,Coking Coal,Panamax,22.13,22.21,22.19,22.28,22.33,21.69,22.245714285714286,0.037796447300602706,22.084666666666667,0.2295983499480469,21.580111111111112,0.4253894301588658,-0.07000000000000028,-0.3141831238779187,0.010396278712894929
2023-04-11,HAY_POINT,PARADIP,Coking Coal,Capesize,19.19,19.17,19.14,19.16,19.07,18.54,19.16714285714286,0.03147183169874483,18.953333333333333,0.23859261677935828,18.566777777777776,0.34676296919365235,0.010000000000001563,0.05219206680585367,0.012588425085087493
2023-04-11,NEWCASTLE,DHAMRA,Thermal Coal,Panamax,22.76,22.82,22.83,22.83,22.84,22.24,22.81714285714286,0.032513733362152866,22.637666666666668,0.23825056837984787,22.06988888888889,0.46599294599580715,-0.00999999999999801,-0.04380201489267635,0.010524519681644804
2023-04-11,RICHARDS_BAY,PARADIP,Thermal Coal,Capesize,17.17,17.14,17.06,17.07,17.21,16.71,17.084285714285716,0.031014589500629616,16.976666666666667,0.19762963154436405,16.62355555555556,0.3058247684765472,0.07000000000000028,0.41007615700058747,0.011641250630926608
2023-04-11,HAY_POINT,VISAKHAPATNAM,Coking Coal,Capesize,18.37,18.37,18.42,18.41,18.41,17.91,18.407142857142855,0.04347960660401679,18.268333333333334,0.1950434670092215,17.859111111111112,0.3454508353592977,-0.03999999999999915,-0.21727322107549782,0.010676587921314925
2023-04-11,TANJUNG_BARA,DHAMRA,Thermal Coal,Supramax,11.6,11.53,11.54,11.6,11.6,11.24,11.578571428571427,0.04059087394497116,11.513,0.13625913446126317,11.255777777777778,0.22834026343402086,-0.07000000000000028,-0.6034482758620715,0.011835241419374896
2023-04-12,GLADSTONE,PARADIP,Coking Coal,Panamax,22.09,22.13,22.22,22.27,22.28,21.7,22.224285714285713,0.05411627692800112,22.099333333333334,0.21723867905641592,21.584999999999997,0.4291780751910765,-0.14000000000000057,-0.628648405927259,0.00983010101615807
2023-04-12,RICHARDS_BAY,PARADIP,Thermal Coal,Capesize,17.13,17.17,17.05,17.1,17.15,16.69,17.09857142857143,0.04375255094589747,16.992,0.19403874479791902,16.628555555555558,0.31105316251825854,0.07000000000000028,0.4093567251462004,0.011419417655244762
2023-04-12,BALIKPAPAN,KAMARAJAR,Thermal Coal,Supramax,11.19,11.2,11.2,11.27,11.11,10.86,11.239999999999998,0.0387298334618922,11.062333333333333,0.1524440730310588,10.845333333333334,0.18859146739190866,-0.07000000000000028,-0.6211180124223628,0.01378046280450708
2023-04-12,HAY_POINT,DHAMRA,Coking Coal,Capesize,18.86,18.87,18.86,18.99,19.0,18.38,18.904285714285717,0.05472876844272479,18.749333333333333,0.2299915040909799,18.31722222222222,0.3769601289612316,-0.11999999999999744,-0.6319115323854526,0.012266649699063784
2023-04-12,HAY_POINT,VISAKHAPATNAM,Coking Coal,Capesize,18.36,18.37,18.37,18.37,18.44,17.96,18.40142857142857,0.04561745697555447,18.283666666666665,0.18365040502094274,17.862666666666666,0.34906552618818343,0.0,0.0,0.010044506300027862
2023-04-12,MAPUTO,VISAKHAPATNAM,Coking Coal,Panamax,20.18,20.22,20.31,20.43,20.29,19.58,20.32,0.07788880963713414,20.071333333333335,0.28025522030058414,19.582555555555555,0.41138451110855573,-0.21000000000000085,-1.0279001468428823,0.013962959791771886
2023-04-12,HAY_POINT,PARADIP,Coking Coal,Capesize,19.15,19.19,19.15,19.23,19.16,18.51,19.171428571428574,0.032366943748475194,18.975,0.229087394857883,18.572333333333333,0.3527135579086624,-0.03999999999999915,-0.20800832033280886,0.012073116988557732
2023-04-12,TANJUNG_BARA,PARADIP,Thermal Coal,Supramax,11.9,11.81,11.85,11.84,11.92,11.54,11.855714285714287,0.02878491668507067,11.788666666666668,0.09004724175193103,11.550555555555555,0.20981726191082473,-0.02999999999999936,-0.25337837837837296,0.007638458554990473
2023-04-12,NEWCASTLE,DHAMRA,Thermal Coal,Panamax,22.77,22.76,22.76,22.86,22.91,22.24,22.807142857142857,0.03817254061685137,22.655000000000005,0.226970300350874,22.07511111111111,0.47109302605854536,-0.09999999999999787,-0.43744531933507375,0.010018552211470933
2023-04-12,TANJUNG_BARA,DHAMRA,Thermal Coal,Supramax,11.58,11.6,11.54,11.61,11.66,11.26,11.578571428571427,0.04059087394497116,11.525,0.1269197411345048,11.258999999999999,0.23114298313313517,-0.009999999999999787,-0.08613264427217732,0.011012558883688052
2023-04-13,RICHARDS_BAY,PARADIP,Thermal Coal,Capesize,17.17,17.13,17.14,17.1,17.18,16.7,17.102857142857143,0.04535573676097,17.006666666666668,0.18692305873019188,16.633333333333333,0.3154344248881141,0.029999999999997584,0.17543859649121393,0.010991163782645544
2023-04-13,HAY_POINT,DHAMRA,Coking Coal,Capesize,18.84,18.86,18.9,18.97,18.99,18.38,18.885714285714283,0.041173269183503114,18.765333333333334,0.21988607290476547,18.321111111111108,0.38075750767442307,-0.10999999999999943,-0.5798629414865548,0.011717674767555357
2023-04-13,GLADSTONE,PARADIP,Coking Coal,Panamax,22.17,22.09,22.21,22.28,22.29,21.72,22.19857142857143,0.06938505396887282,22.112333333333332,0.20376936478039165,21.58877777777778,0.4321330105725147,-0.19000000000000128,-0.8527827648114957,0.009215190532299848
2023-04-13,HAY_POINT,VISAKHAPATNAM,Coking Coal,Capesize,18.4,18.36,18.37,18.42,18.47,17.97,18.400000000000002,0.04690415759785344,18.297000000000004,0.1735859123474756,17.867,0.352813570785389,-0.060000000000002274,-0.32573289902281366,0.009487124247006372
2023-04-13,HAY_POINT,PARADIP,Coking Coal,Capesize,19.19,19.15,19.17,19.18,19.18,18.59,19.16,0.019999999999949118,18.996333333333332,0.21356551661040904,18.576888888888888,0.3575184271025143,-0.030000000000001137,-0.1564129301355638,0.011242459945449599
2023-04-13,TANJUNG_BARA,DHAMRA,Thermal Coal,Supramax,11.65,11.58,11.53,11.63,11.67,11.27,11.574285714285713,0.03823486317357824,11.535666666666666,0.11693450372287024,11.261777777777777,0.23349603744094594,-0.05000000000000071,-0.42992261392949876,0.010136779009119853
2023-04-13,NEWCASTLE,DHAMRA,Thermal Coal,Panamax,22.74,22.77,22.82,22.79,22.92,22.26,22.794285714285714,0.03207134902952683,22.672666666666668,0.21379870218843083,22.081,0.4764594374189859,-0.019999999999999574,-0.08775778850372784,0.00942979956137041
2023-04-13,TANJUNG_BARA,PARADIP,Thermal Coal,Supramax,11.91,11.9,11.85,11.88,11.87,11.6,11.864285714285714,0.03207134902941142,11.800666666666666,0.07908674126351667,11.554777777777778,0.21299484499632046,0.019999999999999574,0.16835016835016475,0.00670188757105672
2023-04-13,MAPUTO,VISAKHAPATNAM,Coking Coal,Panamax,20.17,20.18,20.22,20.37,20.29,19.66,20.284285714285712,0.07634508123378435,20.091333333333335,0.2649753838056841,19.58811111111111,0.41606474875439214,-0.19000000000000128,-0.9327442317133101,0.013188541517354949
2023-04-13,BALIKPAPAN,KAMARAJAR,Thermal Coal,Supramax,11.18,11.19,11.22,11.29,11.09,10.84,11.228571428571428,0.04017817460104405,11.073333333333332,0.14921249215830368,10.848444444444445,0.191949847798617,-0.09999999999999964,-0.8857395925597844,0.01347493908714362
2023-04-14,HAY_POINT,PARADIP,Coking Coal,Capesize,19.22,19.19,19.19,19.14,19.14,18.6,19.16142857142857,0.021930626551705138,19.016333333333332,0.20198127829485327,18.582666666666668,0.36319679254140286,0.05000000000000071,0.2612330198537132,0.010621462863232657
2023-04-14,MAPUTO,VISAKHAPATNAM,Coking Coal,Panamax,20.12,20.17,20.22,20.33,20.31,19.59,20.255714285714284,0.07634508123377683,20.108333333333334,0.25241022075227154,19.59388888888889,0.4205205293508198,-0.1599999999999966,-0.7870142646335297,0.01255251823053153
2023-04-14,GLADSTONE,PARADIP,Coking Coal,Panamax,22.12,22.17,22.13,22.27,22.31,21.66,22.18285714285714,0.059641787843097364,22.127333333333336,0.18998971539017362,21.59455555555556,0.4364158441369092,-0.09999999999999787,-0.4490345756623164,0.008586200267700895
2023-04-14,BALIKPAPAN,KAMARAJAR,Thermal Coal,Supramax,11.21,11.18,11.2,11.28,11.1,10.9,11.212857142857143,0.03302235894758256,11.084666666666665,0.14368868007469832,10.85211111111111,0.19510581654691023,-0.09999999999999964,-0.8865248226950324,0.012962832748664672
2023-04-14,NEWCASTLE,DHAMRA,Thermal Coal,Panamax,22.78,22.74,22.76,22.83,22.87,22.31,22.787142857142857,0.03817254061685104,22.68866666666667,0.19932183874900558,22.087444444444444,0.48143643007643544,-0.08999999999999986,-0.394218134034165,0.008785083834028982
2023-04-14,TANJUNG_BARA,DHAMRA,Thermal Coal,Supramax,11.65,11.65,11.6,11.6,11.65,11.31,11.577142857142857,0.04347960660440361,11.548333333333336,0.10735321440773188,11.265555555555554,0.23700903652762842,0.05000000000000071,0.4310344827586268,0.009295992011060631
2023-04-14,HAY_POINT,VISAKHAPATNAM,Coking Coal,Capesize,18.35,18.4,18.37,18.49,18.5,17.98,18.397142857142857,0.04608480794984328,18.311333333333334,0.1630894261426169,17.872777777777777,0.3572586881898614,-0.08999999999999986,-0.48674959437533727,0.00890647465008648
2023-04-14,HAY_POINT,DHAMRA,Coking Coal,Capesize,18.83,18.84,18.87,18.89,18.96,18.36,18.867142857142856,0.02138089935343524,18.780666666666665,0.20779521306979495,18.325333333333333,0.3844043984829454,-0.05000000000000071,-0.2646903123345723,0.011064315061754728
2023-04-14,TANJUNG_BARA,PARADIP,Thermal Coal,Supramax,11.89,11.91,11.81,11.9,11.83,11.6,11.868571428571428,0.03625307868692727,11.811,0.0718883233528716,11.559555555555555,0.2160987659709851,0.009999999999999787,0.08403361344537635,0.006086556883656896
2023-04-14,RICHARDS_BAY,PARADIP,Thermal Coal,Capesize,17.2,17.17,17.17,17.07,17.2,16.6,17.112857142857145,0.0518698003703849,17.022333333333332,0.1798981193157022,16.638333333333335,0.320351808015621,0.10000000000000142,0.5858230814294166,0.01056835839088074
2023-04-15,BALIKPAPAN,KAMARAJAR,Thermal Coal,Supramax,11.21,11.21,11.19,11.22,11.14,10.94,11.202857142857141,0.014960264830431834,11.095,0.141073470709169,10.856222222222224,0.19871258549839094,-0.009999999999999787,-0.08912655971479311,0.012715049185143669
2023-04-15,HAY_POINT,DHAMRA,Coking Coal,Capesize,18.86,18.83,18.86,18.85,18.95,18.39,18.858571428571427,0.022677868380967466,18.796333333333333,0.19211137813571721,18.329777777777778,0.3879244041315914,-0.020000000000003126,-0.10610079575598474,0.010220683722129345
2023-04-15,MAPUTO,VISAKHAPATNAM,Coking Coal,Panamax,20.18,20.12,20.18,20.36,20.29,19.58,20.225714285714286,0.08323804075415776,20.125999999999998,0.2326548427650905,19.599333333333334,0.42414964499373947,-0.23999999999999844,-1.1787819253438037,0.011559914675797004
2023-04-15,TANJUNG_BARA,DHAMRA,Thermal Coal,Supramax,11.67,11.65,11.58,11.54,11.66,11.36,11.584285714285715,0.05126959555690855,11.559666666666667,0.09894210544494833,11.269555555555556,0.2404392567879535,0.11000000000000121,0.9532062391681214,0.008559252467915597
2023-04-15,NEWCASTLE,DHAMRA,Thermal Coal,Panamax,22.83,22.78,22.77,22.83,22.88,22.28,22.78,0.033166247903588165,22.704333333333334,0.186597175078059,22.095222222222223,0.4869377547784855,-0.04999999999999716,-0.21901007446341292,0.008218570981078165
2023-04-15,RICHARDS_BAY,PARADIP,Thermal Coal,Capesize,17.21,17.2,17.13,17.06,17.13,16.62,17.131428571428568,0.05698788509504444,17.042333333333332,0.16397399569554066,16.644111111111112,0.3257554554095595,0.14000000000000057,0.8206330597889835,0.009621569563765173
2023-04-15,HAY_POINT,PARADIP,Coking Coal,Capesize,19.22,19.22,19.15,19.14,19.15,18.59,19.172857142857143,0.028702082220763005,19.037,0.18922983653350467,18.58888888888889,0.36928246380975993,0.0799999999999983,0.4179728317659263,0.009940108028234737
2023-04-15,TANJUNG_BARA,PARADIP,Thermal Coal,Supramax,11.89,11.89,11.9,11.86,11.78,11.67,11.867142857142857,0.034982989063320154,11.820666666666666,0.06124756621956793,11.564444444444444,0.21855558062589459,0.030000000000001137,0.25295109612142613,0.0051813969505020525
2023-04-15,HAY_POINT,VISAKHAPATNAM,Coking Coal,Capesize,18.37,18.35,18.36,18.42,18.48,17.98,18.37714285714286,0.024299715851047583,18.323666666666668,0.15068769561308917,17.878111111111114,0.36078221649677267,-0.07000000000000028,-0.380021715526603,0.00822366496587778
2023-04-15,GLADSTONE,PARADIP,Coking Coal,Panamax,22.2,22.12,22.09,22.19,22.33,21.73,22.16142857142857,0.049135381490983704,22.142666666666667,0.16829639972660204,21.599777777777778,0.43988501505156385,-0.07000000000000028,-0.3154574132492126,0.007600547949355786
2023-04-16,TANJUNG_BARA,PARADIP,Thermal Coal,Supramax,11.97,11.89,11.91,11.85,11.8,11.74,11.871428571428572,0.035790395093477,11.828,0.05548531958689117,11.568555555555557,0.221174399188581,0.040000000000000924,0.33755274261604157,0.0046910145068389565
2023-04-16,NEWCASTLE,DHAMRA,Thermal Coal,Panamax,22.83,22.83,22.74,22.76,22.86,22.33,22.779999999999998,0.033166247903588165,22.72266666666667,0.16972459097489137,22.103444444444445,0.49305778568537695,0.06999999999999673,0.307557117750425,0.00746939580044411
2023-04-16,MAPUTO,VISAKHAPATNAM,Coking Coal,Panamax,20.18,20.18,20.17,20.31,20.28,19.68,20.2,0.059160797831151225,20.146,0.20865083851682079,19.605666666666668,0.42854352236593013,-0.129999999999999,-0.6400787789266323,0.010356936290917343
2023-04-16,BALIKPAPAN,KAMARAJAR,Thermal Coal,Supramax,11.22,11.21,11.18,11.2,11.13,10.88,11.20142857142857,0.013451854182214383,11.104000000000001,0.13944718441538706,10.860777777777777,0.2020803476747658,0.010000000000001563,0.08928571428572825,0.012558283899080246
2023-04-16,HAY_POINT,DHAMRA,Coking Coal,Capesize,18.92,18.86,18.84,18.86,18.96,18.42,18.859999999999996,0.022360679775418144,18.812,0.1763499655368185,18.334777777777777,0.39185020004576543,0.0,0.0,0.009374333698533835
2023-04-16,TANJUNG_BARA,DHAMRA,Thermal Coal,Supramax,11.67,11.67,11.65,11.54,11.63,11.35,11.602857142857143,0.055891050480440234,11.57,0.09340309379794988,11.274222222222223,0.24410339390584865,0.13000000000000078,1.1265164644714105,0.008072868954014682
2023-04-16,RICHARDS_BAY,PARADIP,Thermal Coal,Capesize,17.22,17.21,17.17,17.05,17.12,16.71,17.152857142857144,0.05376314900061735,17.062,0.1459664581215328,16.650666666666666,0.3311566383165592,0.16000000000000014,0.9384164222873909,0.008555061430168374
2023-04-16,HAY_POINT,VISAKHAPATNAM,Coking Coal,Capesize,18.35,18.37,18.4,18.37,18.5,18.05,18.37,0.015275252315399985,18.336666666666666,0.13613718571103472,17.883777777777777,0.36448078440056747,0.0,0.0,0.0074243147997292164
2023-04-16,HAY_POINT,PARADIP,Coking Coal,Capesize,19.3,19.22,19.19,19.15,19.14,18.64,19.184285714285714,0.029358214555770465,19.058,0.17209460108949493,18.59577777777778,0.3752272054108058,0.07000000000000028,0.36553524804177695,0.00903004518257398
2023-04-16,GLADSTONE,PARADIP,Coking Coal,Panamax,22.22,22.2,22.17,22.22,22.33,21.76,22.162857142857142,0.05023753102798985,22.158333333333335,0.14936840208105304,21.606222222222225,0.4444099175103109,-0.019999999999999574,-0.0900090009000881,0.006740958348900475
2023-04-17,GLADSTONE,PARADIP,Coking Coal,Panamax,22.25,22.22,22.12,22.21,22.27,21.85,22.162857142857142,0.05023753102798985,22.173666666666666,0.12933472567097223,21.613222222222223,0.44908853454544234,0.00999999999999801,0.04502476361998203,0.0058328073392299685
2023-04-17,RICHARDS_BAY,PARADIP,Thermal Coal,Capesize,17.26,17.22,17.2,17.14,17.12,16.72,17.177142857142858,0.0345032779669115,17.079,0.13264809550601483,16.656888888888886,0.336551061102308,0.0799999999999983,0.46674445740955833,0.007766736665262301
2023-04-17,TANJUNG_BARA,PARADIP,Thermal Coal,Supramax,11.91,11.97,11.89,11.85,11.86,11.79,11.888571428571428,0.049809159608920836,11.835666666666667,0.058703423699366056,11.573777777777776,0.22505219258710857,0.120000000000001,1.0126582278481095,0.004959874703526014
2023-04-17,TANJUNG_BARA,DHAMRA,Thermal Coal,Supramax,11.69,11.67,11.65,11.53,11.55,11.36,11.62142857142857,0.05304984179319814,11.580666666666666,0.08533638643960015,11.279444444444444,0.2475014974922842,0.14000000000000057,1.2142237640936737,0.007368866482033287
2023-04-17,HAY_POINT,PARADIP,Coking Coal,Capesize,19.32,19.3,19.22,19.17,19.19,18.69,19.205714285714286,0.048599431703494435,19.08,0.15846243980073343,18.60388888888889,0.3824835883809628,0.129999999999999,0.6781429316640532,0.008305159318696721
2023-04-17,NEWCASTLE,DHAMRA,Thermal Coal,Panamax,22.86,22.83,22.78,22.82,22.86,22.37,22.79,0.0365148371670424,22.73933333333333,0.15362141852576947,22.112,0.49894090078075215,0.00999999999999801,0.043821209465372525,0.006755757359894873
2023-04-17,MAPUTO,VISAKHAPATNAM,Coking Coal,Panamax,20.21,20.18,20.12,20.22,20.32,19.72,20.181428571428572,0.03387652649898771,20.162666666666667,0.18920766430000624,19.61277777777778,0.43273114308685273,-0.03999999999999915,-0.19782393669633605,0.009384059530816339
2023-04-17,HAY_POINT,DHAMRA,Coking Coal,Capesize,18.98,18.92,18.83,18.9,18.92,18.41,18.868571428571425,0.03184785258545196,18.828666666666667,0.16098261489633103,18.341,0.39667168662042585,0.020000000000003126,0.10582010582012237,0.008549868014888523
2023-04-17,HAY_POINT,VISAKHAPATNAM,Coking Coal,Capesize,18.41,18.35,18.35,18.37,18.48,18.06,18.367142857142856,0.017043362063927786,18.34666666666667,0.12490916239636708,17.890111111111114,0.3675961830701454,-0.019999999999999574,-0.10887316276537601,0.006808275566662449
2023-04-17,BALIKPAPAN,KAMARAJAR,Thermal Coal,Supramax,11.26,11.22,11.21,11.22,11.2,10.8,11.204285714285716,0.015118578919941804,11.115333333333332,0.1343370268452029,10.866999999999999,0.2044364685248721,0.0,0.0,0.012085739834930989
2023-04-18,HAY_POINT,PARADIP,Coking Coal,Capesize,19.33,19.32,19.22,19.19,19.16,18.75,19.22714285714286,0.061566843271960325,19.101000000000003,0.14627206582732946,18.612555555555556,0.3897869228097733,0.129999999999999,0.6774361646690933,0.007657822408634597
2023-04-18,GLADSTONE,PARADIP,Coking Coal,Panamax,22.27,22.25,22.2,22.13,22.28,21.88,22.168571428571425,0.05814595756310913,22.186999999999998,0.11459523971586075,21.621000000000002,0.4540159131993067,0.120000000000001,0.5422503389064663,0.005164972268258925
2023-04-18,NEWCASTLE,DHAMRA,Thermal Coal,Panamax,22.85,22.86,22.83,22.76,22.83,22.34,22.795714285714286,0.04429339411139116,22.755666666666666,0.13828215366768304,22.121555555555556,0.5049705990131145,0.09999999999999787,0.43936731107204685,0.006076822784113102
2023-04-18,MAPUTO,VISAKHAPATNAM,Coking Coal,Panamax,20.22,20.21,20.18,20.22,20.32,19.7,20.18,0.03214550253691589,20.179,0.16983460514107993,19.62011111111111,0.43722437724231733,-0.00999999999999801,-0.04945598417407523,0.008416403446210413
2023-04-18,TANJUNG_BARA,PARADIP,Thermal Coal,Supramax,11.9,11.91,11.89,11.81,11.82,11.79,11.897142857142857,0.04715728494945369,11.839666666666668,0.05956644121940256,11.577777777777778,0.22780722077603957,0.09999999999999964,0.8467400508044001,0.005031091068391781
2023-04-18,HAY_POINT,DHAMRA,Coking Coal,Capesize,18.96,18.98,18.86,18.87,18.95,18.42,18.88,0.05259911279371344,18.847666666666665,0.1424340944590794,18.34911111111111,0.40221477979885367,0.10999999999999943,0.5829358770535211,0.007557120835067793
2023-04-18,TANJUNG_BARA,DHAMRA,Thermal Coal,Supramax,11.7,11.69,11.67,11.6,11.6,11.4,11.644285714285713,0.03994043183586998,11.591666666666667,0.07674783309678163,11.284777777777778,0.2511332865044201,0.08999999999999986,0.775862068965516,0.006620948937177423
2023-04-18,HAY_POINT,VISAKHAPATNAM,Coking Coal,Capesize,18.4,18.41,18.37,18.37,18.41,18.05,18.37285714285714,0.023603873773354857,18.358333333333334,0.11298713180716666,17.897222222222222,0.37141704890826543,0.03999999999999915,0.21774632553075202,0.006154541905065819
2023-04-18,BALIKPAPAN,KAMARAJAR,Thermal Coal,Supramax,11.22,11.26,11.21,11.2,11.19,10.87,11.209999999999999,0.025819888974461937,11.130666666666666,0.12286615463186935,10.874222222222222,0.20672392586030242,0.0600000000000005,0.5357142857142903,0.011038526110913036
2023-04-18,RICHARDS_BAY,PARADIP,Thermal Coal,Capesize,17.19,17.26,17.21,17.17,17.07,16.71,17.194285714285716,0.0419750492779948,17.096999999999998,0.1180925995520423,16.66411111111111,0.34245608082042756,0.08999999999999986,0.5241700640652291,0.006907211765341423
2023-04-19,GLADSTONE,PARADIP,Coking Coal,Panamax,22.26,22.27,22.22,22.09,22.27,21.99,22.18857142857143,0.06618876325276184,22.2,0.09972375637843602,21.629444444444445,0.45896894979824016,0.17999999999999972,0.814848347668627,0.004492061098127748
2023-04-19,BALIKPAPAN,KAMARAJAR,Thermal Coal,Supramax,11.27,11.22,11.22,11.19,11.27,10.84,11.212857142857144,0.0256347977782083,11.142333333333333,0.11352299883445259,10.88111111111111,0.20781065519958683,0.030000000000001137,0.2680965147453185,0.010188440377639565
2023-04-19,TANJUNG_BARA,DHAMRA,Thermal Coal,Supramax,11.66,11.7,11.67,11.58,11.61,11.38,11.65857142857143,0.03933978962344291,11.601666666666667,0.07017629687916034,11.29111111111111,0.2543528666518853,0.11999999999999922,1.0362694300518067,0.006048811683306451
2023-04-19,TANJUNG_BARA,PARADIP,Thermal Coal,Supramax,11.89,11.9,11.97,11.9,11.84,11.75,11.91,0.02768874620962425,11.843333333333334,0.05978890067297167,11.581666666666669,0.23030146340165578,0.0,0.0,0.005048316972105686
2023-04-19,HAY_POINT,DHAMRA,Coking Coal,Capesize,18.95,18.96,18.92,18.86,18.99,18.51,18.892857142857142,0.06019808571565054,18.865666666666666,0.11866159746377171,18.357444444444447,0.4070407348168618,0.10000000000000142,0.5302226935312907,0.006289817347055765
2023-04-19,HAY_POINT,PARADIP,Coking Coal,Capesize,19.26,19.33,19.3,19.15,19.23,18.82,19.247142857142855,0.06969320524370268,19.12033333333333,0.13626756978359966,18.621444444444446,0.396939304536156,0.17999999999999972,0.9399477806788497,0.007126840699269521
2023-04-19,HAY_POINT,VISAKHAPATNAM,Coking Coal,Capesize,18.39,18.4,18.35,18.36,18.37,18.1,18.37714285714286,0.02563479777779036,18.37,0.0969891568769984,17.904555555555557,0.3747783198288454,0.03999999999999915,0.21786492374727207,0.00527975813157313
2023-04-19,MAPUTO,VISAKHAPATNAM,Coking Coal,Panamax,20.21,20.22,20.18,20.18,20.43,19.84,20.18,0.03214550253691589,20.19633333333333,0.1438026265486013,19.628444444444444,0.44145803142327794,0.03999999999999915,0.19821605550049132,0.0071202343601281404
2023-04-19,NEWCASTLE,DHAMRA,Thermal Coal,Panamax,22.85,22.85,22.83,22.77,22.86,22.47,22.80857142857143,0.04525062483128102,22.772666666666666,0.11476913358116961,22.131666666666664,0.5103760455440349,0.08000000000000185,0.3513394817742725,0.005039775765442619
2023-04-19,RICHARDS_BAY,PARADIP,Thermal Coal,Capesize,17.17,17.19,17.22,17.13,17.1,16.82,17.197142857142858,0.04070801956774757,17.113,0.09388731323347373,16.670444444444442,0.34687338981867066,0.060000000000002274,0.35026269702278034,0.0054863152710497125
2023-04-20,HAY_POINT,DHAMRA,Coking Coal,Capesize,18.96,18.95,18.98,18.84,18.97,18.58,18.905714285714286,0.06160550377407415,18.880333333333333,0.0986978437850944,18.366111111111113,0.41128653847298446,0.10999999999999943,0.583864118895963,0.005227547736715157
2023-04-20,BALIKPAPAN,KAMARAJAR,Thermal Coal,Supramax,11.28,11.27,11.26,11.18,11.29,10.97,11.224285714285715,0.031014589500607016,11.156666666666666,0.10042438683538736,10.888222222222222,0.21005926278706766,0.08999999999999986,0.805008944543827,0.009001289528119573
2023-04-20,HAY_POINT,PARADIP,Coking Coal,Capesize,19.35,19.26,19.32,19.19,19.18,18.86,19.262857142857143,0.05498917642416143,19.134999999999998,0.12612938075512356,18.630111111111113,0.4022953648121214,0.07000000000000028,0.3647733194372083,0.006591553736876069
2023-04-20,NEWCASTLE,DHAMRA,Thermal Coal,Panamax,22.85,22.85,22.86,22.74,22.79,22.53,22.82,0.04396968652760237,22.785333333333334,0.10026631205602848,22.141666666666666,0.5155672124580809,0.11000000000000298,0.4837291116974626,0.004400475981158719
2023-04-20,RICHARDS_BAY,PARADIP,Thermal Coal,Capesize,17.13,17.17,17.26,17.17,17.1,16.92,17.202857142857145,0.03147183169853997,17.124666666666666,0.07632658204341591,16.676555555555556,0.3507973617542379,0.0,0.0,0.004457113445132708
2023-04-20,HAY_POINT,VISAKHAPATNAM,Coking Coal,Capesize,18.43,18.39,18.41,18.4,18.42,18.18,18.381428571428575,0.024784787960577818,18.379666666666665,0.08252411699039383,17.91188888888889,0.3777696059188118,-0.00999999999999801,-0.054347826086945716,0.004489968098282187
2023-04-20,TANJUNG_BARA,PARADIP,Thermal Coal,Supramax,11.85,11.89,11.91,11.91,11.88,11.8,11.908571428571431,0.028535691936240812,11.848,0.05767925581808806,11.585333333333331,0.23256846279674476,-0.019999999999999574,-0.1679261125104918,0.004868269397205272
2023-04-20,TANJUNG_BARA,DHAMRA,Thermal Coal,Supramax,11.68,11.66,11.69,11.65,11.63,11.45,11.67,0.019148542155067533,11.610999999999999,0.05707526790905461,11.296000000000001,0.2571835352166155,0.009999999999999787,0.0858369098712428,0.004915620352170753
2023-04-20,GLADSTONE,PARADIP,Coking Coal,Panamax,22.29,22.26,22.25,22.17,22.28,22.03,22.21285714285714,0.054072262055387774,22.209000000000003,0.09200262365084877,21.637888888888888,0.4635294360419858,0.08999999999999986,0.40595399188091946,0.004142582901114357
2023-04-20,MAPUTO,VISAKHAPATNAM,Coking Coal,Panamax,20.24,20.21,20.21,20.17,20.37,19.9,20.184285714285714,0.034086724130114314,20.208666666666666,0.12708219803516346,19.636666666666667,0.4453479891732703,0.03999999999999915,0.19831432821020892,0.006288499886278006
2023-04-21,TANJUNG_BARA,PARADIP,Thermal Coal,Supramax,11.82,11.85,11.9,11.89,11.9,11.77,11.9,0.03605551275456244,11.849666666666668,0.056962379196119156,11.588888888888889,0.2341537209691441,-0.040000000000000924,-0.3364171572750288,0.004807087051347646
2023-04-21,TANJUNG_BARA,DHAMRA,Thermal Coal,Supramax,11.66,11.68,11.7,11.65,11.6,11.55,11.674285714285714,0.01718249385961897,11.618666666666666,0.04967017653255671,11.301,0.26024210853775953,0.02999999999999936,0.2575107296137284,0.00427503240755308
2023-04-21,HAY_POINT,VISAKHAPATNAM,Coking Coal,Capesize,18.41,18.43,18.4,18.35,18.49,18.22,18.385714285714283,0.030472470010425336,18.388,0.0738311213699561,17.920333333333332,0.38078408167087546,0.0799999999999983,0.43596730245230675,0.004015179539371116
2023-04-21,HAY_POINT,DHAMRA,Coking Coal,Capesize,18.97,18.96,18.96,18.83,18.89,18.67,18.922857142857143,0.05677860093229674,18.892999999999997,0.08175446840056667,18.374444444444446,0.4156627606446933,0.13000000000000256,0.6903876792352766,0.004327235928680818
2023-04-21,NEWCASTLE,DHAMRA,Thermal Coal,Panamax,22.87,22.85,22.85,22.78,22.83,22.59,22.835714285714285,0.026992062325313794,22.796,0.08849702897789478,22.15222222222222,0.5202673853987113,0.07000000000000028,0.30728709394205567,0.0038821297147699062
2023-04-21,RICHARDS_BAY,PARADIP,Thermal Coal,Capesize,17.15,17.13,17.19,17.2,17.07,17.01,17.197142857142858,0.040708019567747576,17.131666666666668,0.0658149617898229,16.682333333333332,0.3539569262184007,-0.07000000000000028,-0.4069767441860482,0.0038417138898622183
2023-04-21,MAPUTO,VISAKHAPATNAM,Coking Coal,Panamax,20.31,20.24,20.22,20.12,20.33,19.9,20.194285714285716,0.03909694909567299,20.220000000000002,0.1129845885125763,19.644777777777776,0.4496421243056122,0.11999999999999744,0.5964214711729494,0.005587764021393486
2023-04-21,HAY_POINT,PARADIP,Coking Coal,Capesize,19.38,19.35,19.33,19.22,19.14,18.86,19.285714285714285,0.05287001130353792,19.151333333333334,0.12090843880692792,18.639222222222223,0.409228454033339,0.13000000000000256,0.6763787721123963,0.006313317026156295
2023-04-21,GLADSTONE,PARADIP,Coking Coal,Panamax,22.35,22.29,22.27,22.12,22.27,22.03,22.23,0.05715476066473472,22.217666666666666,0.08664964465916485,21.647444444444446,0.4680381265347252,0.16999999999999815,0.7685352622061399,0.0039000335165333072
2023-04-21,BALIKPAPAN,KAMARAJAR,Thermal Coal,Supramax,11.29,11.28,11.22,11.21,11.28,10.95,11.23857142857143,0.030237157840505915,11.167,0.09642399186351704,10.894777777777778,0.21298956970705077,0.06999999999999851,0.6244424620874086,0.008634726592953975
2023-04-22,BALIKPAPAN,KAMARAJAR,Thermal Coal,Supramax,11.27,11.29,11.27,11.21,11.22,10.89,11.25,0.032659863236888735,11.178333333333335,0.08979222504292805,10.901333333333334,0.21598585055611638,0.0799999999999983,0.7136485280998955,0.008032702404317403
2023-04-22,GLADSTONE,PARADIP,Coking Coal,Panamax,22.3,22.35,22.26,22.2,22.19,22.06,22.262857142857143,0.04889249625915654,22.228333333333335,0.08234005742948532,21.65733333333333,0.4734045945196959,0.15000000000000213,0.6756756756756853,0.0037042839062526194
2023-04-22,HAY_POINT,VISAKHAPATNAM,Coking Coal,Capesize,18.38,18.41,18.39,18.37,18.42,18.27,18.39428571428571,0.026992062324613365,18.394333333333336,0.06673071635861227,17.92855555555556,0.3832989888539086,0.03999999999999915,0.21774632553075202,0.003627786620441745
2023-04-22,HAY_POINT,PARADIP,Coking Coal,Capesize,19.32,19.38,19.26,19.22,19.14,18.93,19.30857142857143,0.054291979588306796,19.168666666666663,0.11482320242924846,18.649444444444445,0.4161335165790896,0.16000000000000014,0.8324661810613951,0.005990150719711777
2023-04-22,NEWCASTLE,DHAMRA,Thermal Coal,Panamax,22.86,22.87,22.85,22.83,22.83,22.62,22.84857142857143,0.014638501094301244,22.805333333333337,0.08041844587384572,22.16333333333333,0.5248306307860034,0.0400000000000027,0.17520805957075208,0.003526299953542112
2023-04-22,MAPUTO,VISAKHAPATNAM,Coking Coal,Panamax,20.34,20.31,20.21,20.18,20.36,20.01,20.22142857142857,0.04450789122135423,20.233666666666668,0.09654312359054969,19.653777777777776,0.4547886971453746,0.129999999999999,0.6442021803766056,0.004771410203648194
2023-04-22,TANJUNG_BARA,DHAMRA,Thermal Coal,Supramax,11.71,11.66,11.66,11.67,11.54,11.56,11.675714285714283,0.015118578920294848,11.622333333333334,0.048472056175478825,11.305444444444445,0.2629357212478254,-0.009999999999999787,-0.08568980291345148,0.004170595936743525
2023-04-22,TANJUNG_BARA,PARADIP,Thermal Coal,Supramax,11.83,11.82,11.89,11.89,11.86,11.77,11.889999999999999,0.04725815626246789,11.851333333333335,0.05525697542697785,11.591888888888889,0.2353763156893999,-0.07000000000000028,-0.5887300252312891,0.004662511286520041
2023-04-22,RICHARDS_BAY,PARADIP,Thermal Coal,Capesize,17.24,17.15,17.17,17.21,17.06,17.04,17.19,0.044347115652003756,17.136333333333333,0.06172705958533113,16.688555555555556,0.35722262315939574,-0.060000000000002274,-0.34863451481698005,0.003602115947713307
2023-04-22,HAY_POINT,DHAMRA,Coking Coal,Capesize,18.94,18.97,18.95,18.86,18.85,18.75,18.942857142857143,0.04111540089182839,18.903000000000002,0.07120393247574983,18.383222222222223,0.419830965925649,0.10999999999999943,0.5832449628844084,0.0037668059289927428
2023-04-23,HAY_POINT,VISAKHAPATNAM,Coking Coal,Capesize,18.34,18.38,18.43,18.35,18.37,18.24,18.395714285714288,0.025727509826430548,18.398000000000003,0.06255480355865747,17.936777777777777,0.3849728657526293,0.029999999999997584,0.16348773841960534,0.003400087159400884
2023-04-23,TANJUNG_BARA,PARADIP,Thermal Coal,Supramax,11.77,11.83,11.85,11.97,11.85,11.75,11.881428571428572,0.052417736002364886,11.853333333333332,0.053261445804631456,11.594444444444445,0.23671018221033058,-0.14000000000000057,-1.1695906432748584,0.004493372818163509
2023-04-23,NEWCASTLE,DHAMRA,Thermal Coal,Panamax,22.79,22.86,22.85,22.83,22.76,22.61,22.852857142857147,0.012535663410643848,22.813333333333333,0.07293517827405298,22.174222222222223,0.5290355392105652,0.030000000000001137,0.1314060446780602,0.003197041712772632
2023-04-23,RICHARDS_BAY,PARADIP,Thermal Coal,Capesize,17.2,17.24,17.13,17.22,17.05,17.02,17.194285714285716,0.04790864322044025,17.142999999999997,0.061764290542354494,16.69622222222222,0.3615931594814412,0.019999999999999574,0.1161440185830405,0.0036028869242463106
2023-04-23,HAY_POINT,DHAMRA,Coking Coal,Capesize,18.95,18.94,18.96,18.92,18.86,18.78,18.954285714285714,0.019880595948253754,18.909333333333333,0.06533380248491344,18.391444444444446,0.4234331623129181,0.019999999999999574,0.10570824524312669,0.0034551087197634382
2023-04-23,HAY_POINT,PARADIP,Coking Coal,Capesize,19.31,19.32,19.35,19.3,19.15,18.9,19.322857142857142,0.037733400639321284,19.18166666666667,0.10878905032805819,18.65911111111111,0.4215185081157766,0.019999999999999574,0.10362694300517913,0.005671511877385951
2023-04-23,BALIKPAPAN,KAMARAJAR,Thermal Coal,Supramax,11.26,11.27,11.28,11.22,11.2,11.0,11.258571428571429,0.02794552523996902,11.191,0.07293596624719934,10.907444444444444,0.21856303495716625,0.049999999999998934,0.44563279857396554,0.006517377021463616
2023-04-23,GLADSTONE,PARADIP,Coking Coal,Panamax,22.27,22.3,22.29,22.22,22.22,22.1,22.277142857142856,0.04151878519157866,22.236333333333334,0.0769004431777831,21.66755555555556,0.47726588145183885,0.08000000000000185,0.36003600360036836,0.003458323907319092
2023-04-23,MAPUTO,VISAKHAPATNAM,Coking Coal,Panamax,20.29,20.34,20.24,20.18,20.31,20.1,20.244285714285713,0.058554004377087576,20.244666666666664,0.08865793751849689,19.664444444444445,0.45952860827452613,0.16000000000000014,0.7928642220019828,0.004379323155983316
2023-04-23,TANJUNG_BARA,DHAMRA,Thermal Coal,Supramax,11.68,11.71,11.68,11.67,11.54,11.63,11.681428571428572,0.01951800145891419,11.627333333333333,0.04954505670268066,11.310333333333332,0.26633783564606156,0.040000000000000924,0.3427592116538211,0.004261085089961642
2023-04-24,RICHARDS_BAY,PARADIP,Thermal Coal,Capesize,17.13,17.2,17.15,17.26,17.14,17.05,17.19142857142857,0.04670066788535079,17.149,0.058033878333919674,16.703444444444447,0.3651139920846374,-0.060000000000002274,-0.3476245654693063,0.0033840969347436974
2023-04-24,HAY_POINT,PARADIP,Coking Coal,Capesize,19.32,19.31,19.38,19.32,19.17,18.91,19.324285714285715,0.03690399384758756,19.195333333333334,0.09733459296941854,18.669555555555554,0.4258973635685448,-0.010000000000001563,-0.051759834368538114,0.005070742522631466
2023-04-24,TANJUNG_BARA,DHAMRA,Thermal Coal,Supramax,11.69,11.68,11.66,11.69,11.53,11.57,11.682857142857143,0.018898223650403268,11.629,0.05047020288550471,11.315666666666667,0.2688972486602976,-0.009999999999999787,-0.08554319931565259,0.0043400294853817795
2023-04-24,GLADSTONE,PARADIP,Coking Coal,Panamax,22.26,22.27,22.35,22.25,22.21,22.08,22.284285714285716,0.03359421718906474,22.242,0.0726541168116112,21.677888888888887,0.48015328648967887,0.019999999999999574,0.08988764044943628,0.0032665280465610643
2023-04-24,HAY_POINT,VISAKHAPATNAM,Coking Coal,Capesize,18.33,18.34,18.41,18.41,18.37,18.26,18.39428571428571,0.02878491668453923,18.401333333333337,0.05618524369602468,17.945777777777778,0.3848244245144408,-0.07000000000000028,-0.38022813688213086,0.003053324597639193
2023-04-24,MAPUTO,VISAKHAPATNAM,Coking Coal,Panamax,20.32,20.29,20.31,20.21,20.22,20.1,20.259999999999998,0.05291502622149263,20.250999999999998,0.08466363466364332,19.674666666666667,0.46312373671149626,0.0799999999999983,0.3958436417614957,0.0041807137753021245
2023-04-24,BALIKPAPAN,KAMARAJAR,Thermal Coal,Supramax,11.22,11.26,11.29,11.26,11.22,11.09,11.264285714285714,0.022253945610235037,11.199666666666667,0.06440621801921737,10.913222222222222,0.2209470310093796,0.0,0.0,0.005750726332856695
2023-04-24,HAY_POINT,DHAMRA,Coking Coal,Capesize,18.89,18.95,18.97,18.98,18.9,18.78,18.958571428571428,0.013451854183423198,18.915000000000003,0.06095504278885103,18.400222222222222,0.4267567203653969,-0.030000000000001137,-0.15806111696523253,0.003222576938347926
2023-04-24,NEWCASTLE,DHAMRA,Thermal Coal,Panamax,22.79,22.79,22.87,22.86,22.82,22.63,22.84714285714286,0.026276913640653765,22.819333333333336,0.06225272924806772,22.185000000000002,0.5316124507127417,-0.07000000000000028,-0.30621172353455944,0.0027280695863770945
2023-04-24,TANJUNG_BARA,PARADIP,Thermal Coal,Supramax,11.82,11.77,11.82,11.91,11.85,11.77,11.852857142857143,0.05056820005831397,11.853999999999997,0.05203447133296197,11.596666666666664,0.23741586327546005,-0.14000000000000057,-1.1754827875734726,0.004389612901380292
2023-04-25,NEWCASTLE,DHAMRA,Thermal Coal,Panamax,22.77,22.79,22.86,22.85,22.76,22.74,22.837142857142858,0.033022358947817604,22.824666666666666,0.05137645598781165,22.195999999999998,0.5337945571223832,-0.060000000000002274,-0.2625820568927889,0.002250918128975012
2023-04-25,GLADSTONE,PARADIP,Coking Coal,Panamax,22.25,22.26,22.3,22.27,22.13,22.15,22.285714285714285,0.03207134902909412,22.247999999999998,0.06593622833402564,21.688000000000002,0.4827454257343242,-0.00999999999999801,-0.04490345756622367,0.0029636923918566005
2023-04-25,TANJUNG_BARA,PARADIP,Thermal Coal,Supramax,11.84,11.82,11.83,11.9,11.81,11.76,11.84,0.04472135954993889,11.855666666666668,0.05001264207998188,11.6,0.23843120224133357,-0.08000000000000007,-0.6722689075630258,0.004218458859053213
2023-04-25,RICHARDS_BAY,PARADIP,Thermal Coal,Capesize,17.16,17.13,17.24,17.19,17.17,17.09,17.172857142857143,0.04029651999609545,17.151666666666664,0.055091355685422956,16.709888888888887,0.36748612889650184,-0.060000000000002274,-0.34904013961606906,0.003212011797809132
2023-04-25,HAY_POINT,PARADIP,Coking Coal,Capesize,19.28,19.32,19.32,19.33,19.19,19.08,19.32428571428571,0.03690399384758756,19.209,0.08372162411733608,18.68022222222222,0.43005873071033046,-0.00999999999999801,-0.05173305742368345,0.004358458228816496
2023-04-25,HAY_POINT,VISAKHAPATNAM,Coking Coal,Capesize,18.37,18.33,18.38,18.4,18.37,18.32,18.382857142857144,0.036384193323126014,18.403666666666666,0.05135967379121754,17.954777777777778,0.3842261382874933,-0.07000000000000028,-0.38043478260869723,0.002790730495257333
2023-04-25,HAY_POINT,DHAMRA,Coking Coal,Capesize,18.86,18.89,18.94,18.96,18.87,18.8,18.945714285714285,0.02636736800019387,18.918666666666663,0.055630141503411466,18.40866666666667,0.4288636670829332,-0.07000000000000028,-0.3691983122362884,0.0029404895431361343
2023-04-25,BALIKPAPAN,KAMARAJAR,Thermal Coal,Supramax,11.16,11.22,11.27,11.22,11.2,11.09,11.258571428571429,0.02794552523996902,11.204,0.061059609088722974,10.919,0.22210459121369333,0.0,0.0,0.0054498044527599935
2023-04-25,TANJUNG_BARA,DHAMRA,Thermal Coal,Supramax,11.69,11.69,11.71,11.7,11.6,11.64,11.682857142857143,0.018898223650403268,11.633000000000001,0.05038814857915503,11.321555555555555,0.2712431270236213,-0.009999999999999787,-0.08547008547008365,0.00433148358799579
2023-04-25,MAPUTO,VISAKHAPATNAM,Coking Coal,Panamax,20.24,20.32,20.34,20.22,20.22,20.11,20.275714285714287,0.05191568255604571,20.258333333333333,0.08056196301626149,19.685333333333332,0.466835389509919,0.10000000000000142,0.4945598417408577,0.0039767320287747345
2023-04-26,RICHARDS_BAY,PARADIP,Thermal Coal,Capesize,17.12,17.16,17.2,17.17,17.13,17.19,17.16857142857143,0.03976119189534891,17.154,0.05385805097815749,16.717333333333332,0.36976093096407053,-0.010000000000001563,-0.058241118229479104,0.003139678849140579
2023-04-26,HAY_POINT,DHAMRA,Coking Coal,Capesize,18.84,18.86,18.95,18.95,18.86,18.85,18.931428571428572,0.040590873945240906,18.920666666666666,0.05218887008674376,18.416333333333334,0.43071263132919324,-0.08999999999999986,-0.4749340369393133,0.002758299747370271
2023-04-26,HAY_POINT,VISAKHAPATNAM,Coking Coal,Capesize,18.38,18.37,18.34,18.39,18.36,18.37,18.37857142857143,0.03579039509306514,18.40533333333333,0.04932183774097561,17.964,0.384119597480444,-0.019999999999999574,-0.10875475802066108,0.0026797579184100052
2023-04-26,MAPUTO,VISAKHAPATNAM,Coking Coal,Panamax,20.22,20.24,20.29,20.21,20.18,20.11,20.27857142857143,0.04879500364765355,20.262666666666668,0.07565499428917759,19.695555555555554,0.468814213246382,0.029999999999997584,0.14844136566055213,0.0037337136090598924
2023-04-26,HAY_POINT,PARADIP,Coking Coal,Capesize,19.28,19.28,19.31,19.26,19.15,19.13,19.31714285714286,0.0402965199962415,19.215666666666667,0.0810144020119288,18.691222222222223,0.4326189588374209,0.019999999999999574,0.10384215991692405,0.004216059917008455
2023-04-26,BALIKPAPAN,KAMARAJAR,Thermal Coal,Supramax,11.16,11.16,11.26,11.27,11.19,11.16,11.25,0.04546060565646133,11.206333333333333,0.05780367088528864,10.924333333333333,0.22206411666478656,-0.10999999999999943,-0.9760425909494183,0.005158125246315058
2023-04-26,NEWCASTLE,DHAMRA,Thermal Coal,Panamax,22.7,22.77,22.79,22.85,22.77,22.71,22.825714285714287,0.04076646614445752,22.825666666666667,0.0499436464034657,22.208222222222222,0.5342085982712318,-0.08000000000000185,-0.3501094091903801,0.0021880476541086364
2023-04-26,TANJUNG_BARA,PARADIP,Thermal Coal,Supramax,11.94,11.84,11.77,11.89,11.9,11.79,11.831428571428571,0.03625307868692922,11.858333333333333,0.04676303678333646,11.603777777777777,0.2395200152448057,-0.05000000000000071,-0.42052144659378227,0.003943474640899772
2023-04-26,GLADSTONE,PARADIP,Coking Coal,Panamax,22.23,22.25,22.27,22.26,22.09,22.25,22.282857142857146,0.0345032779667502,22.25133333333333,0.06328552339425396,21.698444444444444,0.4846402838642988,-0.010000000000001563,-0.04492362982929722,0.0028441227519363918
2023-04-26,TANJUNG_BARA,DHAMRA,Thermal Coal,Supramax,11.65,11.69,11.68,11.66,11.58,11.59,11.681428571428572,0.01772810520849619,11.634666666666668,0.05144353002664961,11.327777777777778,0.2732154674162043,0.02999999999999936,0.25728987993138386,0.004421573174419803
2023-04-27,MAPUTO,VISAKHAPATNAM,Coking Coal,Panamax,20.2,20.22,20.32,20.24,20.17,20.22,20.28,0.04654746681280196,20.266333333333332,0.07049007429907105,19.705222222222222,0.4705751388443491,-0.019999999999999574,-0.09881422924900977,0.0034781858730770763
2023-04-27,GLADSTONE,PARADIP,Coking Coal,Panamax,22.24,22.23,22.26,22.29,22.17,22.33,22.278571428571432,0.039339789623151676,22.250666666666667,0.0634052827852518,21.70866666666667,0.4860554367975404,-0.05999999999999872,-0.26917900403767936,0.002849590249816566
2023-04-27,NEWCASTLE,DHAMRA,Thermal Coal,Panamax,22.66,22.7,22.79,22.85,22.74,22.84,22.804285714285715,0.06051367417292934,22.825333333333333,0.05076880207716443,22.21911111111111,0.5341330147100475,-0.15000000000000213,-0.6564551422319568,0.0022242304782915663
2023-04-27,HAY_POINT,PARADIP,Coking Coal,Capesize,19.22,19.28,19.32,19.35,19.19,19.07,19.32,0.036055512754612,19.220666666666666,0.08016936096039955,18.702,0.43509058852694743,-0.07000000000000028,-0.3617571059431539,0.00417099793418887
2023-04-27,HAY_POINT,VISAKHAPATNAM,Coking Coal,Capesize,18.36,18.38,18.33,18.43,18.4,18.41,18.377142857142854,0.035456210416628726,18.405666666666665,0.04910813777153946,17.973222222222223,0.3840319151583286,-0.05000000000000071,-0.27129679869777923,0.0026680988339572668
2023-04-27,TANJUNG_BARA,PARADIP,Thermal Coal,Supramax,11.89,11.94,11.82,11.85,11.91,11.9,11.838571428571427,0.0514550196541981,11.863333333333333,0.047221658775137516,11.609111111111114,0.24161741716948099,0.08999999999999986,0.7594936708860748,0.003980471377505269
2023-04-27,BALIKPAPAN,KAMARAJAR,Thermal Coal,Supramax,11.07,11.16,11.22,11.28,11.18,11.15,11.234285714285715,0.05533448076824074,11.206333333333333,0.05780367088528864,10.929222222222222,0.2223582885556278,-0.11999999999999922,-1.0638297872340359,0.005158125246315058
2023-04-27,RICHARDS_BAY,PARADIP,Thermal Coal,Capesize,17.06,17.12,17.13,17.13,17.17,17.21,17.16142857142857,0.04375255094588642,17.151666666666667,0.053760858299053256,16.724444444444444,0.37129627502197454,-0.00999999999999801,-0.05837711617044957,0.0031344393139084593
2023-04-27,HAY_POINT,DHAMRA,Coking Coal,Capesize,18.83,18.84,18.89,18.96,18.84,18.94,18.915714285714284,0.051915682556018625,18.920333333333335,0.05268535969743644,18.424,0.4320575284208911,-0.120000000000001,-0.6329113924050684,0.0027845894027996214
2023-04-27,TANJUNG_BARA,DHAMRA,Thermal Coal,Supramax,11.6,11.65,11.69,11.68,11.65,11.6,11.680000000000001,0.01999999999994468,11.636666666666665,0.05080953842927414,11.333111111111112,0.2747814021659381,-0.02999999999999936,-0.2568493150684877,0.004366331002229231
2023-04-28,TANJUNG_BARA,PARADIP,Thermal Coal,Supramax,11.88,11.89,11.84,11.82,11.89,11.92,11.844285714285714,0.05503245795497649,11.863,0.04698862665036101,11.614,0.24281032501231262,0.07000000000000028,0.5922165820643002,0.00396093961479904
2023-04-28,HAY_POINT,DHAMRA,Coking Coal,Capesize,18.9,18.83,18.86,18.97,18.83,19.0,18.897142857142857,0.05648430038953496,18.916666666666668,0.05504439169872513,18.431222222222225,0.4333637125623155,-0.14000000000000057,-0.7380073800738037,0.0029098356845141038
2023-04-28,HAY_POINT,VISAKHAPATNAM,Coking Coal,Capesize,18.43,18.36,18.37,18.41,18.35,18.44,18.367142857142856,0.026903708364747984,18.404,0.0497995983918169,17.982,0.3837403148139141,-0.05000000000000071,-0.2715915263443819,0.002705911670931151
2023-04-28,GLADSTONE,PARADIP,Coking Coal,Panamax,22.28,22.24,22.25,22.35,22.12,22.28,22.27142857142857,0.04140393356024008,22.247666666666664,0.06162642365068918,21.719,0.4873686512766177,-0.11000000000000298,-0.49217002237137797,0.002770017394364466
2023-04-28,MAPUTO,VISAKHAPATNAM,Coking Coal,Panamax,20.22,20.2,20.24,20.31,20.12,20.29,20.274285714285714,0.05411627692841943,20.265666666666668,0.0710358497802265,19.715222222222224,0.4714291629507035,-0.10999999999999943,-0.5416051206302287,0.003505231332807203
2023-04-28,TANJUNG_BARA,DHAMRA,Thermal Coal,Supramax,11.59,11.6,11.69,11.66,11.65,11.66,11.668571428571429,0.036253078686967664,11.636666666666667,0.05080953842927414,11.338888888888889,0.27486644129342663,-0.0600000000000005,-0.514579759862783,0.00436633100222923
2023-04-28,NEWCASTLE,DHAMRA,Thermal Coal,Panamax,22.64,22.66,22.77,22.87,22.78,22.91,22.777142857142856,0.07696628822940847,22.819333333333336,0.05895254276817266,22.23,0.5330071568126274,-0.21000000000000085,-0.91823349365982,0.0025834471983481543
2023-04-28,BALIKPAPAN,KAMARAJAR,Thermal Coal,Supramax,11.05,11.07,11.16,11.29,11.21,11.11,11.204285714285716,0.07849780100035691,11.203666666666667,0.06217235960496657,10.932777777777778,0.22201846151487672,-0.21999999999999886,-1.9486271036315224,0.005549286805358356
2023-04-28,RICHARDS_BAY,PARADIP,Thermal Coal,Capesize,17.07,17.06,17.16,17.15,17.2,17.15,17.15142857142857,0.05785861256205657,17.146666666666665,0.05510700145343483,16.73177777777778,0.3713339990176862,-0.08999999999999986,-0.524781341107871,0.0032138608934740376
2023-04-28,HAY_POINT,PARADIP,Coking Coal,Capesize,19.19,19.22,19.28,19.38,19.22,19.16,19.301428571428573,0.049135381491178375,19.225666666666665,0.07495669247734868,18.712777777777777,0.43578168892176655,-0.16000000000000014,-0.8255933952528388,0.003898782485775024
2023-04-29,MAPUTO,VISAKHAPATNAM,Coking Coal,Panamax,20.22,20.22,20.22,20.34,20.18,20.29,20.26142857142857,0.054902511001839134,20.263333333333332,0.07135792894251104,19.72566666666667,0.47209085490072816,-0.120000000000001,-0.5899705014749312,0.003521529640196301
2023-04-29,TANJUNG_BARA,DHAMRA,Thermal Coal,Supramax,11.61,11.59,11.65,11.71,11.67,11.67,11.65857142857143,0.04705619740569187,11.634333333333332,0.05130593387287982,11.344555555555555,0.2747262625793372,-0.120000000000001,-1.0247651579846369,0.0044098731231882494
2023-04-29,NEWCASTLE,DHAMRA,Thermal Coal,Panamax,22.66,22.64,22.7,22.86,22.83,22.92,22.744285714285716,0.07976154939510494,22.810333333333332,0.06493940588552143,22.24011111111111,0.532046070583618,-0.21999999999999886,-0.962379702537178,0.0028469292814157954
2023-04-29,HAY_POINT,VISAKHAPATNAM,Coking Coal,Capesize,18.4,18.43,18.38,18.38,18.37,18.47,18.37,0.032659863236584145,18.403666666666666,0.04958332125939826,17.991555555555557,0.3840731177786963,0.05000000000000071,0.2720348204570224,0.002694208831178475
2023-04-29,GLADSTONE,PARADIP,Coking Coal,Panamax,22.3,22.28,22.23,22.3,22.2,22.29,22.26142857142857,0.024102953780144095,22.247666666666664,0.06162642365068918,21.72988888888889,0.48884751981365687,-0.019999999999999574,-0.0896860986547066,0.002770017394364466
2023-04-29,RICHARDS_BAY,PARADIP,Thermal Coal,Capesize,17.07,17.07,17.12,17.24,17.21,17.18,17.139999999999997,0.06557438524292554,17.144000000000002,0.05684825536394699,16.73911111111111,0.3714249646557673,-0.16999999999999815,-0.9860788863108942,0.0033159271677523907
2023-04-29,HAY_POINT,PARADIP,Coking Coal,Capesize,19.18,19.19,19.28,19.32,19.22,19.18,19.274285714285718,0.050943479418232115,19.22666666666667,0.07424717959746574,18.723444444444443,0.4355808755284136,-0.129999999999999,-0.6728778467908851,0.003861677163529771
2023-04-29,HAY_POINT,DHAMRA,Coking Coal,Capesize,18.95,18.9,18.84,18.94,18.86,18.99,18.887142857142855,0.04680252333470008,18.913333333333334,0.05280630404731798,18.439333333333334,0.4352470562795345,-0.0400000000000027,-0.21119324181627613,0.0027920146658786385
2023-04-29,BALIKPAPAN,KAMARAJAR,Thermal Coal,Supramax,11.05,11.05,11.16,11.27,11.21,11.09,11.170000000000002,0.08679477710854011,11.201666666666666,0.06612857556114338,10.935333333333332,0.22202945446873704,-0.21999999999999886,-1.9520851818988365,0.005903458612808514
2023-04-29,TANJUNG_BARA,PARADIP,Thermal Coal,Supramax,11.87,11.88,11.94,11.83,11.89,11.87,11.852857142857145,0.0552914356581344,11.861666666666666,0.045869630350701705,11.618666666666668,0.2438511242264786,0.05000000000000071,0.42265426880812096,0.0038670476619953667
2023-04-30,BALIKPAPAN,KAMARAJAR,Thermal Coal,Supramax,11.03,11.05,11.07,11.26,11.22,11.1,11.138571428571428,0.08434622525207919,11.200333333333333,0.068806742519107,10.938111111111112,0.22188110210349427,-0.20999999999999908,-1.8650088809946632,0.006143276317886998
2023-04-30,TANJUNG_BARA,DHAMRA,Thermal Coal,Supramax,11.67,11.61,11.6,11.68,11.67,11.65,11.644285714285713,0.04391550328265759,11.632333333333332,0.05103638548792208,11.349777777777778,0.2752607661623141,-0.07000000000000028,-0.5993150684931532,0.004387458992571461
2023-04-30,HAY_POINT,VISAKHAPATNAM,Coking Coal,Capesize,18.4,18.4,18.36,18.34,18.35,18.5,18.372857142857146,0.034503277966618305,18.401333333333337,0.04797508932132001,18.00111111111111,0.38341002326826346,0.05999999999999872,0.3271537622682591,0.002607152886819071
2023-04-30,HAY_POINT,PARADIP,Coking Coal,Capesize,19.16,19.18,19.22,19.31,19.3,19.14,19.254285714285714,0.05711308748353862,19.226666666666667,0.07424717959746574,18.733,0.4360637258861542,-0.129999999999999,-0.6732263076126308,0.0038616771635297713
2023-04-30,GLADSTONE,PARADIP,Coking Coal,Panamax,22.29,22.3,22.24,22.27,22.22,22.31,22.26142857142857,0.024102953780144095,22.248,0.06188977967004261,21.741333333333333,0.490015363207904,0.030000000000001137,0.1347103726987029,0.0027818131818609588
2023-04-30,MAPUTO,VISAKHAPATNAM,Coking Coal,Panamax,20.2,20.22,20.2,20.29,20.18,20.31,20.244285714285713,0.043915503282916955,20.261000000000003,0.07159994220747609,19.736888888888892,0.47169940067193095,-0.07000000000000028,-0.344997535731889,0.0035338799766781543
2023-04-30,HAY_POINT,DHAMRA,Coking Coal,Capesize,18.9,18.95,18.83,18.95,18.92,18.96,18.888571428571428,0.048795003647620516,18.912,0.051286887482060554,18.448666666666664,0.43710796239203537,0.0,0.0,0.0027118701079769754
2023-04-30,RICHARDS_BAY,PARADIP,Thermal Coal,Capesize,17.04,17.07,17.06,17.2,17.22,17.2,17.115714285714287,0.05255382728111722,17.140333333333334,0.05798235958446371,16.74588888888889,0.3718399270328968,-0.129999999999999,-0.7558139534883663,0.003382802332770485
2023-04-30,TANJUNG_BARA,PARADIP,Thermal Coal,Supramax,11.89,11.87,11.89,11.77,11.97,11.83,11.858571428571427,0.054598098693517595,11.861666666666666,0.045869630350701705,11.623333333333333,0.2446047028864285,0.09999999999999964,0.8496176720475757,0.0038670476619953667
2023-04-30,NEWCASTLE,DHAMRA,Thermal Coal,Panamax,22.65,22.66,22.66,22.79,22.83,22.87,22.715714285714288,0.06604471789558874,22.801666666666666,0.06711201821200763,22.250555555555554,0.5309464966191576,-0.129999999999999,-0.5704256252742388,0.0029432944176013874
2023-05-01,HAY_POINT,VISAKHAPATNAM,Coking Coal,Capesize,18.44,18.4,18.43,18.33,18.41,18.48,18.381428571428568,0.03236694374796727,18.398000000000003,0.04420953244049437,18.010555555555555,0.382641208747449,0.07000000000000028,0.3818876159301707,0.002402953171023718
2023-05-01,HAY_POINT,PARADIP,Coking Coal,Capesize,19.22,19.16,19.19,19.32,19.32,19.15,19.232857142857142,0.060749289629374974,19.22733333333333,0.07352847599145948,18.742444444444445,0.4360041003598408,-0.16000000000000014,-0.828157349896481,0.0038241640021909515
2023-05-01,RICHARDS_BAY,PARADIP,Thermal Coal,Capesize,17.03,17.04,17.07,17.13,17.26,17.13,17.09285714285714,0.043861253103385685,17.135,0.059639722934616134,16.752000000000002,0.3721066658721885,-0.08999999999999986,-0.5253940455341498,0.0034805791032749417
2023-05-01,GLADSTONE,PARADIP,Coking Coal,Panamax,22.37,22.29,22.28,22.26,22.25,22.33,22.264285714285712,0.026367367999354536,22.247333333333334,0.061303840985377334,21.753555555555554,0.48982755762078467,0.029999999999997584,0.13477088948785976,0.0027555590626012405
2023-05-01,TANJUNG_BARA,PARADIP,Thermal Coal,Supramax,11.88,11.89,11.88,11.82,11.91,11.78,11.875714285714285,0.03866830866785658,11.863666666666667,0.04574919131253994,11.627888888888888,0.24572065277668345,0.07000000000000028,0.5922165820643002,0.0038562438239335734
2023-05-01,TANJUNG_BARA,DHAMRA,Thermal Coal,Supramax,11.68,11.67,11.59,11.69,11.69,11.66,11.642857142857142,0.04270608298365938,11.633000000000001,0.051404414140198765,11.356,0.2761077789885266,-0.019999999999999574,-0.17108639863130518,0.004418844162314
2023-05-01,NEWCASTLE,DHAMRA,Thermal Coal,Panamax,22.72,22.65,22.64,22.79,22.86,22.88,22.695714285714285,0.06078847008472415,22.794333333333334,0.0712781503170991,22.261333333333333,0.5290763628747802,-0.14000000000000057,-0.6143045195261104,0.003127011844337003
2023-05-01,HAY_POINT,DHAMRA,Coking Coal,Capesize,18.95,18.9,18.9,18.89,18.98,18.95,18.881428571428575,0.04140393356076907,18.91,0.050514593316608306,18.458000000000002,0.43768338050814043,0.00999999999999801,0.05293806246690318,0.0026713164101855266
2023-05-01,BALIKPAPAN,KAMARAJAR,Thermal Coal,Supramax,11.2,11.03,11.05,11.22,11.26,11.14,11.105714285714287,0.073225028247824,11.198,0.07336258559726479,10.940444444444445,0.22172921592227687,-0.19000000000000128,-1.6934046345811167,0.0065514007498896935
2023-05-01,MAPUTO,VISAKHAPATNAM,Coking Coal,Panamax,20.23,20.2,20.22,20.32,20.21,20.29,20.231428571428573,0.04140393356078028,20.257333333333335,0.07182033778475475,19.747555555555554,0.4711909632465327,-0.120000000000001,-0.590551181102367,0.003545399416742319
2023-05-02,NEWCASTLE,DHAMRA,Thermal Coal,Panamax,22.77,22.72,22.66,22.77,22.85,22.86,22.685714285714287,0.04685336802452404,22.788999999999998,0.07063016841009664,22.272777777777776,0.5277172118477816,-0.05000000000000071,-0.21958717610891837,0.0030993096849399556
2023-05-02,HAY_POINT,VISAKHAPATNAM,Coking Coal,Capesize,18.52,18.44,18.4,18.37,18.4,18.5,18.397142857142857,0.02984084768300487,18.396666666666665,0.04220911270553756,18.02,0.38263427546946616,0.07000000000000028,0.3810560696788257,0.0022943891668166824
2023-05-02,BALIKPAPAN,KAMARAJAR,Thermal Coal,Supramax,11.24,11.2,11.05,11.16,11.22,11.13,11.102857142857145,0.06824326235704714,11.2,0.07254011969604118,10.944555555555556,0.22308441044203808,0.03999999999999915,0.35842293906809275,0.0064767964014322485
2023-05-02,GLADSTONE,PARADIP,Coking Coal,Panamax,22.4,22.37,22.3,22.25,22.27,22.33,22.279999999999998,0.04760952285668848,22.24866666666667,0.06355737746245753,21.766555555555556,0.49049656359792426,0.120000000000001,0.5393258426966338,0.0028566825335956097
2023-05-02,HAY_POINT,PARADIP,Coking Coal,Capesize,19.25,19.22,19.18,19.28,19.33,19.14,19.21857142857143,0.04705619740568923,19.229666666666667,0.07208631480126232,18.75177777777778,0.43714748951643234,-0.060000000000002274,-0.31120331950208646,0.003748703295321239
2023-05-02,RICHARDS_BAY,PARADIP,Thermal Coal,Capesize,17.05,17.03,17.07,17.16,17.19,17.12,17.07857142857143,0.045981362683983514,17.131666666666668,0.06264752703556496,16.758444444444443,0.3718399773948644,-0.129999999999999,-0.7575757575757518,0.003656826171936859
2023-05-02,HAY_POINT,DHAMRA,Coking Coal,Capesize,18.94,18.95,18.95,18.86,18.96,18.96,18.889999999999997,0.048989794855856625,18.91,0.050514593316608306,18.467333333333332,0.43913295573093636,0.08999999999999986,0.47720042417815406,0.0026713164101855266
2023-05-02,TANJUNG_BARA,DHAMRA,Thermal Coal,Supramax,11.62,11.68,11.61,11.69,11.7,11.63,11.641428571428573,0.040999419275766065,11.633666666666667,0.05189401223398266,11.362,0.2772262289583572,-0.009999999999999787,-0.08554319931565259,0.004460675530842898
2023-05-02,TANJUNG_BARA,PARADIP,Thermal Coal,Supramax,11.94,11.88,11.87,11.84,11.9,11.8,11.884285714285715,0.029920529661631185,11.867,0.04300360850942407,11.632222222222222,0.2466985504244478,0.040000000000000924,0.33783783783784566,0.003623797801417719
2023-05-02,MAPUTO,VISAKHAPATNAM,Coking Coal,Panamax,20.21,20.23,20.22,20.24,20.22,20.28,20.21857142857143,0.014638501094880322,20.255333333333333,0.0717146324380401,19.758222222222223,0.47112482607884004,-0.00999999999999801,-0.0494071146244961,0.003540530844783601
2023-05-03,HAY_POINT,PARADIP,Coking Coal,Capesize,19.31,19.25,19.16,19.28,19.26,19.19,19.214285714285715,0.041576092030984585,19.233333333333334,0.07013943420004658,18.761555555555557,0.4383521520860364,-0.030000000000001137,-0.15560165975104323,0.0036467643431566674
2023-05-03,TANJUNG_BARA,DHAMRA,Thermal Coal,Supramax,11.62,11.62,11.67,11.65,11.66,11.55,11.631428571428572,0.03532165125835332,11.633333333333333,0.051950462699635915,11.367666666666667,0.27722967397959236,-0.030000000000001137,-0.25751072961374366,0.0044656558194529445
2023-05-03,GLADSTONE,PARADIP,Coking Coal,Panamax,22.43,22.4,22.29,22.23,22.26,22.27,22.30142857142857,0.06309478885713612,22.250999999999998,0.06779024444121452,21.78022222222222,0.49082360908065614,0.16999999999999815,0.7647323436797038,0.003046615632610423
2023-05-03,NEWCASTLE,DHAMRA,Thermal Coal,Panamax,22.74,22.77,22.65,22.7,22.85,22.86,22.685714285714283,0.04685336802452404,22.786,0.06941131776926784,22.284666666666666,0.5267201888131567,0.07000000000000028,0.3083700440528647,0.0030462265324878363
2023-05-03,HAY_POINT,VISAKHAPATNAM,Coking Coal,Capesize,18.49,18.52,18.4,18.38,18.39,18.48,18.41857142857143,0.05241773600206229,18.397333333333336,0.04401671573793616,18.03,0.38382170486254924,0.14000000000000057,0.761697497279655,0.0023925595596066183
2023-05-03,TANJUNG_BARA,PARADIP,Thermal Coal,Supramax,11.94,11.94,11.89,11.94,11.89,11.86,11.89857142857143,0.02911389784301188,11.871666666666668,0.04307838351703743,11.638333333333334,0.24744196913597416,0.0,0.0,0.0036286719233781352
2023-05-03,RICHARDS_BAY,PARADIP,Thermal Coal,Capesize,17.09,17.05,17.04,17.12,17.17,17.12,17.062857142857144,0.02927700218830235,17.12933333333333,0.06437676456677263,16.76477777777778,0.3718983423312256,-0.07000000000000028,-0.4088785046728988,0.003758276128674358
2023-05-03,HAY_POINT,DHAMRA,Coking Coal,Capesize,18.96,18.94,18.9,18.84,18.95,18.92,18.90142857142857,0.05014265364243035,18.909333333333333,0.049960904255570364,18.477,0.43986323206349937,0.10000000000000142,0.5307855626327039,0.0026421293323704536
2023-05-03,BALIKPAPAN,KAMARAJAR,Thermal Coal,Supramax,11.22,11.24,11.03,11.16,11.27,11.2,11.114285714285714,0.08423323628608659,11.203666666666667,0.07165450311104425,10.949888888888887,0.22435673061395953,0.08000000000000007,0.7168458781362014,0.006395629684720263
2023-05-03,MAPUTO,VISAKHAPATNAM,Coking Coal,Panamax,20.21,20.21,20.2,20.22,20.21,20.32,20.214285714285715,0.011338934191108813,20.252999999999997,0.07202250606085878,19.768555555555558,0.47071678813455614,-0.00999999999999801,-0.04945598417407523,0.0035561401303934623
2023-05-04,MAPUTO,VISAKHAPATNAM,Coking Coal,Panamax,20.21,20.21,20.23,20.2,20.24,20.32,20.212857142857143,0.011126972806128182,20.249333333333333,0.07129024372626921,19.779,0.46995828167706166,0.010000000000001563,0.049504950495057244,0.0035206217682690402
2023-05-04,HAY_POINT,VISAKHAPATNAM,Coking Coal,Capesize,18.52,18.49,18.44,18.36,18.43,18.41,18.434285714285714,0.055334480768022484,18.39766666666667,0.04469693604645021,18.039,0.38501729130876694,0.129999999999999,0.7080610021786439,0.0024294893942954834
2023-05-04,TANJUNG_BARA,PARADIP,Thermal Coal,Supramax,11.92,11.94,11.88,11.89,11.85,11.82,11.89857142857143,0.02911389784301188,11.874333333333334,0.04477401750661098,11.644777777777778,0.2476642697521404,0.049999999999998934,0.4205214465937673,0.0037706552654137196
2023-05-04,HAY_POINT,DHAMRA,Coking Coal,Capesize,18.96,18.96,18.95,18.83,18.96,18.95,18.91857142857143,0.04598136268429739,18.910666666666664,0.05078238449230168,18.487,0.44050647561208345,0.13000000000000256,0.6903876792352766,0.002685383090264843
2023-05-04,NEWCASTLE,DHAMRA,Thermal Coal,Panamax,22.77,22.74,22.72,22.66,22.85,22.83,22.69142857142857,0.051130086194813906,22.781999999999996,0.06845083813484636,22.296,0.5254057821865425,0.0799999999999983,0.35304501323918047,0.00300460179680653
2023-05-04,HAY_POINT,PARADIP,Coking Coal,Capesize,19.29,19.31,19.22,19.22,19.35,19.16,19.21857142857143,0.05014265364221472,19.237333333333332,0.07099943337976433,18.772222222222222,0.43990238390556674,0.08999999999999986,0.4682622268470336,0.0036907107731371813
2023-05-04,BALIKPAPAN,KAMARAJAR,Thermal Coal,Supramax,11.21,11.22,11.2,11.07,11.28,11.19,11.122857142857143,0.09232447954794512,11.204333333333333,0.07171222823312359,10.955333333333334,0.22490547327735685,0.15000000000000036,1.3550135501355045,0.006400401175121851
2023-05-04,TANJUNG_BARA,DHAMRA,Thermal Coal,Supramax,11.59,11.62,11.68,11.6,11.68,11.6,11.627142857142857,0.0345032779670842,11.635666666666667,0.04959722832442227,11.373888888888889,0.27653024478282684,0.019999999999999574,0.1724137931034446,0.004262517116144808
2023-05-04,GLADSTONE,PARADIP,Coking Coal,Panamax,22.43,22.43,22.37,22.24,22.29,22.28,22.330000000000002,0.07023769168549561,22.256333333333334,0.07522304000202922,21.794,0.4914729066566414,0.19000000000000128,0.8543165467625957,0.003379848732287254
2023-05-04,RICHARDS_BAY,PARADIP,Thermal Coal,Capesize,17.17,17.09,17.03,17.06,17.13,17.07,17.05857142857143,0.020354009783747476,17.128333333333334,0.06475861456913108,16.77188888888889,0.3719305675340042,0.030000000000001137,0.17584994138335955,0.003780789018339851
2023-05-05,MAPUTO,VISAKHAPATNAM,Coking Coal,Panamax,20.21,20.21,20.21,20.22,20.31,20.43,20.214285714285715,0.009759000730451635,20.24566666666666,0.07035296887737776,19.78977777777778,0.46857896047225184,-0.00999999999999801,-0.04945598417407523,0.0034749642990620764
2023-05-05,HAY_POINT,VISAKHAPATNAM,Coking Coal,Capesize,18.54,18.52,18.52,18.43,18.41,18.37,18.457142857142856,0.05250850271245085,18.401333333333337,0.049947098450905926,18.048222222222222,0.3865013853130893,0.08999999999999986,0.4883342376559949,0.0027143195303368913
2023-05-05,TANJUNG_BARA,DHAMRA,Thermal Coal,Supramax,11.64,11.59,11.62,11.59,11.66,11.61,11.625714285714285,0.035989416433665426,11.635333333333334,0.04987801210902088,11.379777777777779,0.2754117562045603,0.0,0.0,0.004286771223487728
2023-05-05,NEWCASTLE,DHAMRA,Thermal Coal,Panamax,22.8,22.77,22.77,22.64,22.87,22.86,22.707142857142856,0.056484300389396815,22.780000000000005,0.06787412284300857,22.307888888888886,0.5238717023750277,0.129999999999999,0.574204946996462,0.002979548851756302
2023-05-05,GLADSTONE,PARADIP,Coking Coal,Panamax,22.48,22.43,22.4,22.28,22.35,22.27,22.357142857142858,0.0662606685028819,22.261333333333333,0.08156796756910113,21.807666666666666,0.4918711121942777,0.14999999999999858,0.6732495511669595,0.0036641097075243083
2023-05-05,BALIKPAPAN,KAMARAJAR,Thermal Coal,Supramax,11.3,11.21,11.24,11.05,11.29,11.27,11.142857142857142,0.0941123948113734,11.205000000000002,0.07166733493405768,10.960555555555556,0.22530559078383172,0.16000000000000014,1.4479638009049787,0.006396013827225137
2023-05-05,HAY_POINT,PARADIP,Coking Coal,Capesize,19.29,19.29,19.25,19.19,19.38,19.23,19.228571428571428,0.05698788509513606,19.241666666666667,0.07007795331092151,18.782444444444444,0.44113823946367614,0.09999999999999787,0.5211047420531415,0.0036419897779604075
2023-05-05,HAY_POINT,DHAMRA,Coking Coal,Capesize,18.97,18.96,18.94,18.9,18.97,18.99,18.937142857142856,0.026276913640978568,18.911,0.0510814089942605,18.497444444444444,0.4404531913073545,0.060000000000002274,0.31746031746032954,0.0027011479559124582
2023-05-05,RICHARDS_BAY,PARADIP,Thermal Coal,Capesize,17.27,17.17,17.05,17.07,17.15,17.1,17.074285714285715,0.04685336802438707,17.131666666666668,0.06422392578838398,16.77988888888889,0.3726717821066223,0.10000000000000142,0.5858230814294166,0.003748842832282361
2023-05-05,TANJUNG_BARA,PARADIP,Thermal Coal,Supramax,11.96,11.92,11.94,11.88,11.82,11.84,11.902857142857144,0.029840847683509742,11.877666666666666,0.04430951741259926,11.650666666666668,0.24783920122313619,0.03999999999999915,0.3367003367003295,0.003730490058030415
2023-05-06,HAY_POINT,VISAKHAPATNAM,Coking Coal,Capesize,18.51,18.54,18.49,18.4,18.38,18.42,18.472857142857144,0.059080252118926445,18.407,0.05559397139221634,18.058333333333334,0.38733967324805296,0.14000000000000057,0.7608695652173945,0.0030202624758090043
2023-05-06,NEWCASTLE,DHAMRA,Thermal Coal,Panamax,22.83,22.8,22.74,22.66,22.86,22.79,22.729999999999997,0.057154760664972236,22.778000000000002,0.06630129764151868,22.320444444444448,0.5219494811989386,0.14000000000000057,0.6178287731685814,0.002910760279283461
2023-05-06,HAY_POINT,DHAMRA,Coking Coal,Capesize,18.97,18.97,18.96,18.95,18.94,18.97,18.947142857142858,0.022886885411274087,18.91033333333333,0.05013659502729377,18.508555555555557,0.4396105557184959,0.019999999999999574,0.1055408970976231,0.002651280341997873
2023-05-06,BALIKPAPAN,KAMARAJAR,Thermal Coal,Supramax,11.27,11.3,11.22,11.05,11.27,11.29,11.178571428571429,0.1002378124641953,11.206,0.07280583530989179,10.966888888888889,0.2267585185122097,0.25,2.262443438914027,0.006497040452426539
2023-05-06,RICHARDS_BAY,PARADIP,Thermal Coal,Capesize,17.28,17.27,17.09,17.07,17.24,17.1,17.102857142857143,0.08731442906987864,17.137333333333334,0.06867882941044494,16.78966666666667,0.3738696822769149,0.1999999999999993,1.1716461628588126,0.004007556372662702
2023-05-06,MAPUTO,VISAKHAPATNAM,Coking Coal,Panamax,20.29,20.21,20.21,20.22,20.34,20.37,20.212857142857143,0.009511897313101321,20.238333333333333,0.06136849317035035,19.79988888888889,0.46770896175812887,-0.00999999999999801,-0.04945598417407523,0.0030322898708894184
2023-05-06,HAY_POINT,PARADIP,Coking Coal,Capesize,19.32,19.29,19.31,19.18,19.32,19.18,19.24285714285714,0.058227795686197695,19.243666666666666,0.07058784369973893,18.792666666666666,0.4421317105096745,0.10999999999999943,0.5735140771637093,0.0036681077947587396
2023-05-06,GLADSTONE,PARADIP,Coking Coal,Panamax,22.5,22.48,22.43,22.3,22.3,22.28,22.38571428571429,0.07044078904922006,22.26833333333333,0.09082318302467406,21.821888888888886,0.4926080431182776,0.17999999999999972,0.8071748878923753,0.004078580182232201
2023-05-06,TANJUNG_BARA,DHAMRA,Thermal Coal,Supramax,11.66,11.64,11.62,11.61,11.71,11.63,11.632857142857144,0.03251373336208155,11.636333333333333,0.04965281763247862,11.38588888888889,0.27501131516841537,0.030000000000001137,0.25839793281654727,0.004267050127400839
2023-05-06,TANJUNG_BARA,PARADIP,Thermal Coal,Supramax,12.01,11.96,11.94,11.87,11.83,11.88,11.914285714285713,0.03457221565408041,11.881666666666666,0.046169353422008744,11.65711111111111,0.24826247638039817,0.09000000000000163,0.7582139848357341,0.003885764069744038
2023-05-07,RICHARDS_BAY,PARADIP,Thermal Coal,Capesize,17.31,17.28,17.17,17.04,17.2,17.07,17.132857142857144,0.10781377242169757,17.14333333333333,0.07302967433397771,16.8,0.3744329045369788,0.240000000000002,1.408450704225364,0.0042599460043152475
2023-05-07,HAY_POINT,VISAKHAPATNAM,Coking Coal,Capesize,18.62,18.51,18.52,18.4,18.34,18.49,18.488571428571426,0.05047394424431163,18.41,0.058663270538991494,18.06811111111111,0.38751265131777857,0.11000000000000298,0.5978260869565379,0.0031864894372075772
2023-05-07,NEWCASTLE,DHAMRA,Thermal Coal,Panamax,22.9,22.83,22.77,22.65,22.79,22.83,22.75428571428571,0.05855400437694371,22.779333333333334,0.06694997274501613,22.33288888888889,0.5205814477057135,0.17999999999999972,0.7947019867549656,0.0029390663793943104
2023-05-07,TANJUNG_BARA,DHAMRA,Thermal Coal,Supramax,11.75,11.66,11.59,11.67,11.68,11.6,11.64,0.03214550253660655,11.637333333333334,0.04982267406079598,11.392111111111111,0.27480532208036884,-0.009999999999999787,-0.08568980291345148,0.004281279278826418
2023-05-07,BALIKPAPAN,KAMARAJAR,Thermal Coal,Supramax,11.27,11.27,11.21,11.03,11.26,11.28,11.209999999999999,0.08679477710853727,11.205333333333334,0.0720982726529486,10.973333333333333,0.22704253920078718,0.2400000000000002,2.1758839528558496,0.006434281828856669
2023-05-07,HAY_POINT,DHAMRA,Coking Coal,Capesize,19.08,18.97,18.96,18.9,18.95,18.89,18.95,0.024494897428225495,18.91033333333333,0.05013659502729377,18.519222222222222,0.4390240140287101,0.07000000000000028,0.3703703703703719,0.002651280341997873
2023-05-07,MAPUTO,VISAKHAPATNAM,Coking Coal,Panamax,20.33,20.29,20.21,20.2,20.29,20.33,20.222857142857144,0.030937725468465935,20.235666666666663,0.05703497616133019,19.81111111111111,0.46721129268243355,0.08999999999999986,0.4455445544554449,0.0028185370465348414
2023-05-07,HAY_POINT,PARADIP,Coking Coal,Capesize,19.34,19.32,19.29,19.16,19.31,19.14,19.262857142857143,0.05707138387265742,19.248333333333335,0.07086088037721563,18.803444444444445,0.4430414826016592,0.16000000000000014,0.835073068893529,0.0036814034311480975
2023-05-07,GLADSTONE,PARADIP,Coking Coal,Panamax,22.53,22.5,22.43,22.29,22.27,22.27,22.414285714285715,0.07044078904921501,22.275666666666666,0.10019578535207867,21.836222222222222,0.4933708357038305,0.21000000000000085,0.9421265141319015,0.0044979926684758555
2023-05-07,TANJUNG_BARA,PARADIP,Thermal Coal,Supramax,12.05,12.01,11.92,11.89,11.77,11.9,11.934285714285716,0.04391550328261534,11.886,0.05176871642221771,11.664444444444444,0.2488359917927602,0.11999999999999922,1.0092514718250565,0.004355436347149396
2023-05-08,RICHARDS_BAY,PARADIP,Thermal Coal,Capesize,17.34,17.31,17.27,17.03,17.13,17.06,17.17142857142857,0.11696560340945848,17.151333333333334,0.07771447889472358,16.810666666666666,0.37514281924549553,0.2799999999999976,1.6441573693481946,0.004531104222882006
2023-05-08,HAY_POINT,DHAMRA,Coking Coal,Capesize,19.07,19.08,18.97,18.95,18.89,18.85,18.975714285714282,0.047207747548372356,18.916666666666668,0.05874159269763785,18.530555555555555,0.4402000595008108,0.129999999999999,0.6860158311345594,0.0031052824333553048
2023-05-08,MAPUTO,VISAKHAPATNAM,Coking Coal,Panamax,20.39,20.33,20.21,20.23,20.32,20.36,20.24142857142857,0.04879500364763484,20.235666666666663,0.05703497616133019,19.822666666666667,0.4670389633193683,0.09999999999999787,0.4943153732080962,0.0028185370465348414
2023-05-08,GLADSTONE,PARADIP,Coking Coal,Panamax,22.53,22.53,22.48,22.37,22.26,22.19,22.44857142857143,0.05698788509489879,22.284333333333333,0.11041249721046563,21.85088888888889,0.4941651555894565,0.16000000000000014,0.7152436298614222,0.004954713948983545
2023-05-08,HAY_POINT,VISAKHAPATNAM,Coking Coal,Capesize,18.64,18.62,18.54,18.44,18.33,18.42,18.52,0.054467115460832535,18.41433333333333,0.06871647562975321,18.07911111111111,0.3889849783196012,0.17999999999999972,0.9761388286334041,0.003731684138972533
2023-05-08,TANJUNG_BARA,PARADIP,Thermal Coal,Supramax,12.16,12.05,11.96,11.88,11.82,11.86,11.957142857142857,0.05677860093207083,11.891,0.05978986190158695,11.672222222222222,0.2498349017897833,0.16999999999999993,1.4309764309764303,0.0050281609537958915
2023-05-08,TANJUNG_BARA,DHAMRA,Thermal Coal,Supramax,11.77,11.75,11.64,11.68,11.69,11.54,11.651428571428571,0.052417736002393356,11.642333333333333,0.05334877649971512,11.399222222222223,0.27570228112083306,0.07000000000000028,0.5993150684931532,0.00458230966012384
2023-05-08,BALIKPAPAN,KAMARAJAR,Thermal Coal,Supramax,11.39,11.27,11.3,11.2,11.22,11.22,11.244285714285713,0.036903993847430074,11.205,0.07176350047202751,10.980111111111112,0.22668839397958385,0.07000000000000028,0.6250000000000026,0.006404596204553995
2023-05-08,NEWCASTLE,DHAMRA,Thermal Coal,Panamax,23.0,22.9,22.8,22.72,22.79,22.83,22.79,0.060553007081982566,22.78166666666667,0.06993017864299426,22.346,0.5198310010598798,0.17999999999999972,0.7922535211267593,0.003069581328977727
2023-05-08,HAY_POINT,PARADIP,Coking Coal,Capesize,19.31,19.34,19.29,19.22,19.32,19.14,19.288571428571426,0.04140393356050881,19.255000000000003,0.06971617335743804,18.814555555555554,0.4438269758806462,0.120000000000001,0.624349635796051,0.003620678959098314
2023-05-09,HAY_POINT,VISAKHAPATNAM,Coking Coal,Capesize,18.69,18.64,18.51,18.52,18.37,18.37,18.548571428571428,0.05785861256178313,18.421666666666667,0.08013279208789513,18.09022222222222,0.3905800289968557,0.120000000000001,0.6479481641468736,0.00434992085883806
2023-05-09,RICHARDS_BAY,PARADIP,Thermal Coal,Capesize,17.31,17.34,17.28,17.05,17.16,17.05,17.215714285714288,0.11311603818744087,17.160666666666664,0.08300117711389438,16.821555555555555,0.37613621460194263,0.28999999999999915,1.7008797653958894,0.004836710526818755
2023-05-09,HAY_POINT,DHAMRA,Coking Coal,Capesize,19.04,19.07,18.97,18.94,18.86,18.86,18.99285714285714,0.05707138387285169,18.923999999999996,0.06365857203170072,18.542555555555555,0.4400193078274196,0.129999999999999,0.6863780359028457,0.003363906786710037
2023-05-09,TANJUNG_BARA,PARADIP,Thermal Coal,Supramax,12.15,12.16,12.01,11.94,11.84,11.85,11.997142857142856,0.0849929969103518,11.901,0.07702887949247286,11.681222222222221,0.2526703576064769,0.22000000000000064,1.8425460636515967,0.00647247117826005
2023-05-09,MAPUTO,VISAKHAPATNAM,Coking Coal,Panamax,20.41,20.39,20.29,20.21,20.24,20.31,20.264285714285716,0.07367883976144816,20.236666666666665,0.05949983096643086,19.835222222222225,0.4669317198063353,0.17999999999999972,0.890648193963383,0.0029401991912253764
2023-05-09,BALIKPAPAN,KAMARAJAR,Thermal Coal,Supramax,11.42,11.39,11.27,11.24,11.16,11.2,11.27142857142857,0.06094494002188711,11.210666666666667,0.07930444755685198,10.988111111111111,0.2283201696634691,0.15000000000000036,1.3345195729537398,0.007074017087017006
2023-05-09,HAY_POINT,PARADIP,Coking Coal,Capesize,19.35,19.31,19.32,19.25,19.28,19.15,19.30142857142857,0.02853569193629206,19.26066666666667,0.06689844765664488,18.825,0.44430794564334186,0.05999999999999872,0.3116883116883051,0.003473319424214022
2023-05-09,TANJUNG_BARA,DHAMRA,Thermal Coal,Supramax,11.82,11.77,11.66,11.62,11.69,11.54,11.664285714285713,0.06900655593421713,11.65,0.05464619745732751,11.407000000000002,0.2761836630402622,0.15000000000000036,1.2908777969018963,0.0046906607259508595
2023-05-09,GLADSTONE,PARADIP,Coking Coal,Panamax,22.54,22.53,22.5,22.4,22.25,22.22,22.47142857142857,0.05209880722488267,22.295666666666666,0.11761079393744532,21.86577777777778,0.49421593283166176,0.13000000000000256,0.5803571428571543,0.005275051681378085
2023-05-09,NEWCASTLE,DHAMRA,Thermal Coal,Panamax,23.03,23.0,22.83,22.77,22.77,22.76,22.830000000000002,0.09128709291755148,22.787333333333333,0.08012633702498156,22.360666666666663,0.5194504442629142,0.23000000000000043,1.010101010101012,0.003516266508805253
2023-05-10,MAPUTO,VISAKHAPATNAM,Coking Coal,Panamax,20.48,20.41,20.33,20.21,20.22,20.22,20.292857142857144,0.08673989580252604,20.240000000000002,0.06617635789920692,19.84733333333333,0.467553517936541,0.1999999999999993,0.9896091044037569,0.0032695829001584444
2023-05-10,TANJUNG_BARA,DHAMRA,Thermal Coal,Supramax,11.84,11.82,11.75,11.62,11.65,11.53,11.692857142857145,0.08673989580237502,11.659333333333333,0.0589525427682641,11.414666666666665,0.2779790631514573,0.20000000000000107,1.7211703958692002,0.0050562533107894195
2023-05-10,HAY_POINT,DHAMRA,Coking Coal,Capesize,19.1,19.04,19.08,18.96,18.84,18.9,19.00714285714286,0.054072262055781715,18.93,0.06586297164943868,18.553666666666665,0.43981214069318364,0.0799999999999983,0.42194092827003316,0.003479290631243459
2023-05-10,GLADSTONE,PARADIP,Coking Coal,Panamax,22.58,22.54,22.53,22.43,22.23,22.21,22.49142857142857,0.046700667885177224,22.306333333333335,0.12480283300654074,21.880333333333333,0.4945715430915488,0.10999999999999943,0.4904146232724005,0.0055949505972836145
2023-05-10,NEWCASTLE,DHAMRA,Thermal Coal,Panamax,23.09,23.03,22.9,22.74,22.7,22.82,22.867142857142856,0.11309498746841559,22.796333333333333,0.09133052265151737,22.376,0.5186040034164268,0.2900000000000027,1.2752858399296514,0.0040063689768025865
2023-05-10,HAY_POINT,PARADIP,Coking Coal,Capesize,19.43,19.35,19.34,19.31,19.28,19.17,19.315714285714286,0.022990681341983305,19.267333333333333,0.0654392760549287,18.836,0.44492089942098967,0.0400000000000027,0.20714655618851735,0.0033963846954220634
2023-05-10,HAY_POINT,VISAKHAPATNAM,Coking Coal,Capesize,18.74,18.69,18.62,18.49,18.38,18.37,18.572857142857142,0.07653197277672244,18.432333333333336,0.09324359396804388,18.102333333333334,0.3921048071310522,0.20000000000000284,1.0816657652785444,0.005058697251281835
2023-05-10,BALIKPAPAN,KAMARAJAR,Thermal Coal,Supramax,11.42,11.42,11.27,11.22,11.16,11.22,11.297142857142857,0.08035634920233684,11.218,0.08798118921207516,10.99688888888889,0.22958019550320546,0.1999999999999993,1.7825311942958937,0.007842858728122229
2023-05-10,TANJUNG_BARA,PARADIP,Thermal Coal,Supramax,12.08,12.15,12.05,11.94,11.94,11.85,12.027142857142858,0.09759000729481941,11.911000000000001,0.08875965221919646,11.690333333333335,0.25463986466018734,0.21000000000000085,1.7587939698492534,0.00745190598767496
2023-05-10,RICHARDS_BAY,PARADIP,Thermal Coal,Capesize,17.32,17.31,17.31,17.09,17.12,17.14,17.252857142857145,0.08994707438521242,17.169333333333334,0.08460591539327084,16.831666666666667,0.37690713546448285,0.21999999999999886,1.2873025160912748,0.004927734452508591
2023-05-11,TANJUNG_BARA,PARADIP,Thermal Coal,Supramax,12.14,12.08,12.16,11.92,11.89,11.81,12.047142857142857,0.0908688222501872,11.918666666666667,0.09313443503081663,11.698777777777776,0.254822378225394,0.16000000000000014,1.342281879194632,0.0078141655971711
2023-05-11,GLADSTONE,PARADIP,Coking Coal,Panamax,22.57,22.58,22.53,22.43,22.24,22.13,22.512857142857143,0.048205907560984446,22.318666666666665,0.13296961886179787,21.895222222222223,0.4952475893747732,0.14999999999999858,0.6687472135532706,0.005957776100504714
2023-05-11,HAY_POINT,VISAKHAPATNAM,Coking Coal,Capesize,18.78,18.74,18.64,18.52,18.36,18.37,18.608571428571427,0.08877472827840374,18.444666666666667,0.10801447327449554,18.115,0.3941033059114526,0.21999999999999886,1.1879049676025857,0.0058561358264988365
2023-05-11,TANJUNG_BARA,DHAMRA,Thermal Coal,Supramax,11.93,11.84,11.77,11.59,11.6,11.6,11.724285714285713,0.09536895771284971,11.669666666666668,0.06255939706321424,11.423444444444446,0.27880628815918734,0.25,2.1570319240724762,0.005360855528282519
2023-05-11,HAY_POINT,PARADIP,Coking Coal,Capesize,19.42,19.43,19.31,19.29,19.22,19.19,19.33285714285714,0.04855041562273069,19.276,0.06921231702236923,18.848444444444443,0.4457058815339632,0.14000000000000057,0.7257646448937303,0.003590595404771178
2023-05-11,MAPUTO,VISAKHAPATNAM,Coking Coal,Panamax,20.48,20.48,20.39,20.21,20.2,20.22,20.33142857142857,0.10237652260639796,20.248666666666665,0.0792087305066934,19.86011111111111,0.4689684938135685,0.2699999999999996,1.3359722909450744,0.003911799814310082
2023-05-11,BALIKPAPAN,KAMARAJAR,Thermal Coal,Supramax,11.37,11.42,11.39,11.21,11.07,11.2,11.325714285714286,0.0838365757205992,11.224666666666668,0.0954023542445405,11.004666666666667,0.23193955043540723,0.20999999999999908,1.8733273862622575,0.008499348539930554
2023-05-11,HAY_POINT,DHAMRA,Coking Coal,Capesize,19.07,19.1,19.07,18.96,18.83,18.87,19.027142857142856,0.05936168397063167,18.936666666666667,0.0725084220237903,18.565333333333335,0.440227724522433,0.14000000000000057,0.7383966244725768,0.0038289960582885215
2023-05-11,RICHARDS_BAY,PARADIP,Thermal Coal,Capesize,17.29,17.32,17.34,17.17,17.06,17.17,17.285714285714285,0.05623081683459692,17.175333333333334,0.0887356917395628,16.842,0.37741045518823396,0.14999999999999858,0.8736167734420417,0.005166461111258168
2023-05-11,NEWCASTLE,DHAMRA,Thermal Coal,Panamax,23.15,23.09,23.0,22.77,22.66,22.76,22.917142857142856,0.1243267584116476,22.805333333333333,0.1058865148306028,22.39211111111111,0.5180050202447326,0.3200000000000003,1.4053579270970589,0.004643059291566423
2023-05-12,HAY_POINT,DHAMRA,Coking Coal,Capesize,19.12,19.07,19.04,18.97,18.9,18.86,19.042857142857144,0.05282495802644609,18.94333333333333,0.07530779752342127,18.577,0.4395259192674098,0.10000000000000142,0.527148128624151,0.003975424820873902
2023-05-12,GLADSTONE,PARADIP,Coking Coal,Panamax,22.59,22.57,22.54,22.48,22.28,22.09,22.532857142857146,0.03545621041666781,22.333333333333332,0.13568049013148875,21.909888888888887,0.4954704822202446,0.08999999999999986,0.4003558718861203,0.006075245826783079
2023-05-12,TANJUNG_BARA,PARADIP,Thermal Coal,Supramax,12.16,12.14,12.15,11.96,11.88,11.9,12.078571428571427,0.07646972634717733,11.929666666666666,0.09915099364218917,11.707333333333334,0.2565799260015632,0.17999999999999972,1.5050167224080242,0.008311296234221898
2023-05-12,HAY_POINT,VISAKHAPATNAM,Coking Coal,Capesize,18.88,18.78,18.69,18.54,18.43,18.36,18.645714285714284,0.09930712341949521,18.458333333333332,0.12312268435298022,18.127666666666666,0.39697465461222264,0.240000000000002,1.2944983818770335,0.006670303441244979
2023-05-12,TANJUNG_BARA,DHAMRA,Thermal Coal,Supramax,11.92,11.93,11.82,11.64,11.59,11.58,11.772857142857143,0.10193368525896285,11.680666666666665,0.07718912436045328,11.433111111111112,0.281135915965824,0.28999999999999915,2.4914089347078963,0.006608280722600304
2023-05-12,RICHARDS_BAY,PARADIP,Thermal Coal,Capesize,17.32,17.29,17.31,17.27,17.07,17.13,17.302857142857142,0.0242997158513565,17.179333333333332,0.09115857094900168,16.852444444444444,0.37664787331724486,0.019999999999999574,0.11580775911985858,0.00530629269368243
2023-05-12,BALIKPAPAN,KAMARAJAR,Thermal Coal,Supramax,11.45,11.37,11.42,11.3,11.05,11.19,11.348571428571429,0.06718843437876416,11.230333333333334,0.09887237797501996,11.011888888888889,0.23309300089484927,0.06999999999999851,0.6194690265486593,0.008804046597757855
2023-05-12,MAPUTO,VISAKHAPATNAM,Coking Coal,Panamax,20.5,20.48,20.41,20.21,20.22,20.18,20.37,0.09983319421262078,20.257333333333335,0.08951722366846208,19.87322222222222,0.4696276980561599,0.2699999999999996,1.3359722909450744,0.00441900334044274
2023-05-12,HAY_POINT,PARADIP,Coking Coal,Capesize,19.53,19.42,19.35,19.29,19.19,19.15,19.351428571428574,0.0539841246505178,19.283666666666665,0.07203846354485953,18.86111111111111,0.4455685534575148,0.13000000000000256,0.6739243131156173,0.003735724371827256
2023-05-12,NEWCASTLE,DHAMRA,Thermal Coal,Panamax,23.25,23.15,23.03,22.8,22.64,22.77,22.97142857142857,0.1320894357911514,22.81833333333333,0.12272996243030236,22.40833333333333,0.5186309765986161,0.34999999999999787,1.5350877192982362,0.005378568216944082
2023-05-13,HAY_POINT,VISAKHAPATNAM,Coking Coal,Capesize,18.88,18.88,18.74,18.51,18.4,18.4,18.694285714285716,0.1199801570893506,18.475666666666665,0.1436874801574837,18.141444444444446,0.40135321973451277,0.36999999999999744,1.998919502971353,0.007777120184611311
2023-05-13,RICHARDS_BAY,PARADIP,Thermal Coal,Capesize,17.38,17.32,17.32,17.28,17.07,17.17,17.31,0.01999999999950299,17.18566666666667,0.09416358961503236,16.86411111111111,0.37466057880881226,0.03999999999999915,0.23148148148147651,0.005479193297614234
2023-05-13,GLADSTONE,PARADIP,Coking Coal,Panamax,22.62,22.59,22.58,22.5,22.3,22.17,22.548571428571428,0.032366943748009976,22.35,0.13546853560127323,21.925,0.4952408334801048,0.08999999999999986,0.3999999999999994,0.006061232017954059
2023-05-13,HAY_POINT,PARADIP,Coking Coal,Capesize,19.53,19.53,19.43,19.32,19.18,19.19,19.385714285714283,0.07892129895388243,19.296333333333333,0.08062186463665214,18.875222222222224,0.4464270837143153,0.21000000000000085,1.0869565217391348,0.004178092451242143
2023-05-13,TANJUNG_BARA,PARADIP,Thermal Coal,Supramax,12.18,12.16,12.08,12.01,11.87,11.91,12.107142857142858,0.060474315681418624,11.938333333333334,0.1074816209897217,11.715999999999998,0.2585647507628989,0.15000000000000036,1.2489592006661145,0.009003067512750665
2023-05-13,TANJUNG_BARA,DHAMRA,Thermal Coal,Supramax,11.94,11.92,11.84,11.66,11.61,11.65,11.812857142857142,0.09586697132210516,11.692,0.0863193748978285,11.443222222222223,0.2821101377790299,0.2599999999999998,2.2298456260720396,0.007382772399745851
2023-05-13,BALIKPAPAN,KAMARAJAR,Thermal Coal,Supramax,11.4,11.45,11.42,11.27,11.05,11.18,11.370000000000001,0.07280109889268987,11.239,0.10632902740533208,11.020555555555555,0.23473322706880698,0.17999999999999972,1.597160603371781,0.009460719584067273
2023-05-13,NEWCASTLE,DHAMRA,Thermal Coal,Panamax,23.24,23.25,23.09,22.83,22.66,22.74,23.035714285714285,0.14374249462810573,22.834333333333333,0.1454051019673754,22.42611111111111,0.519765924940335,0.4200000000000017,1.8396846254927803,0.006367827772537352
2023-05-13,MAPUTO,VISAKHAPATNAM,Coking Coal,Panamax,20.55,20.5,20.48,20.29,20.22,20.17,20.41142857142857,0.08071112509633485,20.267999999999997,0.09859006035080833,19.886111111111113,0.47074574936935776,0.21000000000000085,1.0349926071956672,0.004864321114604714
2023-05-13,HAY_POINT,DHAMRA,Coking Coal,Capesize,19.15,19.12,19.1,18.97,18.95,18.84,19.064285714285713,0.0485994317037168,18.951999999999998,0.08018943089708948,18.590222222222224,0.43773928359183933,0.15000000000000213,0.7907221929362264,0.004231185674181589
2023-05-14,TANJUNG_BARA,PARADIP,Thermal Coal,Supramax,12.21,12.18,12.14,12.05,11.89,11.89,12.131428571428572,0.04775931721607045,11.947333333333335,0.11599445091762596,11.725666666666665,0.25947678556509146,0.129999999999999,1.0788381742738506,0.009708815154089554
2023-05-14,HAY_POINT,VISAKHAPATNAM,Coking Coal,Capesize,18.88,18.88,18.78,18.62,18.4,18.35,18.747142857142855,0.10594248214835039,18.491666666666667,0.16068996349430126,18.155555555555555,0.40476962822706986,0.259999999999998,1.3963480128893555,0.008689858323260996
2023-05-14,BALIKPAPAN,KAMARAJAR,Thermal Coal,Supramax,11.41,11.4,11.37,11.27,11.03,11.21,11.388571428571428,0.058145957563145,11.246333333333332,0.1096541061178469,11.02888888888889,0.23474319913061595,0.13000000000000078,1.1535048802129617,0.009750209500979304
2023-05-14,NEWCASTLE,DHAMRA,Thermal Coal,Panamax,23.36,23.24,23.15,22.9,22.65,22.78,23.094285714285718,0.1286930641561991,22.851,0.1619354916263174,22.44422222222222,0.5194075661032829,0.33999999999999986,1.4847161572052396,0.007086582277638502
2023-05-14,MAPUTO,VISAKHAPATNAM,Coking Coal,Panamax,20.55,20.55,20.48,20.33,20.2,20.12,20.448571428571427,0.07515064236353233,20.28066666666667,0.10938490513430249,19.900555555555556,0.4709525635386495,0.22000000000000242,1.0821446138711384,0.005393555691839641
2023-05-14,RICHARDS_BAY,PARADIP,Thermal Coal,Capesize,17.42,17.38,17.29,17.31,17.04,17.2,17.32428571428571,0.028784916684800453,17.192666666666664,0.10054792418276956,16.877222222222223,0.37179500144047833,0.07000000000000028,0.4043905257076851,0.005848303008032664
2023-05-14,TANJUNG_BARA,DHAMRA,Thermal Coal,Supramax,11.94,11.94,11.93,11.75,11.67,11.65,11.852857142857143,0.07825477316947949,11.701666666666666,0.09702766520990369,11.453444444444443,0.28326809118861834,0.1899999999999995,1.6170212765957406,0.008291781672972827
2023-05-14,HAY_POINT,DHAMRA,Coking Coal,Capesize,19.2,19.15,19.07,19.08,18.9,18.83,19.09,0.03651483716727551,18.962333333333333,0.08508346139122519,18.604444444444443,0.43486046092327435,0.07000000000000028,0.3668763102725382,0.0044869721407997535
2023-05-14,GLADSTONE,PARADIP,Coking Coal,Panamax,22.71,22.62,22.57,22.53,22.29,22.12,22.565714285714286,0.03408672412937556,22.365000000000002,0.1396979500257678,21.941222222222223,0.49381074429989785,0.08999999999999986,0.39946737683089145,0.006246275431512085
2023-05-14,HAY_POINT,PARADIP,Coking Coal,Capesize,19.58,19.53,19.42,19.34,19.16,19.22,19.415714285714284,0.08904252595567927,19.307666666666666,0.08865599278949496,18.889888888888887,0.44600976067429265,0.19000000000000128,0.9824198552223438,0.0045917507444104225
2023-05-15,BALIKPAPAN,KAMARAJAR,Thermal Coal,Supramax,11.45,11.41,11.45,11.39,11.2,11.21,11.40857142857143,0.025448360410862465,11.252999999999998,0.11338521462937723,11.037222222222221,0.23481299170543435,0.019999999999999574,0.17559262510974163,0.010075998811817049
2023-05-15,GLADSTONE,PARADIP,Coking Coal,Panamax,22.68,22.71,22.59,22.53,22.37,22.2,22.59142857142857,0.06039552175108524,22.384666666666664,0.14543000054147742,21.959444444444443,0.4915541990327905,0.17999999999999972,0.7989347536617829,0.0064968579924417355
2023-05-15,RICHARDS_BAY,PARADIP,Thermal Coal,Capesize,17.43,17.42,17.32,17.34,17.03,17.21,17.34,0.04509249752799367,17.2,0.10878640888738506,16.890888888888888,0.36884467192841824,0.08000000000000185,0.46136101499424365,0.006324791214382852
2023-05-15,TANJUNG_BARA,PARADIP,Thermal Coal,Supramax,12.27,12.21,12.16,12.16,11.88,11.89,12.154285714285715,0.039940431835808525,11.958,0.12491100280076588,11.736555555555555,0.25900484187531697,0.05000000000000071,0.41118421052632165,0.010445810570393534
2023-05-15,TANJUNG_BARA,DHAMRA,Thermal Coal,Supramax,11.92,11.94,11.92,11.77,11.68,11.67,11.879999999999999,0.06904105059067232,11.711333333333332,0.10575617152717429,11.464222222222222,0.28312056342344516,0.16999999999999993,1.444350042480883,0.009030241776669974
2023-05-15,HAY_POINT,DHAMRA,Coking Coal,Capesize,19.29,19.2,19.12,19.07,18.95,18.86,19.107142857142858,0.0546852465523877,18.974666666666668,0.09179186852031318,18.619,0.43259616064205,0.129999999999999,0.6816990036706817,0.00483760110956608
2023-05-15,HAY_POINT,PARADIP,Coking Coal,Capesize,19.59,19.58,19.53,19.31,19.22,19.22,19.45,0.10049875621118898,19.319666666666667,0.1000166652781089,18.905666666666665,0.44501495998084456,0.2699999999999996,1.3982392542723956,0.005176935347993007
2023-05-15,HAY_POINT,VISAKHAPATNAM,Coking Coal,Capesize,18.83,18.88,18.88,18.64,18.44,18.37,18.784285714285712,0.09930712341945348,18.509333333333334,0.17322366114821758,18.170222222222225,0.40685689662593166,0.23999999999999844,1.2875536480686611,0.00935871962693871
2023-05-15,MAPUTO,VISAKHAPATNAM,Coking Coal,Panamax,20.61,20.55,20.5,20.39,20.23,20.18,20.48,0.062182527020867004,20.295,0.115601873269529,19.91588888888889,0.46936221236057724,0.16000000000000014,0.7846983815595888,0.005696076534591229
2023-05-15,NEWCASTLE,DHAMRA,Thermal Coal,Panamax,23.34,23.36,23.25,23.0,22.72,22.83,23.16,0.13038404810408283,22.870333333333335,0.18600117414035267,22.464333333333332,0.5194358434933138,0.35999999999999943,1.5652173913043455,0.0081328580318179
2023-05-16,RICHARDS_BAY,PARADIP,Thermal Coal,Capesize,17.46,17.43,17.38,17.31,17.05,17.22,17.352857142857143,0.05648430038917293,17.207333333333334,0.11661706663210843,16.905333333333335,0.36413727501613213,0.120000000000001,0.6932409012131774,0.006777172521334416
2023-05-16,GLADSTONE,PARADIP,Coking Coal,Panamax,22.7,22.68,22.62,22.54,22.4,22.22,22.61285714285714,0.061566843271702386,22.400666666666666,0.15072087317030275,21.97811111111111,0.48658381368508996,0.14000000000000057,0.6211180124223628,0.006728410159086162
2023-05-16,HAY_POINT,PARADIP,Coking Coal,Capesize,19.64,19.59,19.53,19.35,19.25,19.3,19.490000000000002,0.09073771725875092,19.331999999999997,0.10965148551607613,18.922666666666665,0.4415570000234108,0.23999999999999844,1.2403100775193716,0.005672019734951177
2023-05-16,HAY_POINT,DHAMRA,Coking Coal,Capesize,19.37,19.29,19.15,19.04,18.94,18.92,19.138571428571428,0.08474050024027234,18.988999999999997,0.10577627659200962,18.636,0.4285035366235277,0.25,1.3130252100840336,0.005570397419137903
2023-05-16,MAPUTO,VISAKHAPATNAM,Coking Coal,Panamax,20.66,20.61,20.55,20.41,20.21,20.18,20.511428571428574,0.0646602844177806,20.30933333333333,0.12695188698546905,19.93288888888889,0.46644542642223247,0.1999999999999993,0.9799118079372822,0.006250913552987251
2023-05-16,NEWCASTLE,DHAMRA,Thermal Coal,Panamax,23.41,23.34,23.24,23.03,22.77,22.83,23.208571428571428,0.12401996767037468,22.88733333333333,0.2045673876548608,22.484666666666666,0.5174726828810212,0.3099999999999987,1.3460703430308238,0.008938017578348759
2023-05-16,BALIKPAPAN,KAMARAJAR,Thermal Coal,Supramax,11.4,11.45,11.4,11.42,11.24,11.22,11.417142857142858,0.02811540841705958,11.261,0.11859377200603251,11.046222222222221,0.23494000084064978,0.02999999999999936,0.2626970227670697,0.010531371281949429
2023-05-16,TANJUNG_BARA,PARADIP,Thermal Coal,Supramax,12.22,12.27,12.18,12.15,11.94,11.97,12.170000000000002,0.05944184833369516,11.970666666666666,0.1365064943089115,11.748555555555555,0.25841592252362167,0.11999999999999922,0.9876543209876478,0.011403416209811053
2023-05-16,HAY_POINT,VISAKHAPATNAM,Coking Coal,Capesize,18.84,18.83,18.88,18.69,18.52,18.35,18.81142857142857,0.0766873678052161,18.52466666666667,0.18066416421047096,18.185222222222222,0.40600887735293106,0.13999999999999702,0.749063670411969,0.009752626995203025
2023-05-16,TANJUNG_BARA,DHAMRA,Thermal Coal,Supramax,11.99,11.92,11.94,11.82,11.62,11.67,11.901428571428571,0.04980915960894595,11.719666666666665,0.11204935283729883,11.475888888888887,0.279975498303758,0.09999999999999964,0.8460236886632796,0.00956079690866909
2023-05-17,MAPUTO,VISAKHAPATNAM,Coking Coal,Panamax,20.71,20.66,20.55,20.48,20.21,20.21,20.54714285714286,0.06824326235739782,20.325333333333333,0.13969753862837553,19.95066666666667,0.4632828630933391,0.17999999999999972,0.8789062499999987,0.006873074912836634
2023-05-17,HAY_POINT,PARADIP,Coking Coal,Capesize,19.73,19.64,19.58,19.43,19.31,19.32,19.53142857142857,0.0819407451411159,19.343333333333337,0.1229895799717585,18.941444444444446,0.43562317782538684,0.21000000000000085,1.0808028821410234,0.006358241253063509
2023-05-17,BALIKPAPAN,KAMARAJAR,Thermal Coal,Supramax,11.48,11.4,11.41,11.42,11.22,11.26,11.414285714285715,0.02878491668484342,11.267000000000001,0.12097734185118048,11.054888888888888,0.23342224095356331,-0.019999999999999574,-0.17513134851137982,0.010737316220039093
2023-05-17,HAY_POINT,VISAKHAPATNAM,Coking Coal,Capesize,18.87,18.84,18.88,18.74,18.49,18.41,18.83285714285714,0.05498917642362257,18.540999999999997,0.18638761983449664,18.200444444444443,0.4045719366627897,0.10000000000000142,0.5336179295624409,0.01005272745992647
2023-05-17,RICHARDS_BAY,PARADIP,Thermal Coal,Capesize,17.47,17.46,17.42,17.32,17.09,17.26,17.374285714285715,0.06528326555773557,17.215333333333334,0.12541608908864668,16.919222222222224,0.36114433535816737,0.14000000000000057,0.8083140877598186,0.007285138583161137
2023-05-17,TANJUNG_BARA,PARADIP,Thermal Coal,Supramax,12.23,12.22,12.21,12.08,11.94,11.91,12.180000000000001,0.06137317546501339,11.979000000000001,0.14389531635521904,11.760000000000002,0.2561995360011268,0.14000000000000057,1.1589403973509982,0.012012297884232326
2023-05-17,GLADSTONE,PARADIP,Coking Coal,Panamax,22.74,22.7,22.71,22.58,22.43,22.25,22.635714285714283,0.05968169536692349,22.416666666666668,0.15625649411799264,21.99688888888889,0.48138527736981773,0.120000000000001,0.531443755535877,0.006970549923479225
2023-05-17,HAY_POINT,DHAMRA,Coking Coal,Capesize,19.31,19.37,19.2,19.1,18.96,18.98,19.185714285714287,0.10906529280782803,19.004,0.12568707721689223,18.654666666666667,0.4233923990761993,0.2699999999999996,1.4136125654450238,0.006613716965738383
2023-05-17,TANJUNG_BARA,DHAMRA,Thermal Coal,Supramax,11.98,11.99,11.94,11.84,11.62,11.69,11.925714285714283,0.044668088108124906,11.730333333333334,0.12195203504069864,11.489,0.27604367835462446,0.15000000000000036,1.266891891891895,0.010396297494305245
2023-05-17,NEWCASTLE,DHAMRA,Thermal Coal,Panamax,23.46,23.41,23.36,23.09,22.74,22.86,23.262857142857143,0.11571722512437417,22.90666666666667,0.22531714557914456,22.505666666666666,0.5162332240112266,0.3200000000000003,1.3858813339107852,0.009836313107354971
2023-05-18,BALIKPAPAN,KAMARAJAR,Thermal Coal,Supramax,11.49,11.48,11.45,11.37,11.21,11.22,11.422857142857143,0.038172540616581825,11.274333333333333,0.12705370391357712,11.064,0.23383851145224174,0.11000000000000121,0.9674582233949095,0.011269287518574088
2023-05-18,TANJUNG_BARA,DHAMRA,Thermal Coal,Supramax,12.04,11.98,11.92,11.93,11.59,11.7,11.945714285714287,0.028199966227554843,11.740000000000002,0.12988058175583606,11.502555555555556,0.2697254580524407,0.05000000000000071,0.4191114836546581,0.011063081921280752
2023-05-18,HAY_POINT,DHAMRA,Coking Coal,Capesize,19.31,19.31,19.29,19.07,18.96,18.96,19.215714285714284,0.11043205193809051,19.015,0.1374082766167077,18.672666666666665,0.4162966746784173,0.23999999999999844,1.2585212375458754,0.007226309577528673
2023-05-18,MAPUTO,VISAKHAPATNAM,Coking Coal,Panamax,20.77,20.71,20.61,20.48,20.21,20.22,20.580000000000002,0.08406346808635902,20.342,0.15450477059918563,19.96922222222222,0.45982954286278216,0.23000000000000043,1.123046875000002,0.007595357909703355
2023-05-18,GLADSTONE,PARADIP,Coking Coal,Panamax,22.74,22.74,22.68,22.57,22.43,22.27,22.658571428571427,0.06517376042230355,22.433,0.16366808295857144,22.016555555555556,0.4750757742307282,0.16999999999999815,0.7532122286220565,0.007295862477536283
2023-05-18,HAY_POINT,VISAKHAPATNAM,Coking Coal,Capesize,18.88,18.87,18.83,18.78,18.52,18.4,18.851428571428574,0.037606990230848646,18.55633333333333,0.1940046805928566,18.216555555555555,0.4020066551830764,0.08999999999999986,0.4792332268370599,0.010454903838376294
2023-05-18,TANJUNG_BARA,PARADIP,Thermal Coal,Supramax,12.25,12.23,12.27,12.14,11.92,11.9,12.20142857142857,0.044507891221051483,11.989666666666668,0.15032111222849603,11.772111111111112,0.25229505842241795,0.08999999999999986,0.7413509060955507,0.01253755558079146
2023-05-18,RICHARDS_BAY,PARADIP,Thermal Coal,Capesize,17.52,17.47,17.43,17.29,17.17,17.19,17.395714285714288,0.06900655593406055,17.222333333333335,0.1335892658637491,16.933222222222224,0.3577483510048442,0.17999999999999972,1.0410641989589342,0.0077567460388884065
2023-05-18,NEWCASTLE,DHAMRA,Thermal Coal,Panamax,23.53,23.46,23.34,23.15,22.77,22.85,23.315714285714286,0.10783585409584648,22.926666666666666,0.2466511334033844,22.528,0.5135210027104152,0.3100000000000023,1.3390928725702043,0.01075826403329679
2023-05-18,HAY_POINT,PARADIP,Coking Coal,Capesize,19.74,19.73,19.59,19.42,19.29,19.33,19.574285714285715,0.09710083124549904,19.356999999999996,0.1416686274374839,18.961222222222222,0.43048138139222203,0.3099999999999987,1.5962924819773363,0.007318728492921627
2023-05-19,MAPUTO,VISAKHAPATNAM,Coking Coal,Panamax,20.78,20.77,20.66,20.5,20.21,20.21,20.62142857142857,0.09702724212471249,20.360333333333333,0.17125265330599623,19.988777777777777,0.45598597400511753,0.2699999999999996,1.3170731707317052,0.008411092809842483
2023-05-19,GLADSTONE,PARADIP,Coking Coal,Panamax,22.81,22.74,22.7,22.59,22.48,22.26,22.68285714285714,0.057940856544469885,22.448666666666668,0.16990328553858317,22.03677777777778,0.4665335417395432,0.14999999999999858,0.6640106241699804,0.007568524583728053
2023-05-19,TANJUNG_BARA,DHAMRA,Thermal Coal,Supramax,11.98,12.04,11.99,11.92,11.64,11.66,11.96142857142857,0.04413183712033978,11.751333333333331,0.1406569152799994,11.515999999999998,0.26595513687737204,0.11999999999999922,1.0067114093959666,0.011969443065751355
2023-05-19,NEWCASTLE,DHAMRA,Thermal Coal,Panamax,23.52,23.53,23.41,23.25,22.8,22.85,23.37,0.10614455552064964,22.949333333333335,0.26954538141777945,22.55166666666667,0.5100214800499585,0.28000000000000114,1.2043010752688221,0.011745237977186532
2023-05-19,HAY_POINT,VISAKHAPATNAM,Coking Coal,Capesize,18.91,18.88,18.84,18.88,18.54,18.39,18.865714285714287,0.0214919697059436,18.572333333333333,0.20035629183567644,18.233999999999998,0.39624870183745003,0.0,0.0,0.010787890150349613
2023-05-19,TANJUNG_BARA,PARADIP,Thermal Coal,Supramax,12.29,12.25,12.22,12.16,11.96,11.89,12.217142857142859,0.038172540616722865,12.001333333333333,0.156573951533623,11.784555555555556,0.2478499052462772,0.08999999999999986,0.7401315789473673,0.013046379696724503
2023-05-19,HAY_POINT,DHAMRA,Coking Coal,Capesize,19.32,19.31,19.37,19.12,18.97,18.95,19.25,0.09363047936802175,19.026666666666664,0.14709446491697384,18.69044444444444,0.4088210265022518,0.18999999999999773,0.993723849372373,0.007730963467955879
2023-05-19,RICHARDS_BAY,PARADIP,Thermal Coal,Capesize,17.49,17.52,17.46,17.32,17.27,17.17,17.428571428571427,0.06491753009980958,17.233333333333334,0.14401468635194759,16.94811111111111,0.35391198818458675,0.1999999999999993,1.1547344110854463,0.00835675162583835
2023-05-19,BALIKPAPAN,KAMARAJAR,Thermal Coal,Supramax,11.49,11.49,11.4,11.45,11.3,11.27,11.44,0.037416573867489436,11.283333333333333,0.13251761973499146,11.073333333333334,0.23389232133083354,0.040000000000000924,0.34934497816594695,0.011744545323632921
2023-05-19,HAY_POINT,PARADIP,Coking Coal,Capesize,19.77,19.74,19.64,19.53,19.29,19.26,19.62,0.08717797887078696,19.37066666666667,0.15782865727583215,18.980888888888888,0.42508596472155924,0.2099999999999973,1.075268817204287,0.008147817521811268
2023-05-20,TANJUNG_BARA,DHAMRA,Thermal Coal,Supramax,12.05,11.98,11.98,11.94,11.66,11.68,11.969999999999999,0.040414518843238906,11.762,0.14554060933468088,11.528333333333332,0.2613588088553612,0.040000000000000924,0.335008375209388,0.01237379776693427
2023-05-20,HAY_POINT,VISAKHAPATNAM,Coking Coal,Capesize,18.98,18.91,18.87,18.88,18.51,18.43,18.87,0.027080128014274164,18.58966666666667,0.2064391591650261,18.25133333333333,0.3912331412169937,0.030000000000001137,0.1588983050847518,0.011105048996666216
2023-05-20,HAY_POINT,DHAMRA,Coking Coal,Capesize,19.36,19.32,19.31,19.15,18.97,18.96,19.27857142857143,0.07625146368630968,19.039,0.15570418460485946,18.708000000000002,0.40140539624527194,0.1700000000000017,0.8877284595300352,0.008178170313822127
2023-05-20,RICHARDS_BAY,PARADIP,Thermal Coal,Capesize,17.49,17.49,17.47,17.38,17.28,17.13,17.452857142857145,0.04680252333420528,17.244000000000003,0.1508504626077021,16.962333333333333,0.3496098949567617,0.10999999999999943,0.6329113924050601,0.008747997135682096
2023-05-20,NEWCASTLE,DHAMRA,Thermal Coal,Panamax,23.5,23.52,23.46,23.24,22.83,22.85,23.408571428571427,0.10431180365117923,22.971666666666668,0.28814607566218486,22.575444444444443,0.5046395111411058,0.28000000000000114,1.2048192771084387,0.012543542436139513
2023-05-20,BALIKPAPAN,KAMARAJAR,Thermal Coal,Supramax,11.56,11.49,11.48,11.4,11.27,11.28,11.445714285714285,0.04197504927794522,11.290666666666668,0.13773871649970582,11.082333333333333,0.23417102172499482,0.08999999999999986,0.7894736842105251,0.012199343100469927
2023-05-20,TANJUNG_BARA,PARADIP,Thermal Coal,Supramax,12.31,12.29,12.23,12.18,12.01,11.85,12.235714285714286,0.037352886036162075,12.014666666666667,0.16363823289308152,11.797,0.2447445354659656,0.10999999999999943,0.9031198686371055,0.013619872896438923
2023-05-20,HAY_POINT,PARADIP,Coking Coal,Capesize,19.65,19.77,19.73,19.53,19.32,19.35,19.654285714285713,0.09289010404002519,19.387666666666668,0.17230052601309426,19.000444444444444,0.4203768002426934,0.23999999999999844,1.2288786482334788,0.008887120300522373
2023-05-20,GLADSTONE,PARADIP,Coking Coal,Panamax,22.81,22.81,22.74,22.62,22.5,22.29,22.714285714285715,0.05883795341331795,22.467,0.17830910781858156,22.05788888888889,0.4578810366191015,0.18999999999999773,0.8399646330680712,0.007936489420865339
2023-05-20,MAPUTO,VISAKHAPATNAM,Coking Coal,Panamax,20.82,20.78,20.71,20.55,20.29,20.24,20.66142857142857,0.09633769968707165,20.37933333333333,0.18506165483948842,20.008333333333333,0.4516915771839058,0.23000000000000043,1.119221411192216,0.009080849300246415
2023-05-21,GLADSTONE,PARADIP,Coking Coal,Panamax,22.89,22.81,22.74,22.71,22.53,22.35,22.74142857142857,0.05145501965388085,22.484333333333332,0.18563373900639824,22.079,0.44805710410541216,0.09999999999999787,0.4403346543372869,0.008256137117981331
2023-05-21,MAPUTO,VISAKHAPATNAM,Coking Coal,Panamax,20.84,20.82,20.77,20.55,20.33,20.31,20.7,0.09831920802525285,20.398666666666667,0.19971934330937977,20.028222222222222,0.4475189476317139,0.2699999999999996,1.313868613138684,0.00979080380953231
2023-05-21,HAY_POINT,VISAKHAPATNAM,Coking Coal,Capesize,19.06,18.98,18.88,18.88,18.62,18.41,18.884285714285713,0.04995235825437315,18.607999999999997,0.21597253976145975,18.269777777777776,0.38592651619850893,0.10000000000000142,0.52966101694916,0.01160643485390476
2023-05-21,TANJUNG_BARA,DHAMRA,Thermal Coal,Supramax,12.09,12.05,12.04,11.94,11.75,11.66,11.985714285714286,0.047559486560538204,11.774333333333335,0.15379528115563265,11.54133333333333,0.25782234106175334,0.11000000000000121,0.9212730318258058,0.013061909901959004
2023-05-21,HAY_POINT,PARADIP,Coking Coal,Capesize,19.67,19.65,19.74,19.58,19.34,19.38,19.67142857142857,0.07559289460181383,19.39766666666667,0.17862855572265465,19.018555555555558,0.41270432082724406,0.07000000000000028,0.3575076608784489,0.009208765094907702
2023-05-21,NEWCASTLE,DHAMRA,Thermal Coal,Panamax,23.56,23.5,23.53,23.36,22.9,22.87,23.445714285714285,0.07699721701841658,22.993333333333332,0.3027498493217535,22.599,0.4976417419899341,0.14000000000000057,0.5993150684931532,0.013166853406280958
2023-05-21,HAY_POINT,DHAMRA,Coking Coal,Capesize,19.39,19.36,19.31,19.2,19.08,18.97,19.30857142857143,0.05580578567052431,19.052333333333333,0.1655228567055631,18.726555555555557,0.3923142546568798,0.16000000000000014,0.8333333333333341,0.008687799746604778
2023-05-21,TANJUNG_BARA,PARADIP,Thermal Coal,Supramax,12.34,12.31,12.25,12.21,12.05,11.82,12.254285714285714,0.037352886036160896,12.03,0.16913573410644642,11.809777777777777,0.2411068939953539,0.09999999999999964,0.819000819000816,0.014059495769446918
2023-05-21,BALIKPAPAN,KAMARAJAR,Thermal Coal,Supramax,11.59,11.56,11.49,11.41,11.27,11.29,11.468571428571428,0.054598098693389475,11.3,0.14621665549733154,11.092555555555554,0.2347246108662546,0.15000000000000036,1.3146362839614405,0.012939527035162083
2023-05-21,RICHARDS_BAY,PARADIP,Thermal Coal,Capesize,17.57,17.49,17.52,17.42,17.31,17.15,17.468571428571426,0.035321651257985996,17.256000000000004,0.15570972108822023,16.97688888888889,0.34389587019629875,0.06999999999999673,0.4018369690011293,0.00902351188503826
2023-05-22,HAY_POINT,PARADIP,Coking Coal,Capesize,19.78,19.67,19.77,19.59,19.31,19.32,19.684285714285714,0.06425396041153017,19.407333333333334,0.1853595449917855,19.03655555555556,0.40524693848143806,0.08000000000000185,0.40837161817254647,0.009551005375551449
2023-05-22,HAY_POINT,VISAKHAPATNAM,Coking Coal,Capesize,19.08,19.06,18.91,18.83,18.64,18.38,18.91,0.08286535263063705,18.629666666666665,0.2277094842016522,18.289444444444445,0.38049748957848595,0.23000000000000043,1.221455124800852,0.012222950000983319
2023-05-22,BALIKPAPAN,KAMARAJAR,Thermal Coal,Supramax,11.64,11.59,11.49,11.45,11.39,11.27,11.494285714285715,0.06399404734206413,11.31,0.15547480115150847,11.102666666666666,0.2363476776257777,0.14000000000000057,1.222707423580791,0.01374666676847997
2023-05-22,NEWCASTLE,DHAMRA,Thermal Coal,Panamax,23.6,23.56,23.52,23.34,23.0,22.86,23.474285714285713,0.07699721701841625,23.016333333333332,0.3188393102286829,22.622666666666667,0.4920395526259079,0.21999999999999886,0.9425878320479815,0.01385274125166257
2023-05-22,HAY_POINT,DHAMRA,Coking Coal,Capesize,19.4,19.39,19.32,19.29,19.07,18.94,19.335714285714285,0.03735288603651406,19.066333333333333,0.17576401368244873,18.745444444444445,0.38265236698280664,0.10000000000000142,0.5184033177812412,0.0092185534895251
2023-05-22,MAPUTO,VISAKHAPATNAM,Coking Coal,Panamax,20.95,20.84,20.78,20.61,20.39,20.34,20.74142857142857,0.08474050024044694,20.416333333333334,0.21449995311196068,20.048444444444442,0.4425409550300518,0.23000000000000043,1.1159631246967512,0.01050629168371536
2023-05-22,GLADSTONE,PARADIP,Coking Coal,Panamax,23.0,22.89,22.81,22.68,22.53,22.3,22.767142857142858,0.07341986237005324,22.502333333333333,0.19793212583309017,22.100333333333335,0.440302373120204,0.21000000000000085,0.9259259259259297,0.008796071185199617
2023-05-22,TANJUNG_BARA,DHAMRA,Thermal Coal,Supramax,12.11,12.09,11.98,11.92,11.77,11.71,12.007142857142856,0.05648430038934255,11.788666666666666,0.16255998008867306,11.553666666666668,0.2572169547245169,0.16999999999999993,1.4261744966442946,0.013789513664706758
2023-05-22,RICHARDS_BAY,PARADIP,Thermal Coal,Capesize,17.67,17.57,17.49,17.43,17.34,17.24,17.49,0.04509249752790431,17.27,0.16448456588320046,16.99233333333333,0.3388813388160295,0.14000000000000057,0.8032128514056257,0.009524294492368295
2023-05-22,TANJUNG_BARA,PARADIP,Thermal Coal,Supramax,12.34,12.34,12.29,12.27,12.16,11.83,12.272857142857145,0.04347960660434328,12.047333333333334,0.1734623746012405,11.82288888888889,0.23743121745302462,0.07000000000000028,0.5704971475142648,0.014398404178067663
2023-05-23,HAY_POINT,PARADIP,Coking Coal,Capesize,19.83,19.78,19.65,19.64,19.35,19.31,19.71142857142857,0.05756983337026977,19.422666666666665,0.19657293694771855,19.055777777777777,0.3989057442041489,0.14000000000000057,0.7128309572301454,0.010120800625440305
2023-05-23,HAY_POINT,DHAMRA,Coking Coal,Capesize,19.49,19.4,19.36,19.37,19.04,18.95,19.351428571428574,0.038047589248699124,19.081666666666667,0.18422406397412877,18.763666666666666,0.37415207507227594,0.029999999999997584,0.15487867836859878,0.009654505929293148
2023-05-23,NEWCASTLE,DHAMRA,Thermal Coal,Panamax,23.6,23.6,23.5,23.41,23.03,22.79,23.51142857142857,0.062830080754594,23.041,0.33456456518262223,22.646222222222224,0.48744594117504814,0.19000000000000128,0.8116189662537432,0.014520401249191538
2023-05-23,MAPUTO,VISAKHAPATNAM,Coking Coal,Panamax,20.93,20.95,20.82,20.66,20.41,20.29,20.79,0.0938083151967438,20.436666666666667,0.23495169471734087,20.070333333333334,0.43779439533219155,0.28999999999999915,1.403678606001932,0.011496576156451192
2023-05-23,RICHARDS_BAY,PARADIP,Thermal Coal,Capesize,17.65,17.67,17.49,17.46,17.31,17.2,17.524285714285714,0.07390470053977698,17.284333333333333,0.17980225408682818,17.008333333333333,0.3364696089586702,0.21000000000000085,1.2027491408934756,0.010402614357134294
2023-05-23,GLADSTONE,PARADIP,Coking Coal,Panamax,23.04,23.0,22.81,22.7,22.54,22.27,22.812857142857144,0.10355582805312928,22.525666666666666,0.21387529936433966,22.12277777777778,0.43399121768616084,0.3000000000000007,1.3215859030837036,0.00949473782637612
2023-05-23,TANJUNG_BARA,PARADIP,Thermal Coal,Supramax,12.35,12.34,12.31,12.22,12.15,11.77,12.282857142857141,0.0502375310281242,12.064333333333334,0.17639460726242864,11.83488888888889,0.23595012063086535,0.11999999999999922,0.9819967266775713,0.014621164915516424
2023-05-23,HAY_POINT,VISAKHAPATNAM,Coking Coal,Capesize,19.13,19.08,18.98,18.84,18.69,18.34,18.945714285714285,0.09554355775509826,18.653000000000002,0.23692207361387146,18.309111111111115,0.37500754882123155,0.23999999999999844,1.273885350318463,0.012701553295119896
2023-05-23,TANJUNG_BARA,DHAMRA,Thermal Coal,Supramax,12.18,12.11,12.05,11.99,11.82,11.68,12.034285714285714,0.05318431562565044,11.802,0.1720144340374795,11.566888888888888,0.25485243337371893,0.11999999999999922,1.0008340283569577,0.014575024066893707
2023-05-23,BALIKPAPAN,KAMARAJAR,Thermal Coal,Supramax,11.71,11.64,11.56,11.4,11.42,11.26,11.521428571428572,0.08029706749065506,11.322333333333335,0.16647839941344325,11.113444444444443,0.23850263754276124,0.2400000000000002,2.1052631578947385,0.01470354162099478
2023-05-24,HAY_POINT,VISAKHAPATNAM,Coking Coal,Capesize,19.14,19.13,19.06,18.87,18.74,18.33,18.987142857142857,0.10451702982642011,18.679333333333332,0.24470859987044485,18.328666666666667,0.37135706189021106,0.259999999999998,1.3778484366719554,0.013100499654008613
2023-05-24,MAPUTO,VISAKHAPATNAM,Coking Coal,Panamax,20.93,20.93,20.84,20.71,20.48,20.32,20.82857142857143,0.08668497975047204,20.458000000000002,0.24976402656406102,20.091333333333335,0.4331208928984824,0.21999999999999886,1.0622887493964213,0.012208623842216297
2023-05-24,TANJUNG_BARA,DHAMRA,Thermal Coal,Supramax,12.17,12.18,12.09,11.98,11.84,11.69,12.061428571428573,0.07197883286737758,11.818666666666667,0.1836175435486588,11.580222222222222,0.25519315345056093,0.1999999999999993,1.669449081802999,0.015536231685637872
2023-05-24,TANJUNG_BARA,PARADIP,Thermal Coal,Supramax,12.31,12.35,12.34,12.23,12.08,11.82,12.301428571428572,0.04705619740563269,12.083666666666668,0.17480004997501086,11.845999999999998,0.23640471867379906,0.11999999999999922,0.9811937857726837,0.014465811975532606
2023-05-24,HAY_POINT,PARADIP,Coking Coal,Capesize,19.74,19.83,19.67,19.73,19.43,19.32,19.73857142857143,0.06283008075447458,19.44,0.20883915605908385,19.074444444444445,0.3953354744117391,0.09999999999999787,0.5068423720222903,0.010742754941310897
2023-05-24,GLADSTONE,PARADIP,Coking Coal,Panamax,23.07,23.04,22.89,22.74,22.58,22.26,22.861428571428572,0.1201982489372328,22.551333333333336,0.22787978278540666,22.144333333333332,0.43078723338724995,0.3000000000000007,1.3192612137203197,0.010104936121385579
2023-05-24,RICHARDS_BAY,PARADIP,Thermal Coal,Capesize,17.68,17.65,17.57,17.47,17.32,17.13,17.55142857142857,0.08091735937107183,17.299333333333333,0.19094923198429922,17.02388888888889,0.33336451165046976,0.17999999999999972,1.0303377218088134,0.011037953215015947
2023-05-24,NEWCASTLE,DHAMRA,Thermal Coal,Panamax,23.66,23.6,23.56,23.46,23.09,22.79,23.53857142857143,0.05177791402675699,23.067999999999998,0.3460954622145332,22.66911111111111,0.4832652153988221,0.14000000000000057,0.5967604433077602,0.015003271294196862
2023-05-24,HAY_POINT,DHAMRA,Coking Coal,Capesize,19.5,19.49,19.39,19.31,19.1,18.89,19.368571428571425,0.06517376042271662,19.099666666666668,0.1968630424210763,18.781555555555556,0.3698919098449975,0.17999999999999972,0.9321595028482637,0.010307145452158483
2023-05-24,BALIKPAPAN,KAMARAJAR,Thermal Coal,Supramax,11.66,11.71,11.59,11.48,11.42,11.22,11.565714285714284,0.0873416935292103,11.337333333333333,0.18036234283419908,11.124444444444444,0.2429412982738597,0.23000000000000043,2.003484320557495,0.01590870952906613
2023-05-25,TANJUNG_BARA,DHAMRA,Thermal Coal,Supramax,12.09,12.17,12.11,12.04,11.93,11.69,12.088571428571429,0.07197883286737847,11.834666666666665,0.19270727011199154,11.592555555555558,0.25658763801092727,0.13000000000000078,1.0797342192691095,0.016283286681387298
2023-05-25,GLADSTONE,PARADIP,Coking Coal,Panamax,23.04,23.07,23.0,22.74,22.57,22.25,22.90857142857143,0.12902565267254093,22.578333333333333,0.23984310005439752,22.16577777777778,0.42826007476235595,0.33000000000000185,1.4511873350923565,0.01062271056563361
2023-05-25,TANJUNG_BARA,PARADIP,Thermal Coal,Supramax,12.3,12.31,12.34,12.25,12.14,11.84,12.312857142857142,0.03498298906328096,12.1,0.1721867470569986,11.857111111111113,0.23442132646609729,0.0600000000000005,0.489795918367351,0.014230309674132116
2023-05-25,HAY_POINT,DHAMRA,Coking Coal,Capesize,19.53,19.5,19.4,19.31,19.07,18.86,19.395714285714284,0.07546680127881818,19.12,0.20576183084941135,18.799555555555557,0.36491005852329716,0.19000000000000128,0.9839461418953976,0.010761602031872979
2023-05-25,HAY_POINT,VISAKHAPATNAM,Coking Coal,Capesize,19.17,19.14,19.08,18.88,18.78,18.37,19.025714285714287,0.10390013520281179,18.706333333333337,0.24947508110416958,18.34733333333333,0.36942043889605936,0.26000000000000156,1.377118644067805,0.013336396644853055
2023-05-25,MAPUTO,VISAKHAPATNAM,Coking Coal,Panamax,20.99,20.93,20.95,20.77,20.48,20.24,20.860000000000003,0.07571877794437426,20.478333333333335,0.2626402198016269,20.111444444444448,0.4295190964116529,0.16000000000000014,0.7703418391911417,0.01282527320590674
2023-05-25,NEWCASTLE,DHAMRA,Thermal Coal,Panamax,23.57,23.66,23.6,23.53,23.15,22.77,23.56714285714286,0.05618845839808153,23.096999999999998,0.35823465628759366,22.692444444444448,0.4797970336591322,0.129999999999999,0.5524861878452996,0.015510008065445455
2023-05-25,RICHARDS_BAY,PARADIP,Thermal Coal,Capesize,17.67,17.68,17.67,17.52,17.29,17.16,17.58142857142857,0.08454359258740875,17.317666666666664,0.20030465302378675,17.04022222222222,0.32902299287085346,0.16000000000000014,0.9132420091324209,0.011566492003760328
2023-05-25,BALIKPAPAN,KAMARAJAR,Thermal Coal,Supramax,11.73,11.66,11.64,11.49,11.37,11.16,11.59142857142857,0.08434622525201907,11.352,0.1882111799969903,11.135333333333334,0.24475256939349216,0.16999999999999993,1.4795474325500428,0.016579561310517115
2023-05-25,HAY_POINT,PARADIP,Coking Coal,Capesize,19.75,19.74,19.78,19.74,19.42,19.28,19.740000000000002,0.0627162924073807,19.454,0.2145179037621455,19.09111111111111,0.39136018768442093,0.0,0.0,0.011026930387691246
2023-05-26,HAY_POINT,VISAKHAPATNAM,Coking Coal,Capesize,19.21,19.17,19.13,18.91,18.88,18.38,19.06714285714286,0.09340133577059143,18.733,0.254980053310419,18.365888888888886,0.3683211057675186,0.26000000000000156,1.3749338974087868,0.013611277067763786
2023-05-26,NEWCASTLE,DHAMRA,Thermal Coal,Panamax,23.63,23.57,23.6,23.52,23.25,22.7,23.572857142857142,0.05376314900083809,23.12366666666667,0.3628002521891047,22.714555555555556,0.47377081908209573,0.05000000000000071,0.21258503401360845,0.015689564177643597
2023-05-26,HAY_POINT,PARADIP,Coking Coal,Capesize,19.75,19.75,19.83,19.77,19.53,19.28,19.74142857142857,0.0628300807544745,19.46966666666667,0.21849774453718915,19.107555555555557,0.38754575260485513,-0.019999999999999574,-0.10116337885685166,0.011222469715481645
2023-05-26,GLADSTONE,PARADIP,Coking Coal,Panamax,23.04,23.04,23.04,22.81,22.59,22.23,22.951428571428572,0.112461633669325,22.604666666666667,0.24584454484472668,22.18611111111111,0.42580708414593943,0.23000000000000043,1.0083296799649297,0.010875831458610022
2023-05-26,BALIKPAPAN,KAMARAJAR,Thermal Coal,Supramax,11.76,11.73,11.71,11.49,11.45,11.16,11.625714285714285,0.08502100580767921,11.371,0.1967380544504872,11.146777777777778,0.24822438099599706,0.2400000000000002,2.088772845953004,0.017301737265894575
2023-05-26,TANJUNG_BARA,PARADIP,Thermal Coal,Supramax,12.31,12.3,12.35,12.29,12.16,11.94,12.319999999999999,0.02309401076741299,12.115333333333332,0.16868115879770054,11.867444444444443,0.23320223711567944,0.010000000000001563,0.08136696501221777,0.013922948230702187
2023-05-26,RICHARDS_BAY,PARADIP,Thermal Coal,Capesize,17.64,17.67,17.65,17.49,17.32,17.12,17.602857142857143,0.08538428538344688,17.334666666666667,0.20795777643935334,17.055,0.32708192287201293,0.18000000000000327,1.0291595197255763,0.01199664120679294
2023-05-26,MAPUTO,VISAKHAPATNAM,Coking Coal,Panamax,21.06,20.99,20.93,20.78,20.5,20.22,20.891428571428573,0.07776643908317588,20.503333333333334,0.2745947902829735,20.131666666666664,0.42753605538211226,0.2099999999999973,1.010587102983625,0.013392690145487246
2023-05-26,HAY_POINT,DHAMRA,Coking Coal,Capesize,19.55,19.53,19.49,19.32,19.12,18.84,19.427142857142858,0.07952238379115548,19.142333333333333,0.212808531935136,18.817444444444444,0.36074691901043443,0.21000000000000085,1.0869565217391348,0.0111171678096611
2023-05-26,TANJUNG_BARA,DHAMRA,Thermal Coal,Supramax,12.13,12.09,12.18,11.98,11.92,11.65,12.095714285714285,0.06876460883746126,11.848,0.1961596816107945,11.603555555555555,0.2564551392581884,0.10999999999999943,0.9181969949916481,0.016556353950944843
2023-05-27,TANJUNG_BARA,DHAMRA,Thermal Coal,Supramax,12.03,12.13,12.17,12.05,11.94,11.6,12.117142857142857,0.046445052020000516,11.864,0.19900788409263503,11.61411111111111,0.2583695395674217,0.08000000000000007,0.66390041493776,0.016774096771125676
2023-05-27,HAY_POINT,VISAKHAPATNAM,Coking Coal,Capesize,19.16,19.21,19.14,18.98,18.88,18.36,19.109999999999996,0.07659416861997101,18.76066666666667,0.26033047079234684,18.384444444444444,0.36831261486970496,0.23000000000000043,1.2118018967334059,0.013876397647152561
2023-05-27,NEWCASTLE,DHAMRA,Thermal Coal,Panamax,23.64,23.63,23.66,23.5,23.24,22.66,23.58857142857143,0.05177791402675951,23.154666666666667,0.36507659407335463,22.735888888888887,0.47124958067978473,0.129999999999999,0.5531914893616979,0.015766868913682827
2023-05-27,GLADSTONE,PARADIP,Coking Coal,Panamax,23.08,23.04,23.07,22.81,22.62,22.24,22.98428571428571,0.0967569365051313,22.631666666666668,0.24774964189176393,22.205555555555556,0.4243808738531791,0.23000000000000043,1.0083296799649297,0.010947034769501315
2023-05-27,RICHARDS_BAY,PARADIP,Thermal Coal,Capesize,17.58,17.64,17.68,17.49,17.38,17.06,17.624285714285715,0.06972736021010222,17.352,0.21109566388331014,17.069,0.3248233746501186,0.15000000000000213,0.8576329331046436,0.012165494691292654
2023-05-27,HAY_POINT,PARADIP,Coking Coal,Capesize,19.72,19.75,19.74,19.65,19.53,19.22,19.738571428571426,0.06175990377486416,19.485333333333337,0.2212617942827418,19.122888888888887,0.38532998974744775,0.10000000000000142,0.50890585241731,0.011355299419190935
2023-05-27,HAY_POINT,DHAMRA,Coking Coal,Capesize,19.52,19.55,19.5,19.36,19.15,18.83,19.46,0.07527726527102795,19.165999999999997,0.21745550476303252,18.834,0.3597839551481035,0.19000000000000128,0.9814049586776926,0.01134589923630557
2023-05-27,TANJUNG_BARA,PARADIP,Thermal Coal,Supramax,12.31,12.31,12.31,12.31,12.18,11.89,12.322857142857144,0.019760470400985105,12.127666666666666,0.16894568262658433,11.877444444444444,0.23266198228868254,0.0,0.0,0.013930600771782233
2023-05-27,BALIKPAPAN,KAMARAJAR,Thermal Coal,Supramax,11.72,11.76,11.66,11.56,11.4,11.07,11.664285714285715,0.07367883976114674,11.390999999999998,0.2048775917132085,11.158555555555555,0.25190760349604957,0.1999999999999993,1.7301038062283676,0.01798591798026587
2023-05-27,MAPUTO,VISAKHAPATNAM,Coking Coal,Panamax,20.96,21.06,20.93,20.82,20.55,20.2,20.931428571428572,0.08275034167712018,20.531333333333333,0.28724293855045724,20.152,0.427688325034479,0.23999999999999844,1.1527377521613758,0.01399046685799545
2023-05-28,RICHARDS_BAY,PARADIP,Thermal Coal,Capesize,17.54,17.58,17.67,17.57,17.42,17.07,17.63714285714286,0.044614753058153996,17.369333333333334,0.20761259235830914,17.082222222222224,0.32107186278720823,0.00999999999999801,0.056915196357416105,0.011952824462173321
2023-05-28,HAY_POINT,PARADIP,Coking Coal,Capesize,19.68,19.72,19.75,19.67,19.58,19.19,19.74857142857143,0.04947341758574676,19.502000000000002,0.21940986681367733,19.137222222222224,0.3832534520254258,0.04999999999999716,0.25419420437212586,0.011250634130534166
2023-05-28,HAY_POINT,DHAMRA,Coking Coal,Capesize,19.48,19.52,19.53,19.39,19.2,18.9,19.482857142857142,0.06317021600797258,19.189000000000004,0.21718179259437223,18.85,0.3578901972091676,0.129999999999999,0.6704486848891129,0.011318035989075626
2023-05-28,TANJUNG_BARA,PARADIP,Thermal Coal,Supramax,12.28,12.31,12.3,12.34,12.21,11.88,12.322857142857144,0.019760470400985105,12.141666666666667,0.1659472981013189,11.887333333333332,0.23191338948995924,-0.02999999999999936,-0.24311183144245835,0.013667588038543765
2023-05-28,HAY_POINT,VISAKHAPATNAM,Coking Coal,Capesize,19.13,19.16,19.17,19.06,18.88,18.43,19.13571428571429,0.05191568255502298,18.787333333333333,0.25884269398586623,18.401555555555557,0.36817164753337595,0.10000000000000142,0.524658971668423,0.013777511123764215
2023-05-28,GLADSTONE,PARADIP,Coking Coal,Panamax,23.04,23.08,23.04,22.89,22.71,22.28,23.022857142857138,0.06395683067841973,22.659666666666666,0.24941978647469745,22.225555555555555,0.42268300633595046,0.18999999999999773,0.8300567933595357,0.011007213395667667
2023-05-28,NEWCASTLE,DHAMRA,Thermal Coal,Panamax,23.59,23.64,23.57,23.56,23.36,22.64,23.60857142857143,0.03670993118529697,23.187333333333335,0.36312753847012497,22.756999999999998,0.4686855873346938,0.08000000000000185,0.3395585738539977,0.015660599399246352
2023-05-28,BALIKPAPAN,KAMARAJAR,Thermal Coal,Supramax,11.74,11.72,11.73,11.59,11.41,11.05,11.687142857142858,0.059361683970272076,11.412666666666667,0.2041286499909399,11.169555555555556,0.25458453094355915,0.13000000000000078,1.1216566005176944,0.0178861484307734
2023-05-28,TANJUNG_BARA,DHAMRA,Thermal Coal,Supramax,12.09,12.03,12.09,12.09,11.94,11.59,12.114285714285716,0.0515936504029566,11.878333333333332,0.194778093601718,11.623666666666669,0.25766213396791693,-0.0600000000000005,-0.4962779156327585,0.01639776289617382
2023-05-28,MAPUTO,VISAKHAPATNAM,Coking Coal,Panamax,20.9,20.96,20.99,20.84,20.55,20.22,20.951428571428572,0.06669047194076226,20.55666666666667,0.29050886784885893,20.170444444444446,0.42632453511200136,0.120000000000001,0.5758157389635364,0.014132099944001568
2023-05-29,TANJUNG_BARA,DHAMRA,Thermal Coal,Supramax,12.07,12.09,12.13,12.11,11.92,11.61,12.114285714285714,0.0515936504029566,11.895000000000001,0.19060249301837795,11.633777777777777,0.257911132581777,-0.019999999999999574,-0.16515276630883216,0.016023748887631604
2023-05-29,BALIKPAPAN,KAMARAJAR,Thermal Coal,Supramax,11.78,11.74,11.76,11.64,11.45,11.05,11.70857142857143,0.04336994790092488,11.435666666666666,0.20070021104284083,11.180222222222223,0.2581654280973069,0.09999999999999964,0.8591065292096189,0.017550372609919915
2023-05-29,RICHARDS_BAY,PARADIP,Thermal Coal,Capesize,17.56,17.54,17.64,17.67,17.43,17.07,17.63285714285714,0.052824958025921145,17.385,0.20190045345030386,17.095222222222223,0.31554920119851104,-0.13000000000000256,-0.7357102433503256,0.011613485962053716
2023-05-29,NEWCASTLE,DHAMRA,Thermal Coal,Panamax,23.52,23.59,23.63,23.6,23.34,22.66,23.612857142857145,0.03147183169893967,23.219,0.3550847397646956,22.77777777777778,0.4636198020457326,-0.010000000000001563,-0.04237288135593883,0.01529285239522355
2023-05-29,HAY_POINT,PARADIP,Coking Coal,Capesize,19.71,19.68,19.75,19.78,19.59,19.18,19.75,0.046904157598177725,19.51833333333333,0.2135429107057109,19.151222222222223,0.37975695295921374,-0.10000000000000142,-0.5055611729019283,0.010940632433048122
2023-05-29,TANJUNG_BARA,PARADIP,Thermal Coal,Supramax,12.27,12.28,12.31,12.34,12.27,11.87,12.314285714285713,0.023704530408697827,12.155000000000001,0.16016693877284283,11.896444444444443,0.23104214855085162,-0.0600000000000005,-0.4862236628849311,0.013177041445729561
2023-05-29,MAPUTO,VISAKHAPATNAM,Coking Coal,Panamax,20.81,20.9,21.06,20.95,20.61,20.22,20.96,0.05228129047179824,20.579333333333334,0.2898624326901168,20.187777777777775,0.42388724857046217,-0.05000000000000071,-0.2386634844868769,0.014085122583665658
2023-05-29,HAY_POINT,DHAMRA,Coking Coal,Capesize,19.39,19.48,19.55,19.4,19.29,18.95,19.495714285714286,0.04859943170369688,19.208333333333332,0.21638221823393675,18.865444444444442,0.35470247418575734,0.08000000000000185,0.4123711340206281,0.011265017869011892
2023-05-29,HAY_POINT,VISAKHAPATNAM,Coking Coal,Capesize,19.1,19.13,19.21,19.08,18.83,18.4,19.145714285714288,0.040355562547019205,18.810666666666666,0.2570647755927477,18.417777777777776,0.36774068103677077,0.05000000000000071,0.26205450733752994,0.013665904571488573
2023-05-29,GLADSTONE,PARADIP,Coking Coal,Panamax,22.88,23.04,23.04,23.0,22.68,22.3,23.044285714285714,0.025727509826176206,22.685000000000002,0.24812052132678308,22.244888888888887,0.41965540824933106,0.03999999999999915,0.17391304347825717,0.010937646961727268
2023-05-30,HAY_POINT,VISAKHAPATNAM,Coking Coal,Capesize,19.06,19.1,19.16,19.13,18.84,18.4,19.148571428571433,0.035321651257177615,18.834,0.2501806244047699,18.43277777777778,0.3677292231018577,-0.029999999999997584,-0.15682174594875894,0.013283456748686945
2023-05-30,MAPUTO,VISAKHAPATNAM,Coking Coal,Panamax,20.79,20.81,20.96,20.93,20.66,20.2,20.939999999999998,0.07745966692454742,20.599,0.2846092299857442,20.204,0.4193783521442232,-0.120000000000001,-0.5733397037744912,0.01381665274944144
2023-05-30,TANJUNG_BARA,DHAMRA,Thermal Coal,Supramax,12.03,12.07,12.03,12.18,11.99,11.67,12.108571428571429,0.05429197958830371,11.910333333333334,0.18531396161058508,11.643555555555555,0.25757866088211717,-0.10999999999999943,-0.9031198686371055,0.015559091120644684
2023-05-30,TANJUNG_BARA,PARADIP,Thermal Coal,Supramax,12.22,12.27,12.31,12.35,12.22,11.89,12.304285714285715,0.025727509826973062,12.168333333333333,0.15206811843275908,11.905333333333333,0.2298372653407808,-0.08000000000000007,-0.6477732793522273,0.012497037537276462
2023-05-30,BALIKPAPAN,KAMARAJAR,Thermal Coal,Supramax,11.73,11.78,11.72,11.71,11.4,11.03,11.728571428571428,0.038483144114386414,11.46,0.19653901955309966,11.191333333333334,0.2622341350263732,0.06999999999999851,0.5977796754910205,0.017150001706204156
2023-05-30,GLADSTONE,PARADIP,Coking Coal,Panamax,22.85,22.88,23.08,23.04,22.7,22.29,23.027142857142856,0.0670110154409558,22.704333333333334,0.23953523005355187,22.262,0.41369858212705607,-0.16000000000000014,-0.6944444444444451,0.010550198789667987
2023-05-30,RICHARDS_BAY,PARADIP,Thermal Coal,Capesize,17.56,17.56,17.58,17.65,17.46,17.04,17.617142857142856,0.05618845839768029,17.401333333333334,0.19524932484022683,17.107555555555557,0.31171620307727543,-0.08999999999999986,-0.5099150141643052,0.011220365767387183
2023-05-30,HAY_POINT,DHAMRA,Coking Coal,Capesize,19.32,19.39,19.52,19.49,19.37,18.9,19.494285714285716,0.05191568255600187,19.223000000000003,0.2131560865689807,18.879222222222225,0.35065982035724214,-0.09999999999999787,-0.5130836326321081,0.011088596294489968
2023-05-30,NEWCASTLE,DHAMRA,Thermal Coal,Panamax,23.47,23.52,23.64,23.6,23.41,22.65,23.601428571428567,0.04740906081783557,23.247666666666667,0.34290526824251794,22.797444444444444,0.45702644456988456,-0.08000000000000185,-0.33898305084746544,0.014750093984020673
2023-05-30,HAY_POINT,PARADIP,Coking Coal,Capesize,19.64,19.71,19.72,19.83,19.64,19.16,19.740000000000002,0.04690415759817854,19.536,0.20639099151691245,19.16522222222222,0.3768295527956807,-0.11999999999999744,-0.6051437216338752,0.010564649442921398
2023-05-31,RICHARDS_BAY,PARADIP,Thermal Coal,Capesize,17.54,17.56,17.54,17.68,17.47,17.03,17.604285714285716,0.05769377287487049,17.418666666666663,0.18487149932955346,17.119444444444444,0.30828398228390497,-0.120000000000001,-0.6787330316742138,0.010613412775349444
2023-05-31,NEWCASTLE,DHAMRA,Thermal Coal,Panamax,23.4,23.47,23.59,23.66,23.46,22.72,23.58285714285714,0.06872997543881251,23.275,0.3258807693958562,22.81577777777778,0.45042296670886034,-0.19000000000000128,-0.8030431107354238,0.01400132199337728
2023-05-31,BALIKPAPAN,KAMARAJAR,Thermal Coal,Supramax,11.69,11.73,11.74,11.66,11.48,11.2,11.731428571428571,0.037606990231364296,11.483333333333333,0.18493863536473873,11.201777777777778,0.2647771069306277,0.07000000000000028,0.6003430531732442,0.01610496098967246
2023-05-31,TANJUNG_BARA,DHAMRA,Thermal Coal,Supramax,11.99,12.03,12.09,12.17,11.98,11.68,12.087142857142856,0.05089672082240642,11.922333333333333,0.18081583950551822,11.653333333333332,0.25532530473095905,-0.14000000000000057,-1.1503697617091255,0.015166145288018415
2023-05-31,HAY_POINT,DHAMRA,Coking Coal,Capesize,19.25,19.32,19.48,19.5,19.31,18.95,19.47,0.0840634680862292,19.237000000000002,0.20484056036937065,18.891666666666666,0.3461286699765922,-0.17999999999999972,-0.9230769230769216,0.010648259103257817
2023-05-31,MAPUTO,VISAKHAPATNAM,Coking Coal,Panamax,20.75,20.79,20.9,20.93,20.71,20.23,20.919999999999998,0.09626352718827162,20.618666666666666,0.276352265618754,20.220111111111112,0.41362604411418724,-0.14000000000000057,-0.6688963210702369,0.013403013399771437
2023-05-31,TANJUNG_BARA,PARADIP,Thermal Coal,Supramax,12.24,12.22,12.28,12.31,12.23,11.88,12.285714285714286,0.033094381626350367,12.179333333333334,0.14289936978538065,11.913111111111109,0.22849111528197158,-0.08999999999999986,-0.7311129163281873,0.011732938566865782
2023-05-31,HAY_POINT,VISAKHAPATNAM,Coking Coal,Capesize,18.99,19.06,19.13,19.14,18.87,18.44,19.138571428571428,0.048795003646561266,18.855999999999998,0.2394908392171592,18.446666666666665,0.3675488196572807,-0.08000000000000185,-0.4179728317659449,0.01270104153676067
2023-05-31,HAY_POINT,PARADIP,Coking Coal,Capesize,19.67,19.64,19.68,19.74,19.73,19.22,19.712857142857143,0.04070801956787008,19.552000000000003,0.19450024377262456,19.17822222222222,0.3727353423753893,-0.09999999999999787,-0.506585612968581,0.00994784389180772
2023-05-31,GLADSTONE,PARADIP,Coking Coal,Panamax,22.74,22.85,23.04,23.07,22.74,22.37,23.0,0.09398581453222596,22.723000000000003,0.22765900089757424,22.278222222222222,0.40770273864193496,-0.21999999999999886,-0.9536194191590762,0.01001887958885597
2023-06-01,NEWCASTLE,DHAMRA,Thermal Coal,Panamax,23.69,23.4,23.52,23.57,23.53,22.77,23.545714285714286,0.08772250620706439,23.297666666666668,0.309166658921157,22.832666666666668,0.44338280819933207,-0.1700000000000017,-0.7212558336868974,0.01327028424539612
2023-06-01,TANJUNG_BARA,DHAMRA,Thermal Coal,Supramax,12.1,11.99,12.07,12.09,12.04,11.62,12.06142857142857,0.04740906081770518,11.932666666666666,0.1752620369880164,11.662222222222221,0.2529279231956942,-0.09999999999999964,-0.8271298593879209,0.014687583411476876
2023-06-01,HAY_POINT,DHAMRA,Coking Coal,Capesize,19.46,19.25,19.39,19.53,19.31,18.94,19.434285714285714,0.11616900660355342,19.247,0.1975391711482951,18.90222222222222,0.3423474080743423,-0.28000000000000114,-1.4336917562724072,0.010263374611539207
2023-06-01,HAY_POINT,VISAKHAPATNAM,Coking Coal,Capesize,19.19,18.99,19.1,19.17,18.88,18.52,19.117142857142856,0.07432233529516576,18.874333333333333,0.2272881102421429,18.45922222222222,0.36658223406499724,-0.18000000000000327,-0.9389671361502517,0.012042179515858021
2023-06-01,MAPUTO,VISAKHAPATNAM,Coking Coal,Panamax,21.0,20.75,20.81,20.99,20.77,20.21,20.89428571428571,0.11530497862320033,20.636000000000003,0.26729294274513477,20.23466666666667,0.4088877761478814,-0.23999999999999844,-1.143401619818954,0.012952749696895461
2023-06-01,HAY_POINT,PARADIP,Coking Coal,Capesize,19.83,19.67,19.71,19.75,19.74,19.25,19.70285714285714,0.04151878519182544,19.567,0.18514020782031257,19.190555555555555,0.370406278950103,-0.0799999999999983,-0.40506329113923184,0.009461859652492082
2023-06-01,TANJUNG_BARA,PARADIP,Thermal Coal,Supramax,12.34,12.24,12.27,12.3,12.25,11.94,12.275714285714285,0.0350509832752798,12.191333333333334,0.13156179440524493,11.920777777777776,0.22774531299351627,-0.0600000000000005,-0.4878048780487845,0.010791419675609306
2023-06-01,BALIKPAPAN,KAMARAJAR,Thermal Coal,Supramax,11.75,11.69,11.78,11.73,11.49,11.24,11.735714285714284,0.02878491668474287,11.499666666666666,0.1806403043072806,11.211333333333332,0.2667204065700542,-0.040000000000000924,-0.3410059676044409,0.015708307861730535
2023-06-01,RICHARDS_BAY,PARADIP,Thermal Coal,Capesize,17.74,17.54,17.56,17.67,17.52,17.05,17.584285714285713,0.05094347941792849,17.435666666666666,0.17081313309219087,17.131000000000004,0.3042694326422524,-0.13000000000000256,-0.7357102433503256,0.009796765237474385
2023-06-01,GLADSTONE,PARADIP,Coking Coal,Panamax,23.04,22.74,22.88,23.04,22.74,22.4,22.952857142857145,0.1291916258525708,22.735333333333333,0.2176795071110706,22.29255555555556,0.4008770191958564,-0.3000000000000007,-1.3020833333333366,0.009574502555980585
2023-06-02,RICHARDS_BAY,PARADIP,Thermal Coal,Capesize,17.81,17.74,17.56,17.64,17.49,17.09,17.594285714285714,0.07276838664697854,17.458666666666666,0.16338516653499044,17.144444444444446,0.304147772744445,0.09999999999999787,0.5668934240362691,0.00935839887744332
2023-06-02,TANJUNG_BARA,PARADIP,Thermal Coal,Supramax,12.49,12.34,12.22,12.31,12.29,11.94,12.281428571428572,0.042201331506776324,12.204666666666666,0.12533357789167232,11.929222222222224,0.22905388099637952,0.02999999999999936,0.24370430544272428,0.010269315935844675
2023-06-02,HAY_POINT,VISAKHAPATNAM,Coking Coal,Capesize,19.23,19.19,19.06,19.21,18.91,18.49,19.12,0.07702813338807202,18.896666666666665,0.22416639960666793,18.474222222222224,0.3685744715436182,-0.019999999999999574,-0.10411244143674948,0.01186274825930506
2023-06-02,NEWCASTLE,DHAMRA,Thermal Coal,Panamax,23.87,23.69,23.47,23.63,23.52,22.74,23.562857142857144,0.10355582805337364,23.32833333333333,0.3005292266850566,22.85244444444444,0.4414590494989349,0.060000000000002274,0.25391451544647603,0.012882584554621275
2023-06-02,TANJUNG_BARA,DHAMRA,Thermal Coal,Supramax,12.1,12.1,12.03,12.13,11.98,11.62,12.062857142857142,0.048550415622738784,11.948666666666666,0.16747070424884075,11.671888888888889,0.2528484666083017,-0.030000000000001137,-0.24732069249794836,0.014015848706871682
2023-06-02,GLADSTONE,PARADIP,Coking Coal,Panamax,23.28,23.04,22.85,23.04,22.81,22.43,22.95285714285714,0.1291916258525708,22.756666666666668,0.21502739734559914,22.30933333333333,0.4002016345726377,0.0,0.0,0.009448984796203272
2023-06-02,HAY_POINT,PARADIP,Coking Coal,Capesize,20.01,19.83,19.64,19.75,19.77,19.31,19.714285714285715,0.06241184258803146,19.586333333333336,0.18113594310650238,19.204777777777778,0.3701084802339615,0.0799999999999983,0.40506329113923184,0.009248078240261188
2023-06-02,HAY_POINT,DHAMRA,Coking Coal,Capesize,19.66,19.46,19.32,19.55,19.32,18.96,19.424285714285713,0.10937049310450801,19.264333333333337,0.19241985941912484,18.91422222222222,0.3427646284432648,-0.08999999999999986,-0.4603580562659839,0.009988399603020684
2023-06-02,MAPUTO,VISAKHAPATNAM,Coking Coal,Panamax,21.15,21.0,20.79,21.06,20.78,20.21,20.895714285714284,0.11674147261633351,20.662333333333333,0.26275310731230805,20.251222222222225,0.4093810833572443,-0.05999999999999872,-0.28490028490027886,0.012716526399679354
2023-06-02,BALIKPAPAN,KAMARAJAR,Thermal Coal,Supramax,11.79,11.75,11.73,11.76,11.49,11.22,11.73857142857143,0.029113897842699774,11.516666666666667,0.17935388507626776,11.221666666666666,0.2693906982703797,-0.009999999999999787,-0.08503401360544036,0.01557341983296102
2023-06-03,HAY_POINT,DHAMRA,Coking Coal,Capesize,19.71,19.66,19.25,19.52,19.36,18.96,19.44,0.1352774925847544,19.287666666666667,0.19663870831863609,18.929222222222222,0.34555354640518093,0.14000000000000057,0.7172131147541013,0.01019504908068901
2023-06-03,HAY_POINT,PARADIP,Coking Coal,Capesize,20.11,20.01,19.67,19.72,19.65,19.29,19.75142857142857,0.12902565267268987,19.609666666666666,0.18921768768632116,19.22077777777778,0.3734690931597788,0.2900000000000027,1.4705882352941315,0.009649204695965655
2023-06-03,NEWCASTLE,DHAMRA,Thermal Coal,Panamax,23.97,23.87,23.4,23.64,23.5,22.77,23.59714285714286,0.1559609230667086,23.366,0.2950113966237469,22.873,0.4453163248899216,0.23000000000000043,0.9729272419627767,0.012625669632104208
2023-06-03,MAPUTO,VISAKHAPATNAM,Coking Coal,Panamax,21.32,21.15,20.75,20.96,20.82,20.21,20.90857142857143,0.14040757000370546,20.693666666666665,0.2629997159213046,20.269000000000002,0.41330960726879934,0.18999999999999773,0.9064885496183098,0.012709188765707927
2023-06-03,HAY_POINT,VISAKHAPATNAM,Coking Coal,Capesize,19.25,19.23,18.99,19.16,18.98,18.52,19.122857142857146,0.08118174788949323,18.921333333333333,0.21851747082886366,18.489333333333335,0.37139215774092504,0.07000000000000028,0.36534446764092005,0.011548735333778292
2023-06-03,TANJUNG_BARA,DHAMRA,Thermal Coal,Supramax,12.17,12.1,11.99,12.03,12.05,11.59,12.058571428571428,0.04259443290247572,11.964666666666666,0.15762752545670045,11.681222222222221,0.2529770064507074,0.07000000000000028,0.581878636741482,0.013174418464648726
2023-06-03,TANJUNG_BARA,PARADIP,Thermal Coal,Supramax,12.53,12.49,12.24,12.31,12.31,11.92,12.307142857142855,0.09013217807088532,12.223,0.12550999410680835,11.93911111111111,0.23384256897787112,0.17999999999999972,1.4622258326563746,0.010268346077624835
2023-06-03,RICHARDS_BAY,PARADIP,Thermal Coal,Capesize,17.97,17.81,17.54,17.58,17.49,17.17,17.618571428571425,0.10960969717251443,17.482666666666667,0.16021393743090634,17.158555555555555,0.30524832812434777,0.23000000000000043,1.3083048919226419,0.009164159020224204
2023-06-03,BALIKPAPAN,KAMARAJAR,Thermal Coal,Supramax,11.8,11.79,11.69,11.72,11.56,11.21,11.742857142857144,0.03450327796677012,11.535666666666668,0.17701905865311168,11.23188888888889,0.27332285080839536,0.06999999999999851,0.5972696245733661,0.015345368739253186
2023-06-03,GLADSTONE,PARADIP,Coking Coal,Panamax,23.46,23.28,22.74,23.08,22.81,22.43,22.987142857142857,0.17857904745638378,22.785,0.2262093933840929,22.32777777777778,0.40628151467123136,0.20000000000000284,0.8665511265164769,0.009927996198555757
2023-06-04,TANJUNG_BARA,PARADIP,Thermal Coal,Supramax,12.57,12.53,12.34,12.28,12.34,11.96,12.338571428571427,0.12348124978153999,12.243333333333334,0.12413378026266747,11.949333333333334,0.2393380384084752,0.25,2.035830618892508,0.010138887579308533
2023-06-04,TANJUNG_BARA,DHAMRA,Thermal Coal,Supramax,12.16,12.17,12.1,12.09,12.09,11.64,12.078571428571427,0.05727959829599195,11.984,0.14516577919147985,11.691333333333334,0.2541352378186187,0.08000000000000007,0.6617038875103397,0.012113299331732297
2023-06-04,HAY_POINT,DHAMRA,Coking Coal,Capesize,19.82,19.71,19.46,19.48,19.39,18.97,19.467142857142854,0.1688899331630736,19.312666666666665,0.20116785465663709,18.945333333333334,0.34779627253753054,0.23000000000000043,1.180698151950721,0.010416368600398898
2023-06-04,RICHARDS_BAY,PARADIP,Thermal Coal,Capesize,18.05,17.97,17.74,17.54,17.57,17.27,17.674285714285713,0.1694950483894228,17.509333333333334,0.1724855482868165,17.174111111111113,0.31054462649300946,0.4299999999999997,2.4515393386545026,0.009851063144617147
2023-06-04,HAY_POINT,PARADIP,Coking Coal,Capesize,20.17,20.11,19.83,19.68,19.67,19.29,19.807142857142857,0.18517687812054118,19.637,0.20034711257531618,19.237777777777776,0.37875840266657024,0.4299999999999997,2.1849593495934947,0.010202531576886295
2023-06-04,HAY_POINT,VISAKHAPATNAM,Coking Coal,Capesize,19.29,19.25,19.19,19.13,19.06,18.54,19.135714285714283,0.0941376904423553,18.945666666666668,0.21285713734688738,18.50488888888889,0.3736255544409874,0.120000000000001,0.6272869837950915,0.01123513577494699
2023-06-04,NEWCASTLE,DHAMRA,Thermal Coal,Panamax,24.04,23.97,23.69,23.59,23.56,22.8,23.64428571428571,0.21117584638222198,23.406,0.2927585800738516,22.89455555555556,0.4509693955860955,0.379999999999999,1.6108520559559094,0.012507843291201042
2023-06-04,GLADSTONE,PARADIP,Coking Coal,Panamax,23.6,23.46,23.04,23.04,22.89,22.48,23.041428571428572,0.25353688564172244,22.819333333333336,0.24762225588428471,22.348,0.41682103507489093,0.4200000000000017,1.822916666666674,0.010851423758404482
2023-06-04,BALIKPAPAN,KAMARAJAR,Thermal Coal,Supramax,11.8,11.8,11.75,11.74,11.59,11.3,11.754285714285714,0.03866830866761429,11.555333333333332,0.17230152666749948,11.242222222222221,0.27704207191865193,0.0600000000000005,0.5110732538330536,0.01491099578845262
2023-06-04,MAPUTO,VISAKHAPATNAM,Coking Coal,Panamax,21.4,21.32,21.0,20.9,20.84,20.21,20.96,0.21071307505720546,20.730666666666664,0.2705796247563876,20.288666666666664,0.4207569423008937,0.4200000000000017,2.009569377990439,0.013052142948758085
2023-06-05,TANJUNG_BARA,DHAMRA,Thermal Coal,Supramax,12.2,12.16,12.1,12.07,12.11,11.66,12.088571428571429,0.06517376042255743,12.001333333333333,0.13322869457239672,11.70122222222222,0.2548708762208236,0.08999999999999986,0.7456503728251852,0.011101157752393906
2023-06-05,HAY_POINT,DHAMRA,Coking Coal,Capesize,19.94,19.82,19.66,19.39,19.4,18.97,19.51571428571429,0.2156275448435458,19.341,0.2108660303573088,18.963,0.3514159160701243,0.4299999999999997,2.2176379577101586,0.010902540218050193
2023-06-05,NEWCASTLE,DHAMRA,Thermal Coal,Panamax,24.13,24.04,23.87,23.52,23.6,22.83,23.708571428571425,0.2556969932966775,23.447333333333333,0.2917832607678644,22.916333333333338,0.4584547813218177,0.5199999999999996,2.210884353741495,0.012444198093650924
2023-06-05,RICHARDS_BAY,PARADIP,Thermal Coal,Capesize,18.07,18.05,17.81,17.56,17.67,17.28,17.747142857142855,0.2075021514517388,17.53533333333333,0.1927609442007971,17.191,0.31639844741729806,0.490000000000002,2.7904328018223348,0.0109927162795573
2023-06-05,TANJUNG_BARA,PARADIP,Thermal Coal,Supramax,12.6,12.57,12.49,12.27,12.34,12.01,12.38,0.14696938456696276,12.263666666666666,0.1260673966803015,11.959666666666665,0.24582102743275092,0.3000000000000007,2.44498777506113,0.010279747493705107
2023-06-05,GLADSTONE,PARADIP,Coking Coal,Panamax,23.7,23.6,23.28,22.88,23.0,22.5,23.12142857142857,0.3298701043050649,22.85666666666667,0.2773437221750506,22.37,0.43000914544756397,0.7200000000000024,3.1468531468531578,0.012134040637671747
2023-06-05,HAY_POINT,PARADIP,Coking Coal,Capesize,20.23,20.17,20.01,19.71,19.78,19.32,19.87714285714286,0.21868655542534432,19.666333333333334,0.21187965571468248,19.255333333333333,0.3849622774457261,0.46000000000000085,2.333840690005078,0.010773724421499473
2023-06-05,MAPUTO,VISAKHAPATNAM,Coking Coal,Panamax,21.48,21.4,21.15,20.81,20.95,20.29,21.03142857142857,0.2647910227223619,20.770333333333333,0.2787222487602974,20.309,0.4297583590705681,0.5899999999999999,2.8351753964440167,0.013419247745677203
2023-06-05,BALIKPAPAN,KAMARAJAR,Thermal Coal,Supramax,11.9,11.8,11.79,11.78,11.64,11.27,11.762857142857142,0.04151878519158714,11.572,0.17092849886468606,11.253222222222224,0.2793323813593776,0.02000000000000135,0.16977928692700636,0.014770869241676985
2023-06-05,HAY_POINT,VISAKHAPATNAM,Coking Coal,Capesize,19.36,19.29,19.23,19.1,19.08,18.51,19.15857142857143,0.11051825964156166,18.970666666666666,0.20754614498665452,18.520666666666667,0.3764852236084505,0.18999999999999773,0.9947643979057471,0.010940371713521992
2023-06-06,GLADSTONE,PARADIP,Coking Coal,Panamax,23.71,23.7,23.46,22.85,23.04,22.53,23.238571428571426,0.3726673481550216,22.896666666666665,0.30887262560900586,22.393333333333334,0.44448935478463275,0.8499999999999979,3.719912472647693,0.013489851169413564
2023-06-06,TANJUNG_BARA,DHAMRA,Thermal Coal,Supramax,12.21,12.2,12.17,12.03,12.18,11.75,12.107142857142858,0.07653197277700843,12.019333333333332,0.12148317134292305,11.711333333333332,0.256419599945007,0.16999999999999993,1.41313383208645,0.010107313606655089
2023-06-06,HAY_POINT,PARADIP,Coking Coal,Capesize,20.3,20.23,20.11,19.64,19.83,19.34,19.951428571428572,0.23975185584462927,19.696666666666665,0.2253018409606442,19.273777777777777,0.39146965321501676,0.5899999999999999,3.0040733197555998,0.011438577134573238
2023-06-06,HAY_POINT,DHAMRA,Coking Coal,Capesize,19.96,19.94,19.71,19.32,19.49,19.08,19.594285714285714,0.2581896681935992,19.373333333333335,0.2258521538580699,18.98111111111111,0.3592984564036163,0.620000000000001,3.2091097308488665,0.011657888189508081
2023-06-06,NEWCASTLE,DHAMRA,Thermal Coal,Panamax,24.15,24.13,23.97,23.47,23.6,22.9,23.795714285714286,0.28318763761019855,23.490666666666662,0.29346835972703716,22.93944444444444,0.4666455987753562,0.6600000000000001,2.8121005538985946,0.012492977057286747
2023-06-06,RICHARDS_BAY,PARADIP,Thermal Coal,Capesize,18.09,18.07,17.97,17.56,17.65,17.31,17.82,0.21999999999989406,17.561666666666667,0.20987818032063224,17.20777777777778,0.3225383098150718,0.5100000000000016,2.904328018223244,0.011950926088296416
2023-06-06,HAY_POINT,VISAKHAPATNAM,Coking Coal,Capesize,19.43,19.36,19.25,19.06,19.13,18.62,19.195714285714285,0.12959644321951377,18.999000000000002,0.20038497431445476,18.536555555555555,0.3814200583658973,0.3000000000000007,1.5739769150052505,0.010547132707745394
2023-06-06,MAPUTO,VISAKHAPATNAM,Coking Coal,Panamax,21.51,21.48,21.32,20.79,20.93,20.33,21.127142857142854,0.29118804266410386,20.81,0.29235075768195906,20.330333333333332,0.4396997187816316,0.6900000000000013,3.3189033189033252,0.014048570767994189
2023-06-06,BALIKPAPAN,KAMARAJAR,Thermal Coal,Supramax,11.88,11.9,11.8,11.73,11.71,11.27,11.780000000000001,0.0668331255190267,11.593,0.17124594130603568,11.264777777777779,0.28434915938760913,0.16999999999999993,1.44927536231884,0.014771494980249779
2023-06-06,TANJUNG_BARA,PARADIP,Thermal Coal,Supramax,12.66,12.6,12.53,12.22,12.35,12.05,12.427142857142856,0.15829448144876782,12.283333333333333,0.1310523278834812,11.970333333333334,0.25253078575257415,0.379999999999999,3.1096563011456544,0.010669117602454372
2023-06-07,HAY_POINT,VISAKHAPATNAM,Coking Coal,Capesize,19.43,19.43,19.29,18.99,19.14,18.64,19.24857142857143,0.14005101111449206,19.026,0.20211980059626256,18.553444444444445,0.38697664509010476,0.4400000000000013,2.317008952080049,0.010623347030183042
2023-06-07,RICHARDS_BAY,PARADIP,Thermal Coal,Capesize,18.07,18.09,18.05,17.54,17.68,17.34,17.895714285714284,0.20638613833101063,17.587666666666667,0.22536840847868808,17.22411111111111,0.32958228395593964,0.5500000000000007,3.1356898517673932,0.012814002718497133
2023-06-07,GLADSTONE,PARADIP,Coking Coal,Panamax,23.72,23.71,23.6,22.74,23.07,22.53,23.361428571428572,0.36489398329865297,22.936,0.33462897621718923,22.416777777777778,0.4576265780020738,0.9700000000000024,4.265611257695701,0.01458968330210975
2023-06-07,BALIKPAPAN,KAMARAJAR,Thermal Coal,Supramax,11.86,11.88,11.8,11.69,11.66,11.39,11.801428571428572,0.07197883286722076,11.613333333333335,0.16775049891149255,11.276444444444444,0.287829190573702,0.19000000000000128,1.6253207869974449,0.014444646863790975
2023-06-07,MAPUTO,VISAKHAPATNAM,Coking Coal,Panamax,21.45,21.51,21.4,20.75,20.93,20.39,21.23,0.2791654228829512,20.849333333333334,0.30466412635069434,20.352222222222224,0.4488531647939953,0.7600000000000016,3.6626506024096463,0.01461265554537448
2023-06-07,TANJUNG_BARA,DHAMRA,Thermal Coal,Supramax,12.26,12.21,12.16,11.99,12.17,11.77,12.132857142857143,0.07653197277700875,12.034666666666665,0.11518301279605186,11.721555555555556,0.25776878024678446,0.22000000000000064,1.8348623853211061,0.009570935031801342
2023-06-07,HAY_POINT,DHAMRA,Coking Coal,Capesize,19.96,19.96,19.82,19.25,19.5,19.07,19.685714285714287,0.25818966819359646,19.40266666666667,0.24294079502028745,18.999666666666666,0.36626094338828186,0.7100000000000009,3.6883116883116926,0.012521000293101674
2023-06-07,NEWCASTLE,DHAMRA,Thermal Coal,Panamax,24.12,24.15,24.04,23.4,23.66,23.0,23.892857142857142,0.2691167210037583,23.532333333333334,0.29544453162027606,22.962333333333333,0.47495960798099857,0.75,3.2051282051282057,0.012554833702010399
2023-06-07,HAY_POINT,PARADIP,Coking Coal,Capesize,20.3,20.3,20.17,19.67,19.74,19.31,20.04571428571429,0.22626364731266083,19.728666666666662,0.24055586967855824,19.29288888888889,0.39912895171848456,0.629999999999999,3.2028469750889625,0.012193214764229292
2023-06-07,TANJUNG_BARA,PARADIP,Thermal Coal,Supramax,12.63,12.66,12.57,12.24,12.31,12.16,12.489999999999998,0.149443411809703,12.303666666666667,0.14057721729707748,11.982222222222221,0.25951457614354717,0.41999999999999993,3.4313725490196076,0.011425636040509128
2023-06-08,HAY_POINT,VISAKHAPATNAM,Coking Coal,Capesize,19.48,19.43,19.36,19.19,19.17,18.69,19.31142857142857,0.09668308563300614,19.052333333333333,0.20155744168553857,18.570222222222224,0.3919068273178928,0.23999999999999844,1.2506513809275583,0.010579147349521768
2023-06-08,HAY_POINT,DHAMRA,Coking Coal,Capesize,19.99,19.96,19.94,19.46,19.53,19.04,19.787142857142857,0.18856601723840805,19.432333333333336,0.254960217766834,19.017222222222223,0.37400963689372635,0.5,2.5693730729701953,0.013120411913143075
2023-06-08,TANJUNG_BARA,PARADIP,Thermal Coal,Supramax,12.65,12.63,12.6,12.34,12.3,12.15,12.545714285714286,0.10752629800144538,12.319333333333335,0.14989498239476748,11.994,0.26459976135263036,0.2900000000000009,2.350081037277155,0.012167458931335634
2023-06-08,NEWCASTLE,DHAMRA,Thermal Coal,Panamax,24.12,24.12,24.13,23.69,23.57,23.03,23.995714285714286,0.16791437727378009,23.569666666666663,0.2966186839666646,22.984333333333336,0.482242071713281,0.4299999999999997,1.8151118615449542,0.012584763635463575
2023-06-08,BALIKPAPAN,KAMARAJAR,Thermal Coal,Supramax,11.88,11.86,11.9,11.75,11.73,11.42,11.825714285714286,0.05472876844231438,11.629,0.16812044122776368,11.287555555555555,0.2908581302543843,0.10999999999999943,0.9361702127659527,0.014456998987682835
2023-06-08,MAPUTO,VISAKHAPATNAM,Coking Coal,Panamax,21.51,21.45,21.48,21.0,20.99,20.41,21.330000000000002,0.18956089610841226,20.884666666666668,0.31095773449723474,20.372555555555554,0.4566919673682632,0.4499999999999993,2.1428571428571392,0.014889284059943565
2023-06-08,GLADSTONE,PARADIP,Coking Coal,Panamax,23.75,23.72,23.7,23.04,23.04,22.54,23.50142857142857,0.2595141981617792,22.97566666666667,0.3547673675206012,22.43988888888889,0.47030349857728904,0.6799999999999997,2.951388888888888,0.015441004288041021
2023-06-08,RICHARDS_BAY,PARADIP,Thermal Coal,Capesize,18.16,18.07,18.07,17.74,17.67,17.31,17.97142857142857,0.14099983113783218,17.612000000000002,0.23682381054565876,17.240222222222222,0.33511352353778967,0.33000000000000185,1.860202931228872,0.013446730101388754
2023-06-08,TANJUNG_BARA,DHAMRA,Thermal Coal,Supramax,12.22,12.26,12.2,12.1,12.09,11.82,12.171428571428573,0.058431889532032974,12.050999999999998,0.1110250049499294,11.732444444444445,0.25959913397785045,0.16000000000000014,1.322314049586778,0.009212928798434106
2023-06-08,HAY_POINT,PARADIP,Coking Coal,Capesize,20.32,20.3,20.23,19.83,19.75,19.35,20.135714285714283,0.17027988165143562,19.761666666666667,0.2489021873158227,19.31222222222222,0.40532350175345067,0.4700000000000024,2.370146243066074,0.012595202191911412
2023-06-09,TANJUNG_BARA,DHAMRA,Thermal Coal,Supramax,12.3,12.22,12.21,12.1,12.13,11.84,12.188571428571427,0.05113008619476118,12.064333333333334,0.10624251156840109,11.742777777777777,0.26029813407274055,0.120000000000001,0.9917355371900909,0.008806330912198582
2023-06-09,BALIKPAPAN,KAMARAJAR,Thermal Coal,Supramax,11.92,11.88,11.88,11.79,11.76,11.42,11.844285714285716,0.04613644360530434,11.644333333333334,0.16937376203050214,11.299333333333333,0.2931648307309783,0.09000000000000163,0.7633587786259681,0.01454559545677458
2023-06-09,HAY_POINT,PARADIP,Coking Coal,Capesize,20.36,20.32,20.3,20.01,19.75,19.43,20.205714285714286,0.11559370554615955,19.793999999999997,0.25646939724685364,19.331555555555557,0.4114564733519125,0.3099999999999987,1.5492253873063404,0.012956926202225608
2023-06-09,RICHARDS_BAY,PARADIP,Thermal Coal,Capesize,18.17,18.16,18.09,17.81,17.64,17.32,18.03142857142857,0.11260973484070518,17.64033333333333,0.2499307950190155,17.256888888888888,0.34313702980508404,0.3500000000000014,1.9651880965749662,0.014168144688442142
2023-06-09,HAY_POINT,VISAKHAPATNAM,Coking Coal,Capesize,19.51,19.48,19.43,19.23,19.21,18.74,19.352857142857143,0.09810101693512624,19.078666666666667,0.2041759439599142,18.58811111111111,0.39630567717709553,0.25,1.3000520020800832,0.010701793135085307
2023-06-09,HAY_POINT,DHAMRA,Coking Coal,Capesize,20.06,19.99,19.96,19.66,19.55,19.1,19.862857142857145,0.13375528471984796,19.464,0.26340738083033427,19.035555555555558,0.38081848904431,0.3299999999999983,1.678535096642921,0.013533054913190212
2023-06-09,GLADSTONE,PARADIP,Coking Coal,Panamax,23.76,23.75,23.71,23.28,23.04,22.58,23.602857142857143,0.17365812061942426,23.016000000000002,0.37189727910664033,22.46288888888889,0.48316429951373696,0.46999999999999886,2.0189003436426067,0.016158206426253055
2023-06-09,NEWCASTLE,DHAMRA,Thermal Coal,Panamax,24.19,24.12,24.15,23.87,23.63,23.09,24.057142857142857,0.10387721689802179,23.605999999999998,0.29498801845911754,23.00622222222222,0.4886132124807066,0.25,1.0473397570171763,0.01249631527828169
2023-06-09,MAPUTO,VISAKHAPATNAM,Coking Coal,Panamax,21.53,21.51,21.51,21.15,21.06,20.48,21.40285714285714,0.13034752084551576,20.921333333333333,0.317834627714929,20.395,0.4624318959879229,0.360000000000003,1.7021276595744823,0.015191891580281482
2023-06-09,TANJUNG_BARA,PARADIP,Thermal Coal,Supramax,12.67,12.65,12.66,12.49,12.31,12.08,12.59,0.06350852961078544,12.336,0.15799607153562656,12.005888888888888,0.26977683013447823,0.16000000000000014,1.2810248198558858,0.012807723049256368
2023-06-10,BALIKPAPAN,KAMARAJAR,Thermal Coal,Supramax,11.91,11.92,11.86,11.8,11.72,11.37,11.862857142857141,0.0468025233342154,11.661,0.17112911036346382,11.311333333333334,0.29623935054105105,0.11999999999999922,1.0169491525423662,0.014675337480787568
2023-06-10,RICHARDS_BAY,PARADIP,Thermal Coal,Capesize,18.28,18.17,18.07,17.97,17.58,17.29,18.082857142857144,0.0679985994249018,17.668666666666663,0.2603278216261759,17.273555555555554,0.35065688313203547,0.20000000000000284,1.1129660545353526,0.014733869087999998
2023-06-10,NEWCASTLE,DHAMRA,Thermal Coal,Panamax,24.21,24.19,24.12,23.97,23.64,23.15,24.102857142857143,0.07387247699342883,23.642666666666667,0.29699568478609567,23.028555555555556,0.4962999299560559,0.22000000000000242,0.9178139340842821,0.012561852221383474
2023-06-10,MAPUTO,VISAKHAPATNAM,Coking Coal,Panamax,21.5,21.53,21.45,21.32,20.96,20.48,21.457142857142856,0.0747694870289713,20.956333333333337,0.3252848442289198,20.417333333333332,0.4681995157161885,0.21000000000000085,0.9849906191369646,0.01552203045518076
2023-06-10,HAY_POINT,VISAKHAPATNAM,Coking Coal,Capesize,19.57,19.51,19.43,19.25,19.16,18.78,19.392857142857142,0.09673232581219039,19.104333333333333,0.20848688594048945,18.60577777777778,0.4015922740252904,0.26000000000000156,1.3506493506493589,0.010913067852345339
2023-06-10,GLADSTONE,PARADIP,Coking Coal,Panamax,23.76,23.76,23.72,23.46,23.08,22.57,23.67142857142857,0.10683766056129587,23.055333333333337,0.38631533781343785,22.48622222222222,0.4945286662548708,0.3000000000000007,1.278772378516627,0.01675600748113688
2023-06-10,HAY_POINT,PARADIP,Coking Coal,Capesize,20.39,20.36,20.3,20.11,19.72,19.42,20.255714285714287,0.08960229588887773,19.825,0.2669463332350021,19.351444444444443,0.41744961644752093,0.25,1.2431626056688214,0.013465136607061898
2023-06-10,HAY_POINT,DHAMRA,Coking Coal,Capesize,20.12,20.06,19.96,19.71,19.52,19.07,19.919999999999998,0.11704699910724005,19.496,0.2756884798664441,19.054888888888886,0.3881799780781627,0.34999999999999787,1.775748351090806,0.014140771433445021
2023-06-10,TANJUNG_BARA,PARADIP,Thermal Coal,Supramax,12.68,12.67,12.63,12.53,12.31,12.14,12.615714285714287,0.05159365040288702,12.355666666666668,0.16170819468996048,12.018222222222223,0.2744947463846313,0.14000000000000057,1.1173184357541945,0.013087775759297525
2023-06-10,TANJUNG_BARA,DHAMRA,Thermal Coal,Supramax,12.3,12.3,12.26,12.17,12.03,11.93,12.217142857142857,0.04923220007076194,12.079666666666666,0.10594348959940811,11.75411111111111,0.26212139928866235,0.13000000000000078,1.0682004930156186,0.008770398432578833
2023-06-11,NEWCASTLE,DHAMRA,Thermal Coal,Panamax,24.27,24.21,24.12,24.04,23.59,23.25,24.13714285714286,0.055291435658193305,23.678,0.29940630910350896,23.050444444444445,0.5045053448143987,0.1700000000000017,0.707154742096513,0.012644915495544765
2023-06-11,HAY_POINT,DHAMRA,Coking Coal,Capesize,20.18,20.12,19.99,19.82,19.48,19.12,19.978571428571428,0.09494359227612481,19.531000000000002,0.2861920021052369,19.074555555555555,0.3968079407253722,0.3000000000000007,1.5136226034308815,0.01465321806897941
2023-06-11,GLADSTONE,PARADIP,Coking Coal,Panamax,23.81,23.76,23.75,23.6,23.04,22.59,23.714285714285715,0.05593363414346385,23.095000000000002,0.39574242755300126,22.50922222222222,0.5051047900573038,0.16000000000000014,0.6779661016949159,0.017135415784931857
2023-06-11,TANJUNG_BARA,DHAMRA,Thermal Coal,Supramax,12.38,12.3,12.22,12.16,12.09,11.92,12.235714285714286,0.05287001130353696,12.092000000000002,0.10939961545665158,11.765888888888886,0.2625753800573037,0.14000000000000057,1.1513157894736887,0.009047272201178595
2023-06-11,MAPUTO,VISAKHAPATNAM,Coking Coal,Panamax,21.51,21.5,21.51,21.4,20.9,20.5,21.482857142857142,0.04461475305969005,20.990333333333336,0.3270820136879074,20.439666666666668,0.47139632410747817,0.10000000000000142,0.4672897196261749,0.01558250688513319
2023-06-11,HAY_POINT,VISAKHAPATNAM,Coking Coal,Capesize,19.62,19.57,19.48,19.29,19.13,18.88,19.43857142857143,0.09352870707706744,19.130666666666666,0.2158692665245601,18.624222222222222,0.40735644821841066,0.28000000000000114,1.4515292897874605,0.011283938520589634
2023-06-11,HAY_POINT,PARADIP,Coking Coal,Capesize,20.39,20.39,20.32,20.17,19.68,19.53,20.295714285714286,0.07502380574562499,19.85733333333333,0.2748282640353253,19.372,0.4225609456741261,0.21999999999999886,1.0907288051561668,0.013840139530416571
2023-06-11,BALIKPAPAN,KAMARAJAR,Thermal Coal,Supramax,11.99,11.91,11.88,11.8,11.74,11.45,11.87857142857143,0.04017817460088242,11.679,0.16783304512068054,11.323888888888888,0.29741090420925487,0.10999999999999943,0.9322033898305037,0.014370497912550777
2023-06-11,TANJUNG_BARA,PARADIP,Thermal Coal,Supramax,12.73,12.68,12.65,12.57,12.28,12.16,12.637142857142859,0.03988077469742303,12.373666666666669,0.16684668439005634,12.030666666666667,0.2788411008989993,0.10999999999999943,0.8750994431185316,0.01348401317772067
2023-06-11,RICHARDS_BAY,PARADIP,Thermal Coal,Capesize,18.37,18.28,18.16,18.05,17.54,17.32,18.12714285714286,0.08179533110399835,17.701666666666668,0.27310580661930556,17.290999999999997,0.3611997797602589,0.23000000000000043,1.2742382271468167,0.01542825383406302
2023-06-12,NEWCASTLE,DHAMRA,Thermal Coal,Panamax,24.25,24.27,24.19,24.13,23.52,23.24,24.169999999999998,0.05627314338712108,23.712,0.3069471480957078,23.073,0.513169157558831,0.14000000000000057,0.5801906340654811,0.012944802129542332
2023-06-12,BALIKPAPAN,KAMARAJAR,Thermal Coal,Supramax,11.96,11.99,11.92,11.9,11.78,11.4,11.905714285714286,0.04237025011975812,11.697000000000001,0.1713465936994711,11.336444444444444,0.3014322034610608,0.08999999999999986,0.7563025210084021,0.014648764101861255
2023-06-12,TANJUNG_BARA,PARADIP,Thermal Coal,Supramax,12.8,12.73,12.67,12.6,12.27,12.18,12.66,0.040824829046268156,12.392666666666665,0.17397846345777235,12.043888888888889,0.28348828105080065,0.13000000000000078,1.031746031746038,0.014038823776785118
2023-06-12,RICHARDS_BAY,PARADIP,Thermal Coal,Capesize,18.38,18.37,18.17,18.07,17.56,17.38,18.172857142857143,0.11441361890269221,17.736666666666668,0.28930753632544465,17.30966666666667,0.3730091724027863,0.3000000000000007,1.6602102933038223,0.016311268727238
2023-06-12,HAY_POINT,DHAMRA,Coking Coal,Capesize,20.16,20.18,20.06,19.94,19.39,19.15,20.03,0.09219544457297589,19.566333333333333,0.29885394118358244,19.09455555555556,0.4066474637818839,0.23999999999999844,1.2036108324974846,0.015273885816636525
2023-06-12,HAY_POINT,VISAKHAPATNAM,Coking Coal,Capesize,19.64,19.62,19.51,19.36,19.1,18.88,19.485714285714288,0.08922950611647001,19.15533333333333,0.22816710956012773,18.642666666666667,0.4144626953571297,0.26000000000000156,1.3429752066115785,0.011911414204579808
2023-06-12,GLADSTONE,PARADIP,Coking Coal,Panamax,23.72,23.81,23.76,23.7,22.88,22.62,23.744285714285716,0.03779644729989559,23.135666666666665,0.40464274011337636,22.532666666666668,0.5159736078957434,0.10999999999999943,0.4641350210970441,0.017489996979269083
2023-06-12,MAPUTO,VISAKHAPATNAM,Coking Coal,Panamax,21.49,21.51,21.53,21.48,20.81,20.55,21.49857142857143,0.026095064304465728,21.024,0.32685122630626146,20.461111111111112,0.47572875957226457,0.030000000000001137,0.13966480446927904,0.01554657659371487
2023-06-12,TANJUNG_BARA,DHAMRA,Thermal Coal,Supramax,12.33,12.38,12.3,12.2,12.07,11.94,12.267142857142858,0.06447590912225214,12.107333333333335,0.11646912668711316,11.778333333333332,0.26486057387899103,0.1800000000000015,1.475409836065586,0.009619717528256688
2023-06-12,HAY_POINT,PARADIP,Coking Coal,Capesize,20.42,20.39,20.36,20.23,19.71,19.53,20.32714285714286,0.05765248931134564,19.886,0.28420002669324457,19.392888888888887,0.42592462392826974,0.16000000000000014,0.7909045971329715,0.014291462671892014
2023-06-13,RICHARDS_BAY,PARADIP,Thermal Coal,Capesize,18.37,18.38,18.28,18.09,17.56,17.42,18.217142857142857,0.12724180205580307,17.77,0.3040303977542479,17.328333333333333,0.3840302246999935,0.28999999999999915,1.6030956329463744,0.017109195146553062
2023-06-13,TANJUNG_BARA,DHAMRA,Thermal Coal,Supramax,12.34,12.33,12.3,12.21,12.03,11.94,12.285714285714286,0.06051367417289066,12.120333333333333,0.11888804740631646,11.79011111111111,0.26556911305297387,0.11999999999999922,0.9828009828009764,0.009808975061713084
2023-06-13,TANJUNG_BARA,PARADIP,Thermal Coal,Supramax,12.73,12.8,12.68,12.66,12.22,12.21,12.68857142857143,0.058145957563210234,12.413333333333332,0.18435971834196144,12.057222222222224,0.29050915310873476,0.14000000000000057,1.10584518167457,0.014851749597902373
2023-06-13,NEWCASTLE,DHAMRA,Thermal Coal,Panamax,24.31,24.25,24.21,24.15,23.47,23.36,24.187142857142856,0.06019808571549524,23.74566666666667,0.30877604129548386,23.09511111111111,0.520564180641799,0.10000000000000142,0.4140786749482461,0.013003469038371233
2023-06-13,MAPUTO,VISAKHAPATNAM,Coking Coal,Panamax,21.56,21.49,21.5,21.51,20.79,20.55,21.5,0.02516611478626073,21.055333333333333,0.32489503167818945,20.481444444444442,0.48019088224973255,-0.020000000000003126,-0.09298000929801545,0.01543053375288238
2023-06-13,GLADSTONE,PARADIP,Coking Coal,Panamax,23.7,23.72,23.76,23.71,22.85,22.71,23.747142857142858,0.03450327796599084,23.17233333333333,0.40613980379902354,22.55488888888889,0.5235922687741928,0.00999999999999801,0.04217629692112193,0.01752692739038035
2023-06-13,BALIKPAPAN,KAMARAJAR,Thermal Coal,Supramax,11.95,11.96,11.91,11.88,11.73,11.41,11.914285714285715,0.04685336802419542,11.715666666666667,0.16835273587963764,11.348888888888888,0.3038163417890352,0.08000000000000007,0.673400673400674,0.014369881003753176
2023-06-13,HAY_POINT,PARADIP,Coking Coal,Capesize,20.43,20.42,20.39,20.3,19.64,19.58,20.354285714285716,0.048255273582854995,19.915666666666667,0.2920992194837501,19.413222222222224,0.4308179515361643,0.120000000000001,0.5911330049261133,0.014666806006180233
2023-06-13,HAY_POINT,DHAMRA,Coking Coal,Capesize,20.18,20.16,20.12,19.96,19.32,19.2,20.06142857142857,0.09388442743231763,19.6,0.3071111222006667,19.114333333333335,0.41470999749519044,0.1999999999999993,1.0020040080160284,0.015668934806156463
2023-06-13,HAY_POINT,VISAKHAPATNAM,Coking Coal,Capesize,19.66,19.64,19.57,19.43,19.06,18.88,19.525714285714287,0.0861891607364409,19.180666666666664,0.23850010241201153,18.66122222222222,0.42133503116805826,0.21000000000000085,1.0808028821410234,0.012434401085051523
2023-06-14,MAPUTO,VISAKHAPATNAM,Coking Coal,Panamax,21.54,21.56,21.51,21.45,20.75,20.61,21.507142857142856,0.034016802572334436,21.089,0.32304958517654137,20.503333333333334,0.48398393510345356,0.10999999999999943,0.5128205128205102,0.015318392772371445
2023-06-14,TANJUNG_BARA,DHAMRA,Thermal Coal,Supramax,12.3,12.34,12.38,12.26,11.99,11.92,12.304285714285715,0.05287001130353674,12.133666666666667,0.12038682862232837,11.801555555555556,0.26683711780916486,0.08000000000000007,0.652528548123981,0.00992171879527994
2023-06-14,NEWCASTLE,DHAMRA,Thermal Coal,Panamax,24.33,24.31,24.27,24.12,23.4,23.34,24.21,0.07280109889280602,23.77733333333333,0.3164777415861798,23.11733333333333,0.5292878403831924,0.18999999999999773,0.7877280265339872,0.013310060348210334
2023-06-14,HAY_POINT,DHAMRA,Coking Coal,Capesize,20.12,20.18,20.18,19.96,19.25,19.29,20.092857142857145,0.09105205209375788,19.63266666666667,0.3151128241663091,19.134555555555558,0.4218263157972901,0.21999999999999886,1.1022044088176297,0.016050434182806328
2023-06-14,HAY_POINT,PARADIP,Coking Coal,Capesize,20.45,20.43,20.39,20.3,19.67,19.59,20.372857142857146,0.04889249625924766,19.944,0.2995467840957346,19.433555555555554,0.4351683417287738,0.129999999999999,0.6403940886699458,0.015019393506605225
2023-06-14,TANJUNG_BARA,PARADIP,Thermal Coal,Supramax,12.65,12.73,12.73,12.63,12.24,12.27,12.69857142857143,0.05843188953196659,12.430666666666667,0.1889705931023981,12.069777777777777,0.2949118237207377,0.09999999999999964,0.7917656373713352,0.015201967695677204
2023-06-14,GLADSTONE,PARADIP,Coking Coal,Panamax,23.77,23.7,23.81,23.72,22.74,22.68,23.745714285714286,0.036449573776571535,23.205333333333336,0.40749642125220836,22.577555555555556,0.5285496609306636,-0.019999999999999574,-0.08431703204047038,0.017560464027761218
2023-06-14,HAY_POINT,VISAKHAPATNAM,Coking Coal,Capesize,19.69,19.66,19.62,19.43,18.99,18.83,19.55857142857143,0.08745066636393668,19.206666666666667,0.24695851017345227,18.67988888888889,0.42797798547931387,0.23000000000000043,1.1837364899639755,0.01285795783617419
2023-06-14,BALIKPAPAN,KAMARAJAR,Thermal Coal,Supramax,11.97,11.95,11.99,11.86,11.69,11.45,11.924285714285714,0.0457737708214048,11.733666666666666,0.16333767294257984,11.360555555555557,0.3065332106614978,0.08999999999999986,0.7588532883642484,0.013920428931784311
2023-06-14,RICHARDS_BAY,PARADIP,Thermal Coal,Capesize,18.41,18.37,18.37,18.07,17.54,17.43,18.257142857142856,0.12459458063551389,17.80166666666667,0.3155737340292769,17.348000000000003,0.3915604047420758,0.3000000000000007,1.6602102933038223,0.017727201611980724
2023-06-15,TANJUNG_BARA,DHAMRA,Thermal Coal,Supramax,12.36,12.3,12.33,12.22,12.1,11.99,12.31,0.049328828623142106,12.146333333333333,0.11707596512175457,11.812000000000001,0.26775470914563954,0.08000000000000007,0.6546644844517191,0.009638790728759398
2023-06-15,GLADSTONE,PARADIP,Coking Coal,Panamax,23.75,23.77,23.72,23.75,23.04,22.7,23.752857142857145,0.0354562104160173,23.241666666666667,0.40763475312348724,22.60022222222222,0.5354909073552807,0.019999999999999574,0.08421052631578768,0.01753896392069504
2023-06-15,HAY_POINT,DHAMRA,Coking Coal,Capesize,20.13,20.12,20.16,19.99,19.46,19.37,20.115714285714287,0.06972736021041459,19.660333333333334,0.3203821353379804,19.153777777777776,0.42690308290903983,0.13000000000000256,0.6503251625813035,0.016295864871974722
2023-06-15,HAY_POINT,PARADIP,Coking Coal,Capesize,20.45,20.45,20.42,20.32,19.83,19.64,20.39428571428571,0.044293394111183076,19.97266666666667,0.30559081649562814,19.45422222222222,0.43880833976943856,0.129999999999999,0.6397637795275541,0.0153004514417518
2023-06-15,NEWCASTLE,DHAMRA,Thermal Coal,Panamax,24.35,24.33,24.25,24.12,23.69,23.41,24.240000000000002,0.07280109889280248,23.810333333333336,0.32088759803809863,23.140111111111107,0.5369043486976165,0.2099999999999973,0.8706467661691429,0.013476820905689347
2023-06-15,BALIKPAPAN,KAMARAJAR,Thermal Coal,Supramax,11.97,11.97,11.96,11.88,11.75,11.4,11.940000000000001,0.0382970843098885,11.751000000000001,0.15974872510418456,11.372,0.3098647765966228,0.08999999999999986,0.7575757575757563,0.013594479202126163
2023-06-15,HAY_POINT,VISAKHAPATNAM,Coking Coal,Capesize,19.7,19.69,19.64,19.48,19.19,18.84,19.595714285714283,0.0784978009996381,19.235333333333333,0.2515981104765422,18.698888888888888,0.43446582065032324,0.21000000000000085,1.0780287474332693,0.013079997425391234
2023-06-15,TANJUNG_BARA,PARADIP,Thermal Coal,Supramax,12.63,12.65,12.8,12.65,12.34,12.22,12.70142857142857,0.054902511001555666,12.443333333333333,0.1905587669937064,12.080666666666666,0.29806039656419364,0.0,0.0,0.015314125394618785
2023-06-15,MAPUTO,VISAKHAPATNAM,Coking Coal,Panamax,21.56,21.54,21.49,21.51,21.0,20.66,21.520000000000003,0.024494897429935554,21.12,0.3201077404831358,20.525111111111112,0.4860624744707837,0.029999999999997584,0.13947001394699016,0.015156616500148474
2023-06-15,RICHARDS_BAY,PARADIP,Thermal Coal,Capesize,18.35,18.41,18.38,18.16,17.74,17.46,18.305714285714288,0.10406042200807802,17.834333333333333,0.32631361404732867,17.36788888888889,0.3995460751493756,0.25,1.3766519823788546,0.01829693366992479
2023-06-16,HAY_POINT,DHAMRA,Coking Coal,Capesize,20.08,20.13,20.18,20.06,19.66,19.31,20.135714285714283,0.04237025012017455,19.68566666666667,0.3266199239371214,19.172777777777778,0.43190205864832176,0.07000000000000028,0.34895314057826665,0.01659176341181171
2023-06-16,TANJUNG_BARA,DHAMRA,Thermal Coal,Supramax,12.38,12.36,12.34,12.3,12.1,11.98,12.33,0.032145502536611685,12.158666666666667,0.11950280139069933,11.82322222222222,0.2693347100124329,0.05999999999999872,0.4878048780487701,0.009828610707646068
2023-06-16,TANJUNG_BARA,PARADIP,Thermal Coal,Supramax,12.65,12.63,12.73,12.67,12.49,12.23,12.69857142857143,0.05843188953196659,12.456999999999999,0.18868236399504676,12.090555555555557,0.3013764718384337,-0.03999999999999915,-0.31570639305445264,0.015146693746090293
2023-06-16,GLADSTONE,PARADIP,Coking Coal,Panamax,23.75,23.75,23.7,23.76,23.28,22.74,23.752857142857145,0.0354562104160173,23.276666666666667,0.40458862320017264,22.622333333333334,0.5414588077125031,-0.010000000000001563,-0.04208754208754866,0.017381725184025747
2023-06-16,NEWCASTLE,DHAMRA,Thermal Coal,Panamax,24.36,24.35,24.31,24.19,23.87,23.46,24.27285714285714,0.06047431568147063,23.841666666666665,0.3262967058213004,23.162555555555553,0.5448215069240249,0.16000000000000014,0.6614303431169911,0.01368598556398324
2023-06-16,MAPUTO,VISAKHAPATNAM,Coking Coal,Panamax,21.52,21.56,21.56,21.53,21.15,20.71,21.527142857142856,0.02811540841922233,21.15,0.31767474148771707,20.546,0.4897185616892051,0.029999999999997584,0.13934045517880903,0.01502008233984478
2023-06-16,HAY_POINT,PARADIP,Coking Coal,Capesize,20.47,20.45,20.43,20.36,20.01,19.73,20.412857142857142,0.03401680257058508,19.999666666666666,0.3109216924735275,19.474333333333334,0.4425336907126461,0.08999999999999986,0.44204322200392854,0.0155463437294052
2023-06-16,BALIKPAPAN,KAMARAJAR,Thermal Coal,Supramax,11.99,11.97,11.95,11.92,11.79,11.48,11.952857142857143,0.028702082220307314,11.77,0.15017231481844384,11.38411111111111,0.3117147011793472,0.05000000000000071,0.41946308724832815,0.012758905252204236
2023-06-16,HAY_POINT,VISAKHAPATNAM,Coking Coal,Capesize,19.68,19.7,19.66,19.51,19.23,18.87,19.62714285714286,0.06775305299650479,19.264000000000003,0.2539834368750449,18.717222222222222,0.4415321327148522,0.18999999999999773,0.9738595592003984,0.013184356150075002
2023-06-16,RICHARDS_BAY,PARADIP,Thermal Coal,Capesize,18.3,18.35,18.37,18.17,17.81,17.47,18.332857142857144,0.08220184217564398,17.864,0.3315231307267745,17.386111111111113,0.40654116378623095,0.17999999999999972,0.9906439185470539,0.018558168983809586
2023-06-17,GLADSTONE,PARADIP,Coking Coal,Panamax,23.74,23.75,23.77,23.76,23.46,22.74,23.75142857142857,0.035321651257283204,23.310333333333336,0.40039190571356675,22.643444444444444,0.5480079576046408,-0.010000000000001563,-0.04208754208754866,0.017176584306540735
2023-06-17,TANJUNG_BARA,DHAMRA,Thermal Coal,Supramax,12.39,12.38,12.3,12.3,12.17,12.04,12.34142857142857,0.03387652649869852,12.171999999999999,0.12118381592182412,11.834555555555557,0.2710784169107894,0.08000000000000007,0.6504065040650412,0.009955949385624724
2023-06-17,BALIKPAPAN,KAMARAJAR,Thermal Coal,Supramax,11.99,11.99,11.97,11.91,11.8,11.49,11.962857142857143,0.027516228976993965,11.787,0.14498870348385776,11.397333333333334,0.3118981395234603,0.08000000000000007,0.6717044500419821,0.01230072991294288
2023-06-17,NEWCASTLE,DHAMRA,Thermal Coal,Panamax,24.44,24.36,24.33,24.21,23.97,23.53,24.297142857142855,0.05559205150446626,23.87166666666667,0.3313304771031755,23.184666666666665,0.5526203158436354,0.14999999999999858,0.6195786864931787,0.013879654141025292
2023-06-17,MAPUTO,VISAKHAPATNAM,Coking Coal,Panamax,21.52,21.52,21.54,21.5,21.32,20.77,21.525714285714287,0.028199966229438864,21.177,0.31338144653833705,20.566,0.4923545812804912,0.019999999999999574,0.09302325581395152,0.01479819835379596
2023-06-17,HAY_POINT,PARADIP,Coking Coal,Capesize,20.51,20.47,20.45,20.39,20.11,19.74,20.428571428571427,0.03078342163570939,20.024333333333335,0.31806183885112915,19.49411111111111,0.44684133484590205,0.0799999999999983,0.39234919077978564,0.015883766693079875
2023-06-17,TANJUNG_BARA,PARADIP,Thermal Coal,Supramax,12.59,12.65,12.65,12.68,12.53,12.25,12.695714285714287,0.060513674172826354,12.471,0.1868311057317976,12.100111111111111,0.30534745154871584,-0.02999999999999936,-0.2365930599369035,0.01498124494682043
2023-06-17,HAY_POINT,VISAKHAPATNAM,Coking Coal,Capesize,19.74,19.68,19.69,19.57,19.25,18.88,19.65142857142857,0.04561745697450685,19.291,0.25370835822740556,18.735222222222223,0.4474201398273178,0.10999999999999943,0.562084823709757,0.013151643679819892
2023-06-17,HAY_POINT,DHAMRA,Coking Coal,Capesize,20.07,20.08,20.12,20.12,19.71,19.31,20.138571428571428,0.03670993118526772,19.711333333333332,0.3263352764316584,19.191333333333333,0.4346280858776814,-0.0400000000000027,-0.1988071570576675,0.016555718018313917
2023-06-17,RICHARDS_BAY,PARADIP,Thermal Coal,Capesize,18.33,18.3,18.41,18.28,17.97,17.52,18.351428571428574,0.04598136268328312,17.891666666666666,0.33214125924362314,17.403666666666666,0.41153712953844424,0.019999999999999574,0.1094091903719889,0.018564020078823837
2023-06-18,RICHARDS_BAY,PARADIP,Thermal Coal,Capesize,18.37,18.33,18.35,18.37,18.05,17.49,18.358571428571427,0.03579039509251139,17.91866666666667,0.33380495371762037,17.421666666666663,0.41625740199914585,-0.0400000000000027,-0.21774632553077133,0.018628894656463668
2023-06-18,BALIKPAPAN,KAMARAJAR,Thermal Coal,Supramax,12.03,11.99,11.97,11.99,11.8,11.49,11.974285714285713,0.01618347187336519,11.803666666666667,0.1382522266038373,11.409777777777776,0.31296328455291,0.0,0.0,0.011712650865875347
2023-06-18,GLADSTONE,PARADIP,Coking Coal,Panamax,23.76,23.74,23.75,23.81,23.6,22.81,23.748571428571427,0.035321651257284675,23.343666666666667,0.39282779708282006,22.66411111111111,0.5539336236641763,-0.07000000000000028,-0.29399412011759884,0.016828024606937785
2023-06-18,TANJUNG_BARA,PARADIP,Thermal Coal,Supramax,12.56,12.59,12.63,12.73,12.57,12.29,12.682857142857143,0.07273565968949781,12.482333333333333,0.18324062441713662,12.109,0.3078524745189167,-0.14000000000000057,-1.099764336213673,0.014679997683430177
2023-06-18,HAY_POINT,VISAKHAPATNAM,Coking Coal,Capesize,19.69,19.74,19.7,19.62,19.29,18.91,19.67571428571429,0.03994043183422387,19.319666666666667,0.2542532450995271,18.754,0.4537578426598061,0.11999999999999744,0.6116207951070205,0.013160332912896727
2023-06-18,TANJUNG_BARA,DHAMRA,Thermal Coal,Supramax,12.42,12.39,12.36,12.38,12.16,11.98,12.354285714285714,0.032586880211255574,12.183666666666666,0.12483045973702218,11.845555555555555,0.27332374149609046,0.009999999999999787,0.08077544426494172,0.01024572184649029
2023-06-18,HAY_POINT,DHAMRA,Coking Coal,Capesize,20.09,20.07,20.13,20.18,19.82,19.32,20.131428571428568,0.04488079449267534,19.736666666666668,0.3235933307072493,19.209666666666667,0.4365221334980592,-0.10999999999999943,-0.54509415262636,0.016395541160644282
2023-06-18,HAY_POINT,PARADIP,Coking Coal,Capesize,20.51,20.51,20.45,20.39,20.17,19.77,20.445714285714285,0.0382348631733798,20.05,0.3253115217863106,19.513666666666666,0.45238804562040685,0.120000000000001,0.5885237861696959,0.01622501355542696
2023-06-18,NEWCASTLE,DHAMRA,Thermal Coal,Panamax,24.43,24.44,24.35,24.27,24.04,23.52,24.330000000000002,0.0629814787589599,23.901999999999997,0.3405006456016177,23.208,0.5608284401898811,0.1700000000000017,0.700453234445825,0.014245696828784944
2023-06-18,MAPUTO,VISAKHAPATNAM,Coking Coal,Panamax,21.49,21.52,21.56,21.51,21.4,20.78,21.528571428571432,0.026095064304499482,21.201999999999998,0.30968727273901603,20.586222222222222,0.4937601150214955,0.00999999999999801,0.04649000464899121,0.014606512250684656
2023-06-19,HAY_POINT,DHAMRA,Coking Coal,Capesize,20.11,20.09,20.08,20.16,19.94,19.36,20.118571428571425,0.041403933560638706,19.762333333333334,0.31992114689394485,19.227222222222224,0.4398263901054576,-0.07000000000000028,-0.34722222222222365,0.016188429852781124
2023-06-19,HAY_POINT,VISAKHAPATNAM,Coking Coal,Capesize,19.74,19.69,19.68,19.64,19.36,18.98,19.685714285714287,0.03154739442653434,19.345666666666666,0.25077374516549644,18.77166666666667,0.4589319550062331,0.05000000000000071,0.2545824847250545,0.012962786420671113
2023-06-19,MAPUTO,VISAKHAPATNAM,Coking Coal,Panamax,21.47,21.49,21.52,21.49,21.48,20.82,21.525714285714283,0.029358214557568325,21.225666666666665,0.30339098858403996,20.604555555555557,0.49636693819024946,0.0,0.0,0.014293590554707664
2023-06-19,TANJUNG_BARA,PARADIP,Thermal Coal,Supramax,12.56,12.56,12.65,12.8,12.6,12.31,12.658571428571431,0.0821438923329623,12.491333333333333,0.18007150559274282,12.117999999999999,0.3090769149028235,-0.2400000000000002,-1.8750000000000018,0.014415715343390843
2023-06-19,HAY_POINT,PARADIP,Coking Coal,Capesize,20.42,20.51,20.47,20.42,20.23,19.65,20.462857142857143,0.03592319849982729,20.074666666666666,0.3313476488038584,19.532444444444444,0.45830736732715105,0.08999999999999986,0.44074436826640473,0.016505760932710802
2023-06-19,GLADSTONE,PARADIP,Coking Coal,Panamax,23.76,23.76,23.75,23.72,23.7,22.81,23.74142857142857,0.024102953779047212,23.375333333333334,0.3865651868419897,22.683777777777777,0.5611056055897385,0.0400000000000027,0.16863406408095574,0.016537312273992088
2023-06-19,NEWCASTLE,DHAMRA,Thermal Coal,Panamax,24.38,24.43,24.36,24.25,24.13,23.5,24.352857142857143,0.0665117247093159,23.932333333333336,0.34578928538201226,23.229777777777777,0.5698313919318002,0.17999999999999972,0.7422680412371122,0.014448623983537428
2023-06-19,RICHARDS_BAY,PARADIP,Thermal Coal,Capesize,18.4,18.37,18.3,18.38,18.07,17.49,18.358571428571427,0.03579039509251139,17.948,0.33350179651067596,17.43888888888889,0.4230930634323504,-0.00999999999999801,-0.05440696409139288,0.01858155763932895
2023-06-19,BALIKPAPAN,KAMARAJAR,Thermal Coal,Supramax,12.06,12.03,11.99,11.96,11.9,11.56,11.98,0.026457513110099758,11.821666666666665,0.130966785295258,11.423,0.3137574028850343,0.06999999999999851,0.5852842809364424,0.011078538161166615
2023-06-19,TANJUNG_BARA,DHAMRA,Thermal Coal,Supramax,12.4,12.42,12.38,12.33,12.2,12.05,12.36,0.04041451884324826,12.198333333333332,0.12591960580637301,11.857111111111113,0.27539652492828476,0.08999999999999986,0.729927007299269,0.010322689367922369
2023-06-20,HAY_POINT,DHAMRA,Coking Coal,Capesize,20.1,20.11,20.07,20.18,19.96,19.39,20.111428571428572,0.03716116764796864,19.78733333333333,0.31668469398180965,19.244222222222223,0.4440770703880514,-0.07000000000000028,-0.34687809712586865,0.016004414978360384
2023-06-20,RICHARDS_BAY,PARADIP,Thermal Coal,Capesize,18.42,18.4,18.33,18.37,18.09,17.57,18.361428571428572,0.03848314411372795,17.978333333333335,0.33178808497792683,17.455333333333332,0.4313792877359973,0.029999999999997584,0.16330974414805433,0.01845488560181293
2023-06-20,NEWCASTLE,DHAMRA,Thermal Coal,Panamax,24.36,24.38,24.44,24.31,24.15,23.56,24.371428571428574,0.04879500364740605,23.961666666666666,0.34517445197869867,23.25033333333333,0.577618998878274,0.07000000000000028,0.28794734677087735,0.014405277261404966
2023-06-20,HAY_POINT,PARADIP,Coking Coal,Capesize,20.36,20.42,20.51,20.43,20.3,19.67,20.462857142857143,0.03592319849982729,20.10033333333333,0.327113639784957,19.549777777777777,0.46207392223865135,-0.00999999999999801,-0.04894762604012731,0.016274040552476263
2023-06-20,MAPUTO,VISAKHAPATNAM,Coking Coal,Panamax,21.52,21.47,21.52,21.56,21.51,20.84,21.52285714285714,0.03401680257234836,21.247333333333334,0.2965541566325957,20.622,0.4989093723290598,-0.08999999999999986,-0.41743970315398826,0.013957241220824371
2023-06-20,TANJUNG_BARA,DHAMRA,Thermal Coal,Supramax,12.41,12.4,12.39,12.34,12.21,12.09,12.370000000000001,0.04041451884324791,12.209999999999999,0.1279008236472734,11.867666666666668,0.2778126844484483,0.0600000000000005,0.4862236628849311,0.010475087931799625
2023-06-20,TANJUNG_BARA,PARADIP,Thermal Coal,Supramax,12.61,12.56,12.59,12.73,12.66,12.34,12.624285714285715,0.060513674172826895,12.499666666666666,0.17715147100196843,12.126444444444443,0.31066912602907615,-0.16999999999999993,-1.3354281225451683,0.014172495613373831
2023-06-20,BALIKPAPAN,KAMARAJAR,Thermal Coal,Supramax,12.09,12.06,11.99,11.95,11.88,11.59,11.994285714285713,0.03823486317322922,11.838333333333333,0.12830683410543908,11.435111111111112,0.31709440852858445,0.11000000000000121,0.9205020920502193,0.010838251508273047
2023-06-20,HAY_POINT,VISAKHAPATNAM,Coking Coal,Capesize,19.73,19.74,19.74,19.66,19.43,19.06,19.7,0.029999999997730883,19.371,0.25094785830161587,18.789,0.46574345544745466,0.0799999999999983,0.4069175991861561,0.012954822069155743
2023-06-20,GLADSTONE,PARADIP,Coking Coal,Panamax,23.72,23.76,23.74,23.7,23.71,22.89,23.747142857142855,0.02288688540915634,23.407,0.3774611192583222,22.703,0.5680470189432778,0.060000000000002274,0.2531645569620349,0.01612599304730731
2023-06-21,RICHARDS_BAY,PARADIP,Thermal Coal,Capesize,18.36,18.42,18.37,18.41,18.07,17.67,18.368571428571432,0.04450789122029648,18.006666666666664,0.33200886292004095,17.471,0.4405309615564643,0.010000000000001563,0.05431830526888411,0.0184381079000393
2023-06-21,NEWCASTLE,DHAMRA,Thermal Coal,Panamax,24.31,24.36,24.43,24.33,24.12,23.6,24.37857142857143,0.04140393356051549,23.988333333333337,0.3439735688856014,23.270000000000003,0.5849690282783473,0.030000000000001137,0.12330456226880863,0.014339202482551296
2023-06-21,HAY_POINT,DHAMRA,Coking Coal,Capesize,20.1,20.1,20.09,20.12,19.96,19.4,20.099999999999998,0.021602468994877902,19.810999999999996,0.3124690329485137,19.26011111111111,0.44885746203384075,-0.019999999999999574,-0.09940357852882492,0.0157725017893349
2023-06-21,TANJUNG_BARA,PARADIP,Thermal Coal,Supramax,12.65,12.61,12.56,12.65,12.63,12.34,12.60714285714286,0.038606685825987495,12.508666666666667,0.1756119023013113,12.135777777777777,0.3124530626423134,-0.040000000000000924,-0.3162055335968452,0.014039218326065498
2023-06-21,BALIKPAPAN,KAMARAJAR,Thermal Coal,Supramax,12.04,12.09,12.03,11.97,11.86,11.64,12.014285714285716,0.046853368024171435,11.855,0.12740784363880286,11.447777777777777,0.3202519295445718,0.11999999999999922,1.0025062656641537,0.01074718208678219
2023-06-21,MAPUTO,VISAKHAPATNAM,Coking Coal,Panamax,21.49,21.52,21.49,21.54,21.45,20.95,21.517142857142858,0.02984084768533111,21.269999999999996,0.2902674153496589,20.64,0.5017833365646536,-0.019999999999999574,-0.09285051067780675,0.013646799029133001
2023-06-21,GLADSTONE,PARADIP,Coking Coal,Panamax,23.72,23.72,23.76,23.77,23.72,23.0,23.75,0.01632993161617382,23.43466666666667,0.3685735161153474,22.721777777777778,0.5734570461423371,-0.05000000000000071,-0.2103491796382024,0.01572770465899582
2023-06-21,HAY_POINT,PARADIP,Coking Coal,Capesize,20.31,20.36,20.51,20.45,20.3,19.78,20.45285714285714,0.052508502712655565,20.123333333333335,0.31999281601136015,19.566444444444446,0.46396268522740447,-0.08999999999999986,-0.44009779951100175,0.015901581050755016
2023-06-21,TANJUNG_BARA,DHAMRA,Thermal Coal,Supramax,12.39,12.41,12.42,12.3,12.26,12.11,12.379999999999999,0.040414518843247565,12.220666666666666,0.13085747269802908,11.877222222222223,0.2815288429064923,0.10999999999999943,0.8943089430894262,0.010707883314987924
2023-06-21,HAY_POINT,VISAKHAPATNAM,Coking Coal,Capesize,19.68,19.73,19.69,19.69,19.43,19.08,19.71,0.02581988897206045,19.39333333333333,0.25212658743558675,18.805777777777777,0.4721692178521821,0.03999999999999915,0.20314880650075745,0.013000683436004818
2023-06-22,HAY_POINT,VISAKHAPATNAM,Coking Coal,Capesize,19.63,19.68,19.74,19.7,19.48,19.13,19.708571428571425,0.02734262327360088,19.413333333333334,0.25020451404907723,18.821444444444445,0.47755359981799556,-0.019999999999999574,-0.10152284263959174,0.012888281973681862
2023-06-22,GLADSTONE,PARADIP,Coking Coal,Panamax,23.7,23.72,23.76,23.75,23.75,23.04,23.74285714285714,0.01704336206265185,23.458666666666666,0.36268855579652365,22.740222222222222,0.5786054093467763,-0.030000000000001137,-0.12631578947368902,0.015460748939831348
2023-06-22,BALIKPAPAN,KAMARAJAR,Thermal Coal,Supramax,12.05,12.04,12.06,11.97,11.88,11.71,12.024285714285712,0.04314979445924297,11.868333333333332,0.1250402234133663,11.460555555555556,0.3206887290252615,0.06999999999999851,0.5847953216374144,0.01053561775705937
2023-06-22,NEWCASTLE,DHAMRA,Thermal Coal,Panamax,24.28,24.31,24.38,24.35,24.12,23.6,24.375714285714285,0.04577377082168384,24.012,0.3407436087390262,23.288777777777774,0.5909634635330094,-0.0400000000000027,-0.16427104722793714,0.0141905550865828
2023-06-22,TANJUNG_BARA,PARADIP,Thermal Coal,Supramax,12.62,12.65,12.56,12.63,12.65,12.35,12.607142857142858,0.038606685825987495,12.519,0.17446173377484325,12.145555555555555,0.31463948019421145,0.019999999999999574,0.15835312747426422,0.013935756352331916
2023-06-22,RICHARDS_BAY,PARADIP,Thermal Coal,Capesize,18.34,18.36,18.4,18.35,18.16,17.65,18.361428571428572,0.04059087394408549,18.029666666666667,0.3317818491151779,17.485666666666667,0.4479317012544869,0.00999999999999801,0.05449591280652866,0.018401995735649275
2023-06-22,MAPUTO,VISAKHAPATNAM,Coking Coal,Panamax,21.54,21.49,21.47,21.56,21.51,20.93,21.509999999999998,0.0294392028895016,21.288,0.2864575553803061,20.656444444444446,0.5051450144690832,-0.07000000000000028,-0.324675324675326,0.013456292530078264
2023-06-22,HAY_POINT,DHAMRA,Coking Coal,Capesize,20.05,20.1,20.11,20.13,19.99,19.49,20.09714285714286,0.019760470401388827,19.834333333333333,0.30680425449261517,19.275111111111112,0.4541450652870563,-0.029999999999997584,-0.14903129657226818,0.015468342158846538
2023-06-22,HAY_POINT,PARADIP,Coking Coal,Capesize,20.28,20.31,20.42,20.45,20.32,19.83,20.43285714285714,0.07543524501490617,20.141000000000002,0.3149750948009341,19.58177777777778,0.4654937641305978,-0.14000000000000057,-0.6845965770171177,0.01563850329183924
2023-06-22,TANJUNG_BARA,DHAMRA,Thermal Coal,Supramax,12.37,12.39,12.4,12.36,12.22,12.18,12.392857142857142,0.019760470401133264,12.229999999999999,0.13266499161420087,11.886444444444445,0.2845983217520332,0.030000000000001137,0.24271844660195097,0.010847505446786662
2023-06-23,HAY_POINT,PARADIP,Coking Coal,Capesize,20.2,20.28,20.36,20.47,20.36,19.74,20.40857142857143,0.09406178314067007,20.156,0.31033463584802534,19.59711111111111,0.46551226934302437,-0.18999999999999773,-0.9281875915974486,0.015396638015877423
2023-06-23,HAY_POINT,DHAMRA,Coking Coal,Capesize,20.08,20.05,20.1,20.08,20.06,19.5,20.085714285714285,0.020701966780462596,19.853,0.30213207890508115,19.28922222222222,0.45829980810311965,-0.029999999999997584,-0.149402390438235,0.015218459623486683
2023-06-23,NEWCASTLE,DHAMRA,Thermal Coal,Panamax,24.28,24.28,24.36,24.36,24.19,23.66,24.365714285714287,0.05826867164468566,24.034666666666666,0.3349599392755535,23.307333333333336,0.5956109128873734,-0.0799999999999983,-0.3284072249589421,0.013936533587965446
2023-06-23,GLADSTONE,PARADIP,Coking Coal,Panamax,23.61,23.7,23.72,23.75,23.76,23.07,23.735714285714284,0.02299068134036256,23.480666666666664,0.35637962453208516,22.758,0.5832747536129558,-0.05000000000000071,-0.21052631578947667,0.015177576922805367
2023-06-23,TANJUNG_BARA,PARADIP,Thermal Coal,Supramax,12.62,12.62,12.61,12.65,12.67,12.31,12.605714285714287,0.037796447300794504,12.527999999999999,0.1723948955160797,12.155222222222223,0.31571295374683356,-0.030000000000001137,-0.23715415019763744,0.013760767522037014
2023-06-23,TANJUNG_BARA,DHAMRA,Thermal Coal,Supramax,12.4,12.37,12.41,12.38,12.3,12.17,12.394285714285715,0.017182493859622398,12.236333333333333,0.13471511021238955,11.894666666666666,0.2877780043284838,-0.010000000000001563,-0.08077544426495609,0.011009434488467914
2023-06-23,MAPUTO,VISAKHAPATNAM,Coking Coal,Panamax,21.52,21.54,21.52,21.52,21.53,20.93,21.507142857142856,0.024299715853865783,21.30833333333333,0.28178107585965056,20.672444444444444,0.5101031204650085,0.019999999999999574,0.09293680297397572,0.01322398478809467
2023-06-23,HAY_POINT,VISAKHAPATNAM,Coking Coal,Capesize,19.59,19.63,19.73,19.68,19.51,19.14,19.69857142857143,0.04059087394332756,19.43,0.24731663357190348,18.83688888888889,0.4810023346539721,-0.05000000000000071,-0.2540650406504101,0.01272859668409179
2023-06-23,RICHARDS_BAY,PARADIP,Thermal Coal,Capesize,18.29,18.34,18.42,18.3,18.17,17.68,18.360000000000003,0.041231056255274894,18.052666666666667,0.3284544090898506,17.500333333333334,0.454081243040134,0.03999999999999915,0.2185792349726729,0.01819423219597385
2023-06-23,BALIKPAPAN,KAMARAJAR,Thermal Coal,Supramax,12.02,12.05,12.09,11.99,11.92,11.66,12.035714285714286,0.03644957377722488,11.879666666666667,0.1256015410989737,11.472222222222221,0.32283776068690534,0.0600000000000005,0.5004170141784862,0.010572816950445329
2023-06-24,TANJUNG_BARA,DHAMRA,Thermal Coal,Supramax,12.36,12.4,12.39,12.39,12.3,12.09,12.397142857142857,0.016035674514678838,12.244000000000002,0.13732920426778744,11.903888888888888,0.2905426710405631,0.009999999999999787,0.0807102502017739,0.011216040858198908
2023-06-24,GLADSTONE,PARADIP,Coking Coal,Panamax,23.58,23.61,23.72,23.74,23.76,23.04,23.715714285714284,0.05159365040223509,23.49866666666667,0.3484718692781121,22.775,0.5855838342767832,-0.129999999999999,-0.5475989890480161,0.01482943156823559
2023-06-24,MAPUTO,VISAKHAPATNAM,Coking Coal,Panamax,21.51,21.52,21.49,21.52,21.5,20.99,21.50714285714286,0.024299715853865783,21.328,0.274972098898038,20.688222222222223,0.5141428511715016,0.0,0.0,0.012892540270913258
2023-06-24,HAY_POINT,PARADIP,Coking Coal,Capesize,20.25,20.2,20.31,20.51,20.39,19.75,20.37,0.11718930554158043,20.171333333333333,0.30027267301729205,19.611444444444448,0.4639753991713715,-0.3100000000000023,-1.5114578254510105,0.014886109314404537
2023-06-24,HAY_POINT,VISAKHAPATNAM,Coking Coal,Capesize,19.55,19.59,19.68,19.74,19.57,19.17,19.685714285714287,0.057981934788088406,19.444999999999997,0.24272518872448934,18.851666666666667,0.48350371528730685,-0.14999999999999858,-0.7598784194528804,0.012482653058600636
2023-06-24,RICHARDS_BAY,PARADIP,Thermal Coal,Capesize,18.36,18.29,18.36,18.33,18.28,17.67,18.358571428571427,0.04375255094518972,18.072999999999997,0.3234314935723966,17.51411111111111,0.45904858729017717,-0.03999999999999915,-0.21822149481723488,0.01789583874134879
2023-06-24,HAY_POINT,DHAMRA,Coking Coal,Capesize,20.05,20.08,20.1,20.07,20.12,19.53,20.085714285714285,0.020701966780462596,19.872333333333334,0.29728290639867055,19.30366666666667,0.4625368494278507,0.00999999999999801,0.04982561036371704,0.014959637673750971
2023-06-24,TANJUNG_BARA,PARADIP,Thermal Coal,Supramax,12.62,12.62,12.65,12.59,12.68,12.3,12.601428571428572,0.03338091841570578,12.538333333333332,0.168114971606222,12.164666666666665,0.3167716364558639,0.02999999999999936,0.23828435266083683,0.013408079617670238
2023-06-24,BALIKPAPAN,KAMARAJAR,Thermal Coal,Supramax,12.02,12.02,12.04,11.99,11.91,11.73,12.040000000000001,0.0316227766012069,11.891666666666667,0.12100394217953861,11.482555555555557,0.32534013700135733,0.02999999999999936,0.2502085070892357,0.010175524219722938
2023-06-24,NEWCASTLE,DHAMRA,Thermal Coal,Panamax,24.16,24.28,24.31,24.44,24.21,23.57,24.354285714285712,0.06679749068567607,24.055333333333333,0.3301382503857404,23.325666666666667,0.5999064533816554,-0.16000000000000014,-0.6546644844517191,0.013724118714591652
2023-06-25,NEWCASTLE,DHAMRA,Thermal Coal,Panamax,24.06,24.16,24.28,24.43,24.27,23.63,24.314285714285713,0.08753230696093574,24.075,0.3175634609398242,23.34144444444444,0.602995446180834,-0.2699999999999996,-1.105198526401963,0.013190590277874318
2023-06-25,GLADSTONE,PARADIP,Coking Coal,Panamax,23.58,23.58,23.7,23.76,23.81,23.04,23.692857142857147,0.07087883692424353,23.516666666666666,0.33774437725569423,22.790888888888887,0.5878309862660259,-0.18000000000000327,-0.7575757575757713,0.014361915404210952
2023-06-25,TANJUNG_BARA,DHAMRA,Thermal Coal,Supramax,12.35,12.36,12.37,12.42,12.38,12.13,12.392857142857142,0.021380899352944505,12.252999999999998,0.1357266522755468,11.911888888888889,0.29309619713335855,-0.0600000000000005,-0.4830917874396175,0.011077013978254046
2023-06-25,MAPUTO,VISAKHAPATNAM,Coking Coal,Panamax,21.39,21.51,21.54,21.49,21.51,21.06,21.505714285714284,0.0237045304110231,21.345333333333333,0.26926122854094875,20.703777777777777,0.5176189604957431,0.020000000000003126,0.09306654257795778,0.01261452441787192
2023-06-25,BALIKPAPAN,KAMARAJAR,Thermal Coal,Supramax,11.98,12.02,12.05,12.03,11.99,11.76,12.044285714285715,0.025071326820517412,11.901333333333334,0.11921390029266432,11.492888888888888,0.32749386972370736,-0.009999999999999787,-0.08312551953449532,0.010016852478097495
2023-06-25,HAY_POINT,VISAKHAPATNAM,Coking Coal,Capesize,19.43,19.55,19.63,19.69,19.62,19.21,19.65857142857143,0.07128079952428,19.457666666666668,0.2377434626292551,18.865333333333332,0.4856854301692109,-0.14000000000000057,-0.7110208227526692,0.012218498070816392
2023-06-25,RICHARDS_BAY,PARADIP,Thermal Coal,Capesize,18.34,18.36,18.34,18.37,18.37,17.64,18.36285714285714,0.04191828785945848,18.096,0.3182776926760046,17.528222222222222,0.4653416716894263,-0.010000000000001563,-0.05443658138269767,0.017588289825154983
2023-06-25,HAY_POINT,PARADIP,Coking Coal,Capesize,20.17,20.25,20.28,20.51,20.39,19.75,20.33285714285714,0.10609968358637205,20.188,0.28977280041801573,19.624444444444443,0.46530673974000164,-0.26000000000000156,-1.2676743052169748,0.014353715098970465
2023-06-25,TANJUNG_BARA,PARADIP,Thermal Coal,Supramax,12.6,12.62,12.62,12.56,12.73,12.31,12.605714285714285,0.03359421718929801,12.549000000000001,0.1625306337173134,12.174222222222223,0.31739805150021716,0.05999999999999872,0.4777070063694166,0.012951680111348585
2023-06-25,HAY_POINT,DHAMRA,Coking Coal,Capesize,19.95,20.05,20.05,20.09,20.18,19.55,20.082857142857144,0.02429971585192117,19.889666666666667,0.29174248604030895,19.317555555555558,0.4659973262958137,-0.03999999999999915,-0.19910403185664083,0.014668043005931502
2023-06-26,HAY_POINT,DHAMRA,Coking Coal,Capesize,19.92,19.95,20.08,20.11,20.16,19.52,20.062857142857144,0.05529143565825258,19.903000000000002,0.2847400508389808,19.329777777777778,0.46801752050603285,-0.16000000000000014,-0.7956240676280466,0.014306388526301601
2023-06-26,NEWCASTLE,DHAMRA,Thermal Coal,Panamax,24.02,24.06,24.28,24.38,24.25,23.64,24.261428571428574,0.11378760498234734,24.089333333333332,0.3062896232869705,23.35644444444445,0.6039017538801666,-0.3200000000000003,-1.3125512715340455,0.012714740547142741
2023-06-26,TANJUNG_BARA,DHAMRA,Thermal Coal,Supramax,12.34,12.35,12.4,12.4,12.33,12.03,12.382857142857144,0.022886885410807897,12.260333333333334,0.1347918787416692,11.920333333333335,0.2946620612448824,-0.05000000000000071,-0.4032258064516186,0.010994144700388994
2023-06-26,RICHARDS_BAY,PARADIP,Thermal Coal,Capesize,18.29,18.34,18.29,18.4,18.38,17.58,18.358571428571427,0.042594432901629405,18.119333333333334,0.3092252090063917,17.541,0.47169560266447935,-0.05999999999999872,-0.3260869565217322,0.01706603677506853
2023-06-26,MAPUTO,VISAKHAPATNAM,Coking Coal,Panamax,21.36,21.39,21.52,21.47,21.49,20.96,21.49142857142857,0.0501426536432527,21.356333333333335,0.2638897801960751,20.718,0.5187045228475422,-0.0799999999999983,-0.3726129482999455,0.012356511582640985
2023-06-26,GLADSTONE,PARADIP,Coking Coal,Panamax,23.56,23.58,23.61,23.76,23.72,23.08,23.667142857142856,0.07499206307159546,23.534666666666666,0.32563712968564495,22.805666666666664,0.5907908430440725,-0.18000000000000327,-0.7575757575757713,0.013836487862683912
2023-06-26,TANJUNG_BARA,PARADIP,Thermal Coal,Supramax,12.53,12.6,12.62,12.56,12.8,12.31,12.611428571428572,0.02734262327592879,12.558666666666669,0.15633150747653113,12.183222222222222,0.3178644604717015,0.03999999999999915,0.31847133757961105,0.012448097527062142
2023-06-26,BALIKPAPAN,KAMARAJAR,Thermal Coal,Supramax,11.9,11.98,12.02,12.06,11.96,11.72,12.037142857142857,0.03498298906296319,11.908666666666669,0.1169654630231968,11.502,0.32952877489399585,-0.08000000000000007,-0.6633499170812609,0.009821877318188163
2023-06-26,HAY_POINT,PARADIP,Coking Coal,Capesize,20.16,20.17,20.2,20.42,20.42,19.72,20.284285714285716,0.08772250620692829,20.201999999999998,0.27777937164299144,19.636,0.46580316043334435,-0.25,-1.2242899118511263,0.013750092646420724
2023-06-26,HAY_POINT,VISAKHAPATNAM,Coking Coal,Capesize,19.33,19.43,19.59,19.74,19.64,19.16,19.62142857142857,0.10960969717209253,19.464999999999996,0.2331900216708597,18.877111111111113,0.4863906148480194,-0.3099999999999987,-1.570415400202628,0.011979965151341369
2023-06-27,HAY_POINT,PARADIP,Coking Coal,Capesize,20.07,20.16,20.25,20.36,20.43,19.68,20.247142857142855,0.0747694870282231,20.216666666666665,0.26265663088366314,19.648111111111113,0.4650912546544862,-0.1999999999999993,-0.9823182711198394,0.012992083967864625
2023-06-27,HAY_POINT,DHAMRA,Coking Coal,Capesize,19.93,19.92,20.05,20.1,20.18,19.48,20.035714285714285,0.07230886134201647,19.916333333333334,0.2753991878051573,19.340666666666664,0.4702421083329617,-0.17999999999999972,-0.8955223880597,0.013827805710814774
2023-06-27,TANJUNG_BARA,PARADIP,Thermal Coal,Supramax,12.48,12.53,12.62,12.61,12.73,12.28,12.607142857142856,0.03728908942930275,12.566,0.14926486525636087,12.190222222222221,0.31849356714008775,-0.08000000000000007,-0.6344171292624907,0.01187847089418756
2023-06-27,HAY_POINT,VISAKHAPATNAM,Coking Coal,Capesize,19.33,19.33,19.55,19.73,19.66,19.13,19.562857142857144,0.14079705083448296,19.470666666666666,0.22751935625617395,18.88733333333333,0.486130791112243,-0.40000000000000213,-2.027369488089215,0.011685237087730635
2023-06-27,MAPUTO,VISAKHAPATNAM,Coking Coal,Panamax,21.3,21.36,21.51,21.52,21.56,20.9,21.475714285714286,0.07091242083494201,21.369666666666667,0.2530569423903106,20.730666666666668,0.5203235812583432,-0.16000000000000014,-0.7434944237918222,0.011841875979518194
2023-06-27,NEWCASTLE,DHAMRA,Thermal Coal,Panamax,23.99,24.02,24.16,24.36,24.31,23.59,24.209999999999997,0.1312757911167703,24.101999999999997,0.29470499568670255,23.369555555555557,0.6053709255927507,-0.33999999999999986,-1.395730706075533,0.012227408334856136
2023-06-27,BALIKPAPAN,KAMARAJAR,Thermal Coal,Supramax,11.82,11.9,12.02,12.09,11.95,11.74,12.014285714285714,0.06051367417266127,11.914666666666667,0.11143989669195539,11.510333333333332,0.33001004410998575,-0.1899999999999995,-1.5715467328370512,0.009353169485112639
2023-06-27,GLADSTONE,PARADIP,Coking Coal,Panamax,23.46,23.56,23.58,23.72,23.7,23.04,23.638571428571428,0.07174690967243337,23.550666666666665,0.31411543379329016,22.81933333333333,0.5938822945460553,-0.16000000000000014,-0.674536256323778,0.013337857405025626
2023-06-27,RICHARDS_BAY,PARADIP,Thermal Coal,Capesize,18.12,18.29,18.36,18.42,18.37,17.54,18.342857142857138,0.04498677054130149,18.142999999999997,0.2932828457073416,17.553,0.47688938250504126,-0.13000000000000256,-0.7057546145494167,0.016165068936082324
2023-06-27,TANJUNG_BARA,DHAMRA,Thermal Coal,Supramax,12.25,12.34,12.36,12.41,12.34,12.09,12.374285714285715,0.02636736799978467,12.270666666666667,0.1282490393412375,11.928555555555555,0.2959447303057778,-0.07000000000000028,-0.5640612409347323,0.010451676573500827
2023-06-28,MAPUTO,VISAKHAPATNAM,Coking Coal,Panamax,21.21,21.3,21.39,21.49,21.54,20.81,21.444285714285716,0.09324826054858375,21.383,0.23751805738971932,20.741888888888887,0.5216027470382776,-0.18999999999999773,-0.8841321544904501,0.011107798596535535
2023-06-28,RICHARDS_BAY,PARADIP,Thermal Coal,Capesize,18.04,18.12,18.34,18.36,18.41,17.56,18.3,0.08465616732757364,18.162333333333333,0.27038520839633573,17.563777777777776,0.47863705791388644,-0.23999999999999844,-1.3071895424836517,0.014887140514049355
2023-06-28,NEWCASTLE,DHAMRA,Thermal Coal,Panamax,23.88,23.99,24.06,24.31,24.33,23.52,24.157142857142855,0.13524228699071117,24.115333333333332,0.2793926088589282,23.381555555555558,0.6068613508257523,-0.3200000000000003,-1.3163307280954353,0.011585683058866899
2023-06-28,HAY_POINT,VISAKHAPATNAM,Coking Coal,Capesize,19.23,19.33,19.43,19.68,19.69,19.1,19.505714285714284,0.14281189759653223,19.477333333333334,0.2199989550653467,18.897222222222222,0.4859810598283225,-0.3500000000000014,-1.7784552845528527,0.011295127074138144
2023-06-28,TANJUNG_BARA,DHAMRA,Thermal Coal,Supramax,12.21,12.25,12.35,12.39,12.3,12.07,12.351428571428572,0.04947341758578185,12.276,0.12372383039209885,11.935111111111112,0.29646321349167765,-0.14000000000000057,-1.1299435028248632,0.010078513391340733
2023-06-28,GLADSTONE,PARADIP,Coking Coal,Panamax,23.4,23.46,23.58,23.72,23.77,22.88,23.601428571428574,0.0880205603682749,23.564666666666664,0.29959436177808113,22.832444444444445,0.5948662603185905,-0.259999999999998,-1.09612141652613,0.012713710998588897
2023-06-28,HAY_POINT,PARADIP,Coking Coal,Capesize,20.0,20.07,20.17,20.31,20.45,19.71,20.205714285714286,0.08182443458543795,20.229666666666667,0.24418030835539603,19.65822222222222,0.4642514278542377,-0.23999999999999844,-1.181683899556861,0.012070406911733396
2023-06-28,BALIKPAPAN,KAMARAJAR,Thermal Coal,Supramax,11.76,11.82,11.98,12.04,11.97,11.78,11.975714285714286,0.08521681032446403,11.917333333333334,0.10802085792627057,11.518222222222223,0.3288166654849107,-0.21999999999999886,-1.8272425249169344,0.00906418029141899
2023-06-28,HAY_POINT,DHAMRA,Coking Coal,Capesize,19.86,19.93,19.95,20.1,20.12,19.39,20.011428571428574,0.07559289460189351,19.931333333333335,0.26278000938693297,19.351,0.4728827443327057,-0.1700000000000017,-0.8457711442786154,0.013184266450827823
2023-06-28,TANJUNG_BARA,PARADIP,Thermal Coal,Supramax,12.45,12.48,12.6,12.65,12.65,12.27,12.588571428571427,0.0606708528120607,12.572666666666667,0.14024444996906618,12.196444444444445,0.3186252460818253,-0.16999999999999993,-1.3438735177865606,0.011154709950347275
2023-06-29,RICHARDS_BAY,PARADIP,Thermal Coal,Capesize,17.98,18.04,18.29,18.34,18.35,17.56,18.25428571428571,0.12407754871517732,18.17833333333333,0.2466755978500962,17.573333333333334,0.4794730253334834,-0.3000000000000007,-1.6357688113413342,0.013569758752182795
2023-06-29,GLADSTONE,PARADIP,Coking Coal,Panamax,23.27,23.4,23.56,23.7,23.75,22.85,23.555714285714284,0.0986335208156874,23.581999999999997,0.27242714938889306,22.84477777777778,0.5950001940850987,-0.3000000000000007,-1.2658227848101298,0.011552334381684891
2023-06-29,MAPUTO,VISAKHAPATNAM,Coking Coal,Panamax,21.05,21.21,21.36,21.54,21.56,20.79,21.404285714285713,0.12501428489843625,21.396333333333335,0.21433913400915675,20.752111111111113,0.5216621973938571,-0.3299999999999983,-1.5320334261838362,0.010017563788615966
2023-06-29,HAY_POINT,DHAMRA,Coking Coal,Capesize,19.78,19.86,19.92,20.05,20.13,19.32,19.97714285714286,0.08280786712112467,19.947,0.2426314076950146,19.360666666666663,0.474310380530136,-0.19000000000000128,-0.9476309226932732,0.012163804466587186
2023-06-29,NEWCASTLE,DHAMRA,Thermal Coal,Panamax,23.81,23.88,24.02,24.28,24.35,23.47,24.095714285714283,0.15098091963967183,24.127333333333333,0.25999911582508406,23.392222222222223,0.6070943465129649,-0.40000000000000213,-1.647446457990124,0.010776123172546382
2023-06-29,HAY_POINT,PARADIP,Coking Coal,Capesize,19.95,20.0,20.16,20.28,20.45,19.64,20.16142857142857,0.09822229404574513,20.23933333333333,0.2281096731586288,19.667333333333332,0.46280483425172964,-0.28000000000000114,-1.3806706114398477,0.011270612000986304
2023-06-29,HAY_POINT,VISAKHAPATNAM,Coking Coal,Capesize,19.15,19.23,19.33,19.63,19.7,19.06,19.44142857142857,0.15225292240493474,19.481666666666666,0.21349446142097142,18.905666666666665,0.4850762710791409,-0.3999999999999986,-2.037697401935805,0.010958737005097344
2023-06-29,BALIKPAPAN,KAMARAJAR,Thermal Coal,Supramax,11.72,11.76,11.9,12.05,11.97,11.73,11.935714285714287,0.1116329017891967,11.916666666666666,0.10895533198433735,11.525666666666668,0.3265896301428525,-0.2900000000000009,-2.406639004149385,0.009143104781902436
2023-06-29,TANJUNG_BARA,DHAMRA,Thermal Coal,Supramax,12.19,12.21,12.34,12.37,12.36,12.03,12.325714285714286,0.06900655593422222,12.280666666666667,0.11820302036320739,11.94111111111111,0.2965018689690282,-0.15999999999999837,-1.2934518997574647,0.009625130587091421
2023-06-29,TANJUNG_BARA,PARADIP,Thermal Coal,Supramax,12.38,12.45,12.53,12.62,12.63,12.22,12.56,0.07280109889273913,12.578666666666667,0.1303505441792073,12.20288888888889,0.31781290674764195,-0.16999999999999993,-1.3470681458003164,0.010362826810939736
2023-06-30,HAY_POINT,PARADIP,Coking Coal,Capesize,19.91,19.95,20.07,20.2,20.47,19.67,20.114285714285717,0.11028102630051896,20.249666666666666,0.2059709275323503,19.676333333333336,0.46030388106269293,-0.25,-1.2376237623762376,0.010171571262029843
2023-06-30,TANJUNG_BARA,PARADIP,Thermal Coal,Supramax,12.35,12.38,12.48,12.62,12.65,12.24,12.525714285714285,0.0934268239241913,12.584,0.11784267712388174,12.209000000000001,0.31584397371224554,-0.23999999999999844,-1.9017432646592587,0.009364484831840571
2023-06-30,BALIKPAPAN,KAMARAJAR,Thermal Coal,Supramax,11.69,11.72,11.82,12.02,11.99,11.69,11.888571428571428,0.12428845098234823,11.916333333333334,0.10955972496010752,11.532555555555554,0.32403898056227176,-0.29999999999999893,-2.495840266222953,0.009194080250645404
2023-06-30,HAY_POINT,DHAMRA,Coking Coal,Capesize,19.72,19.78,19.93,20.08,20.08,19.25,19.93857142857143,0.10350983390138511,19.962333333333333,0.21455138976627544,19.36977777777778,0.4744031798256678,-0.29999999999999716,-1.4940239043824561,0.010747811199405986
2023-06-30,HAY_POINT,VISAKHAPATNAM,Coking Coal,Capesize,19.1,19.15,19.33,19.59,19.68,18.99,19.372857142857146,0.16100872499248975,19.48466666666667,0.20792461056382988,18.91288888888889,0.4838057100155956,-0.4400000000000013,-2.24604389994896,0.010671191564161384
2023-06-30,TANJUNG_BARA,DHAMRA,Thermal Coal,Supramax,12.23,12.19,12.25,12.4,12.38,11.99,12.299999999999999,0.0820568908339307,12.286000000000001,0.10981489127082862,11.947111111111111,0.29600806413417846,-0.21000000000000085,-1.693548387096781,0.008938213517078675
2023-06-30,RICHARDS_BAY,PARADIP,Thermal Coal,Capesize,17.91,17.98,18.12,18.29,18.3,17.54,18.202857142857145,0.15370038882104434,18.192333333333334,0.22094910216408703,17.582,0.4796984071244387,-0.3099999999999987,-1.6949152542372812,0.012145176658523939
2023-06-30,NEWCASTLE,DHAMRA,Thermal Coal,Panamax,23.76,23.81,23.99,24.28,24.36,23.4,24.02857142857143,0.15962754267655851,24.138666666666666,0.23672672056577246,23.402666666666665,0.6060941447989033,-0.4700000000000024,-1.9357495881383955,0.009806950973504714
2023-06-30,GLADSTONE,PARADIP,Coking Coal,Panamax,23.14,23.27,23.46,23.61,23.75,22.74,23.494285714285716,0.1243459077003877,23.595999999999997,0.24268043411752147,22.855444444444448,0.5939094644262608,-0.33999999999999986,-1.4400677678949592,0.010284812430815455
2023-06-30,MAPUTO,VISAKHAPATNAM,Coking Coal,Panamax,21.0,21.05,21.3,21.52,21.52,20.75,21.334285714285716,0.16661904081465712,21.404999999999998,0.1931900975544105,20.760333333333335,0.5204458978455824,-0.46999999999999886,-2.184014869888471,0.009025465898360688
2023-07-01,GLADSTONE,PARADIP,Coking Coal,Panamax,23.19,23.14,23.4,23.58,23.74,23.04,23.427142857142858,0.1699719864872044,23.609333333333336,0.20152750019129795,22.86444444444444,0.5919917079420678,-0.4399999999999977,-1.865988125530101,0.008535925065989351
2023-07-01,TANJUNG_BARA,DHAMRA,Thermal Coal,Supramax,12.22,12.23,12.21,12.36,12.39,12.1,12.275714285714287,0.07207800007794628,12.294,0.0952890339965537,11.953444444444447,0.29589385096045734,-0.129999999999999,-1.051779935275073,0.007750856840454993
2023-07-01,NEWCASTLE,DHAMRA,Thermal Coal,Panamax,23.7,23.76,23.88,24.16,24.44,23.69,23.954285714285714,0.1432779516484535,24.150666666666666,0.20498836524299976,23.412444444444443,0.6046641023362848,-0.3999999999999986,-1.655629139072842,0.008487896755493282
2023-07-01,TANJUNG_BARA,PARADIP,Thermal Coal,Supramax,12.38,12.35,12.45,12.62,12.59,12.34,12.487142857142858,0.10323343865789529,12.587666666666667,0.10807670753979758,12.215333333333335,0.3128455841954084,-0.2699999999999996,-2.139461172741677,0.008585920679485017
2023-07-01,MAPUTO,VISAKHAPATNAM,Coking Coal,Panamax,20.95,21.0,21.21,21.51,21.52,21.0,21.259999999999998,0.18493242008930463,21.413333333333334,0.1676682548312,20.76822222222222,0.5186143547365916,-0.5100000000000016,-2.370990237099031,0.007830086620386052
2023-07-01,BALIKPAPAN,KAMARAJAR,Thermal Coal,Supramax,11.72,11.69,11.76,12.02,11.99,11.75,11.84142857142857,0.1286375491355169,11.916333333333334,0.10955972496010752,11.538666666666668,0.321730573302793,-0.33000000000000007,-2.7454242928452586,0.009194080250645404
2023-07-01,HAY_POINT,DHAMRA,Coking Coal,Capesize,19.68,19.72,19.86,20.05,20.07,19.46,19.88714285714286,0.11071198154287157,19.978,0.17408677978703152,19.378333333333334,0.47369038861861423,-0.33000000000000185,-1.6458852867830516,0.008713924306088272
2023-07-01,HAY_POINT,PARADIP,Coking Coal,Capesize,19.96,19.91,20.0,20.25,20.51,19.83,20.072857142857142,0.12605743211119358,20.25766666666667,0.18641228561958087,19.68477777777778,0.45750232461567186,-0.33999999999999986,-1.6790123456790116,0.009202061060976792
2023-07-01,HAY_POINT,VISAKHAPATNAM,Coking Coal,Capesize,19.1,19.1,19.23,19.55,19.74,19.19,19.302857142857142,0.15734402707776146,19.488333333333333,0.1997081203489048,18.919777777777778,0.4819832105280851,-0.4499999999999993,-2.3017902813299194,0.010247573095813126
2023-07-01,RICHARDS_BAY,PARADIP,Thermal Coal,Capesize,17.84,17.91,18.04,18.36,18.33,17.74,18.148571428571426,0.1822478688880007,18.204666666666665,0.19166661669162097,17.590666666666664,0.4784849685920237,-0.4499999999999993,-2.450980392156859,0.010528433187000823
2023-07-02,MAPUTO,VISAKHAPATNAM,Coking Coal,Panamax,20.92,20.95,21.05,21.39,21.49,21.15,21.18,0.17981471945704328,21.41166666666667,0.17210829255964227,20.775666666666666,0.5163311584328066,-0.4400000000000013,-2.0570359981299733,0.008038061456821465
2023-07-02,GLADSTONE,PARADIP,Coking Coal,Panamax,23.19,23.19,23.27,23.58,23.76,23.28,23.371428571428574,0.1753499901555483,23.61433333333333,0.1883445729532438,22.874,0.5902062103930487,-0.389999999999997,-1.6539440203562215,0.007975858149142914
2023-07-02,RICHARDS_BAY,PARADIP,Thermal Coal,Capesize,17.82,17.84,17.98,18.34,18.37,17.81,18.074285714285715,0.18760393944470455,18.208000000000002,0.1840239864425196,17.598666666666666,0.47654232159340604,-0.5,-2.7262813522355507,0.010106765512001296
2023-07-02,HAY_POINT,VISAKHAPATNAM,Coking Coal,Capesize,19.1,19.1,19.15,19.43,19.69,19.23,19.23857142857143,0.1288964146677341,19.485333333333333,0.20495135391410244,18.926444444444446,0.4802581494751832,-0.3299999999999983,-1.6984045290787355,0.010518236994359985
2023-07-02,TANJUNG_BARA,DHAMRA,Thermal Coal,Supramax,12.15,12.22,12.19,12.35,12.42,12.1,12.255714285714287,0.06373307431705426,12.298,0.08918790702004993,11.96,0.2951822898984077,-0.129999999999999,-1.0526315789473604,0.00725222857538217
2023-07-02,TANJUNG_BARA,PARADIP,Thermal Coal,Supramax,12.35,12.38,12.38,12.6,12.56,12.49,12.452857142857143,0.09086882225017315,12.589,0.1051222605120897,12.221777777777776,0.310156096175798,-0.21999999999999886,-1.7460317460317372,0.00835032651617203
2023-07-02,HAY_POINT,PARADIP,Coking Coal,Capesize,19.96,19.96,19.95,20.17,20.51,20.01,20.03142857142857,0.10383136511163304,20.262,0.17742215388639124,19.693888888888885,0.4546876800530662,-0.21000000000000085,-1.0411502231036234,0.008756398869133908
2023-07-02,HAY_POINT,DHAMRA,Coking Coal,Capesize,19.75,19.68,19.78,19.95,20.09,19.66,19.834285714285716,0.10829852920781956,19.985333333333333,0.1551136031595062,19.386333333333333,0.47262463429640555,-0.2699999999999996,-1.3533834586466145,0.007761371830651121
2023-07-02,BALIKPAPAN,KAMARAJAR,Thermal Coal,Supramax,11.73,11.72,11.72,11.98,12.03,11.79,11.79857142857143,0.10745984853699243,11.915333333333333,0.11125408425927054,11.545222222222222,0.3193118576281868,-0.2599999999999998,-2.170283806343905,0.009337051775801814
2023-07-02,NEWCASTLE,DHAMRA,Thermal Coal,Panamax,23.7,23.7,23.81,24.06,24.43,23.87,23.888571428571428,0.1386156041515239,24.151,0.20422013139968737,23.421777777777777,0.6025201339873524,-0.35999999999999943,-1.4962593516209453,0.008455969997088624
2023-07-03,TANJUNG_BARA,PARADIP,Thermal Coal,Supramax,12.37,12.35,12.35,12.53,12.56,12.53,12.417142857142855,0.07016986193374164,12.584333333333332,0.11251615465110144,12.227222222222222,0.3080275333446373,-0.17999999999999972,-1.4365522745410992,0.008940970623614134
2023-07-03,NEWCASTLE,DHAMRA,Thermal Coal,Panamax,23.64,23.7,23.76,24.02,24.38,23.97,23.837142857142855,0.13098527725339937,24.145333333333333,0.2143914134494657,23.431111111111107,0.6002217650925765,-0.3200000000000003,-1.3322231473771868,0.00887920702894137
2023-07-03,HAY_POINT,DHAMRA,Coking Coal,Capesize,19.69,19.75,19.72,19.92,20.11,19.71,19.805714285714288,0.09863352081608281,19.988333333333333,0.14936840208122135,19.395555555555553,0.4715194447385312,-0.1700000000000017,-0.8534136546184824,0.007472779225275812
2023-07-03,BALIKPAPAN,KAMARAJAR,Thermal Coal,Supramax,11.65,11.73,11.69,11.9,12.06,11.8,11.762857142857143,0.0731925054709691,11.913333333333332,0.1140880885720503,11.55111111111111,0.31775704252997133,-0.16999999999999993,-1.428571428571428,0.009576504356915247
2023-07-03,MAPUTO,VISAKHAPATNAM,Coking Coal,Panamax,20.97,20.92,21.0,21.36,21.47,21.32,21.11285714285714,0.17604112073760927,21.404,0.1885077516012864,20.782333333333334,0.5142509552191857,-0.4399999999999977,-2.0599250936329483,0.008807127247303608
2023-07-03,HAY_POINT,PARADIP,Coking Coal,Capesize,19.92,19.96,19.91,20.16,20.42,20.11,20.00142857142857,0.08591246929838403,20.26033333333333,0.18008586713082456,19.702444444444446,0.4523380239269819,-0.1999999999999993,-0.9920634920634885,0.008888593497844289
2023-07-03,GLADSTONE,PARADIP,Coking Coal,Panamax,23.13,23.19,23.14,23.56,23.76,23.46,23.315714285714286,0.15925421426712139,23.611333333333334,0.19447069335694997,22.88422222222222,0.5875888224087761,-0.36999999999999744,-1.570458404074692,0.008236328317910182
2023-07-03,HAY_POINT,VISAKHAPATNAM,Coking Coal,Capesize,19.03,19.1,19.1,19.33,19.74,19.25,19.19142857142857,0.10542431272814232,19.480999999999998,0.21179609582533823,18.933333333333334,0.478224713293336,-0.22999999999999687,-1.18986032074494,0.01087193141139255
2023-07-03,TANJUNG_BARA,DHAMRA,Thermal Coal,Supramax,12.12,12.15,12.23,12.34,12.4,12.17,12.227142857142857,0.05908025211925469,12.299666666666667,0.08576163169658536,11.966666666666667,0.2925824574065015,-0.1899999999999995,-1.539708265802265,0.006972679343336028
2023-07-03,RICHARDS_BAY,PARADIP,Thermal Coal,Capesize,17.85,17.82,17.91,18.29,18.4,17.97,18.0,0.1666333299991414,18.208333333333332,0.183285782757172,17.606444444444442,0.4743494921459241,-0.46999999999999886,-2.5697102241662053,0.010066038412293199
2023-07-04,MAPUTO,VISAKHAPATNAM,Coking Coal,Panamax,21.06,20.97,20.95,21.3,21.52,21.4,21.057142857142857,0.14349381934616648,21.392333333333333,0.2040737414612721,20.789555555555555,0.5122453570972509,-0.33000000000000185,-1.549295774647896,0.00953957374735211
2023-07-04,HAY_POINT,VISAKHAPATNAM,Coking Coal,Capesize,19.06,19.03,19.1,19.33,19.73,19.29,19.148571428571426,0.10056980518130394,19.473666666666663,0.22355256009805863,18.94022222222222,0.47505641954173633,-0.29999999999999716,-1.5519917227107975,0.011479736401194365
2023-07-04,NEWCASTLE,DHAMRA,Thermal Coal,Panamax,23.65,23.64,23.7,23.99,24.36,24.04,23.782857142857143,0.12092894411106517,24.134333333333334,0.23148223039457286,23.44011111111111,0.597172164670407,-0.34999999999999787,-1.4589412255106207,0.00959140769282652
2023-07-04,TANJUNG_BARA,DHAMRA,Thermal Coal,Supramax,12.09,12.12,12.22,12.25,12.41,12.16,12.195714285714285,0.046136443605571835,12.298,0.08880043491659088,11.972444444444445,0.2903864573834587,-0.13000000000000078,-1.0612244897959247,0.00722072165527654
2023-07-04,GLADSTONE,PARADIP,Coking Coal,Panamax,23.15,23.13,23.19,23.46,23.72,23.6,23.254285714285714,0.1294677749937795,23.60033333333333,0.2118796557146708,22.893666666666665,0.584591377503716,-0.33000000000000185,-1.4066496163682944,0.008977824707899781
2023-07-04,HAY_POINT,PARADIP,Coking Coal,Capesize,19.9,19.92,19.96,20.07,20.36,20.17,19.967142857142857,0.05407226205554469,20.254,0.18869058781790207,19.71088888888889,0.4491806384324699,-0.14999999999999858,-0.7473841554558973,0.009316213479702877
2023-07-04,TANJUNG_BARA,PARADIP,Thermal Coal,Supramax,12.42,12.37,12.38,12.48,12.61,12.57,12.394285714285715,0.05061526214389988,12.579,0.11879713220734353,12.233333333333333,0.30530147193233376,-0.11000000000000121,-0.8814102564102662,0.00944408396592285
2023-07-04,RICHARDS_BAY,PARADIP,Thermal Coal,Capesize,17.94,17.85,17.84,18.12,18.42,18.05,17.937142857142856,0.11353623294091557,18.204333333333338,0.18985808372047952,17.61511111111111,0.47155550495901144,-0.2699999999999996,-1.4900662251655605,0.010429279679956025
2023-07-04,HAY_POINT,DHAMRA,Coking Coal,Capesize,19.7,19.69,19.68,19.93,20.1,19.82,19.77285714285714,0.09232447954802818,19.987666666666666,0.15069227226240797,19.403777777777776,0.4701125320165824,-0.23999999999999844,-1.2042147516306996,0.0075392628251959365
2023-07-04,BALIKPAPAN,KAMARAJAR,Thermal Coal,Supramax,11.63,11.65,11.72,11.82,12.09,11.8,11.727142857142855,0.053452248382257796,11.908333333333333,0.12222318007287884,11.556222222222225,0.31557537171165934,-0.16999999999999993,-1.4382402707275799,0.010263668025714108
2023-07-05,HAY_POINT,PARADIP,Coking Coal,Capesize,19.92,19.9,19.96,20.0,20.31,20.23,19.942857142857143,0.03498298906331408,20.245,0.19899315531469863,19.718333333333334,0.4466661775390352,-0.10000000000000142,-0.5000000000000071,0.009829249459851747
2023-07-05,RICHARDS_BAY,PARADIP,Thermal Coal,Capesize,17.88,17.94,17.82,18.04,18.36,18.07,17.91142857142857,0.08091735937088654,18.200666666666667,0.1939593511152454,17.624444444444446,0.46955420194506203,-0.09999999999999787,-0.5543237250554206,0.010656716848205856
2023-07-05,BALIKPAPAN,KAMARAJAR,Thermal Coal,Supramax,11.67,11.63,11.73,11.76,12.04,11.9,11.700000000000001,0.046188021534912777,11.902666666666669,0.13104180257837322,11.560222222222222,0.3141851518022046,-0.129999999999999,-1.1054421768707399,0.011009449079621363
2023-07-05,HAY_POINT,DHAMRA,Coking Coal,Capesize,19.69,19.7,19.75,19.86,20.1,19.94,19.740000000000002,0.06350852961089386,19.983666666666668,0.15676653701126392,19.411666666666665,0.46904696585711575,-0.16000000000000014,-0.8056394763343411,0.007844733382825837
2023-07-05,GLADSTONE,PARADIP,Coking Coal,Panamax,23.15,23.15,23.19,23.4,23.72,23.7,23.21,0.0960902353689989,23.585333333333335,0.22727369696767316,22.903444444444442,0.5813934464504544,-0.25,-1.0683760683760684,0.009636230014458413
2023-07-05,TANJUNG_BARA,DHAMRA,Thermal Coal,Supramax,12.03,12.09,12.15,12.21,12.39,12.2,12.172857142857143,0.05376314900073285,12.295666666666667,0.09335447215458262,11.977777777777778,0.28805343518712134,-0.120000000000001,-0.9828009828009909,0.0075924693378086544
2023-07-05,TANJUNG_BARA,PARADIP,Thermal Coal,Supramax,12.31,12.42,12.35,12.45,12.65,12.6,12.385714285714286,0.03690399384749171,12.574000000000002,0.12229416203958794,12.239777777777777,0.30301843967245257,-0.02999999999999936,-0.2409638554216816,0.009725955307745183
2023-07-05,HAY_POINT,VISAKHAPATNAM,Coking Coal,Capesize,19.13,19.06,19.1,19.23,19.68,19.36,19.110000000000003,0.06480740698349104,19.466,0.23377855717123175,18.94788888888889,0.47130346254588373,-0.1700000000000017,-0.8840353614144654,0.012009583744540827
2023-07-05,MAPUTO,VISAKHAPATNAM,Coking Coal,Panamax,21.03,21.06,20.92,21.21,21.49,21.48,21.02285714285714,0.09690446940439942,21.380999999999997,0.2128841355582722,20.796555555555557,0.5115808526411426,-0.15000000000000213,-0.7072135785007172,0.009956696859748012
2023-07-05,NEWCASTLE,DHAMRA,Thermal Coal,Panamax,23.64,23.65,23.7,23.88,24.31,24.13,23.73428571428571,0.08753230696099,24.121333333333332,0.24736868105675128,23.448888888888884,0.5943487502752643,-0.23000000000000043,-0.9631490787269701,0.010255182731334004
2023-07-06,HAY_POINT,PARADIP,Coking Coal,Capesize,19.91,19.92,19.92,19.95,20.28,20.3,19.931428571428572,0.024784787961173265,20.234666666666666,0.20765909286762582,19.726555555555553,0.4434445384449827,-0.029999999999997584,-0.15037593984961195,0.01026254083096464
2023-07-06,HAY_POINT,VISAKHAPATNAM,Coking Coal,Capesize,19.11,19.13,19.03,19.15,19.63,19.43,19.095714285714287,0.040355562547147956,19.458333333333332,0.24103345501556656,18.955777777777776,0.46830072393703265,-0.019999999999999574,-0.10443864229764792,0.012387158287737897
2023-07-06,TANJUNG_BARA,DHAMRA,Thermal Coal,Supramax,12.06,12.03,12.12,12.19,12.37,12.21,12.147142857142857,0.07273565968955793,12.29,0.10392304845411507,11.982222222222223,0.2857034597556698,-0.16000000000000014,-1.3125512715340455,0.008455903047527672
2023-07-06,RICHARDS_BAY,PARADIP,Thermal Coal,Capesize,17.84,17.88,17.85,17.98,18.34,18.09,17.888571428571428,0.05785861256163795,18.194333333333336,0.20133491283537072,17.633111111111113,0.4669567851535814,-0.10000000000000142,-0.5561735261401637,0.011065803244711944
2023-07-06,MAPUTO,VISAKHAPATNAM,Coking Coal,Panamax,21.04,21.03,20.97,21.05,21.54,21.51,20.997142857142855,0.05282495802692649,21.366,0.22135320503505057,20.80388888888889,0.5101259911448083,-0.019999999999999574,-0.09501187648455854,0.010360067632455798
2023-07-06,HAY_POINT,DHAMRA,Coking Coal,Capesize,19.66,19.69,19.69,19.78,20.05,19.96,19.715714285714284,0.03690399384767135,19.97533333333333,0.165565558082154,19.419666666666668,0.46756709546763014,-0.08999999999999986,-0.4550050556117282,0.008288500387919468
2023-07-06,BALIKPAPAN,KAMARAJAR,Thermal Coal,Supramax,11.64,11.67,11.65,11.72,12.05,11.88,11.687142857142858,0.03860668582580854,11.895,0.13775916015603926,11.564444444444444,0.31306427207831544,-0.05000000000000071,-0.42662116040956233,0.011581266091302165
2023-07-06,NEWCASTLE,DHAMRA,Thermal Coal,Panamax,23.68,23.64,23.64,23.81,24.28,24.15,23.7,0.06506407098654288,24.105000000000004,0.26249137916867293,23.458333333333332,0.5905020716552768,-0.16999999999999815,-0.7139857202855866,0.010889499239521795
2023-07-06,TANJUNG_BARA,PARADIP,Thermal Coal,Supramax,12.33,12.31,12.37,12.38,12.62,12.66,12.365714285714287,0.03408672412972134,12.564333333333334,0.13129811652228096,12.244555555555555,0.3006627926039971,-0.07000000000000028,-0.5654281098546065,0.010450066313820679
2023-07-06,GLADSTONE,PARADIP,Coking Coal,Panamax,23.15,23.15,23.13,23.27,23.7,23.71,23.174285714285713,0.048255273582364526,23.567,0.23955634280755503,22.913111111111114,0.5781346300274364,-0.120000000000001,-0.5156854318865536,0.010164906131775578
2023-07-07,BALIKPAPAN,KAMARAJAR,Thermal Coal,Supramax,11.71,11.64,11.63,11.69,12.02,11.86,11.675714285714287,0.03909694909514232,11.887,0.1454161685266329,11.568444444444443,0.3116859234171794,-0.049999999999998934,-0.4277159965782629,0.01223321010571489
2023-07-07,HAY_POINT,DHAMRA,Coking Coal,Capesize,19.73,19.66,19.7,19.72,20.08,19.96,19.698571428571427,0.029113897843178443,19.96533333333333,0.17529744836239,19.42822222222222,0.4648029128729962,-0.05999999999999872,-0.30425963488843166,0.008780091242940598
2023-07-07,MAPUTO,VISAKHAPATNAM,Coking Coal,Panamax,21.11,21.04,21.06,21.0,21.52,21.45,20.995714285714286,0.05126959555761753,21.35033333333333,0.22736092123697432,20.811777777777777,0.5082014503200386,0.03999999999999915,0.1904761904761864,0.01064905721551456
2023-07-07,HAY_POINT,PARADIP,Coking Coal,Capesize,19.96,19.91,19.9,19.91,20.2,20.3,19.92571428571429,0.024397501823604832,20.22166666666667,0.21548795203280996,19.735111111111113,0.439410341468874,0.0,0.0,0.010656290383226403
2023-07-07,GLADSTONE,PARADIP,Coking Coal,Panamax,23.2,23.15,23.15,23.14,23.61,23.72,23.157142857142855,0.023603873772769093,23.548333333333332,0.2496353662684326,22.922888888888888,0.5745662642463395,0.00999999999999801,0.043215211754529,0.010600978113175707
2023-07-07,TANJUNG_BARA,DHAMRA,Thermal Coal,Supramax,12.07,12.06,12.09,12.23,12.4,12.26,12.12857142857143,0.07646972634721651,12.285,0.1112546008347199,11.987333333333332,0.28288958420899435,-0.16999999999999993,-1.3900245298446436,0.009056133564079763
2023-07-07,HAY_POINT,VISAKHAPATNAM,Coking Coal,Capesize,19.2,19.11,19.06,19.1,19.59,19.43,19.09,0.03366501646010714,19.44766666666667,0.2492704297071686,18.962666666666667,0.4659261647635113,0.00999999999999801,0.052356020942397954,0.012817498056690703
2023-07-07,TANJUNG_BARA,PARADIP,Thermal Coal,Supramax,12.38,12.33,12.42,12.35,12.62,12.63,12.358571428571429,0.03579039509342336,12.553333333333333,0.13671852114102281,12.249333333333334,0.29853499973607867,-0.019999999999999574,-0.1619433198380532,0.01089101336758015
2023-07-07,NEWCASTLE,DHAMRA,Thermal Coal,Panamax,23.71,23.68,23.65,23.76,24.28,24.12,23.681428571428572,0.043369947901296245,24.089333333333332,0.273507653972518,23.467777777777776,0.5871274152582001,-0.08000000000000185,-0.33670033670034444,0.011353890545159047
2023-07-07,RICHARDS_BAY,PARADIP,Thermal Coal,Capesize,17.89,17.84,17.94,17.91,18.29,18.07,17.86857142857143,0.04336994790049358,18.186,0.2107556192239539,17.641666666666666,0.46356520213361835,-0.07000000000000028,-0.39084310441094516,0.011588893611786753
2023-07-08,HAY_POINT,DHAMRA,Coking Coal,Capesize,19.76,19.73,19.69,19.68,20.05,19.99,19.7,0.030550504633104526,19.957666666666668,0.1804913472630947,19.438000000000002,0.4617485088154044,0.05000000000000071,0.2540650406504101,0.009043709882405828
2023-07-08,HAY_POINT,PARADIP,Coking Coal,Capesize,20.01,19.96,19.92,19.96,20.25,20.32,19.93285714285714,0.02627691364050952,20.21033333333333,0.22011726237492663,19.744222222222223,0.4354152809863065,0.0,0.0,0.010891322708264418
2023-07-08,TANJUNG_BARA,DHAMRA,Thermal Coal,Supramax,12.17,12.07,12.03,12.22,12.36,12.22,12.105714285714285,0.06399404734221273,12.278666666666668,0.11793432811154989,11.993222222222224,0.2789620721583431,-0.15000000000000036,-1.227495908346975,0.009604815515654513
2023-07-08,TANJUNG_BARA,PARADIP,Thermal Coal,Supramax,12.44,12.38,12.31,12.38,12.62,12.65,12.362857142857141,0.036384193323481716,12.544999999999998,0.1394756189298402,12.25511111111111,0.29593593462648426,0.0,0.0,0.011118024625734572
2023-07-08,HAY_POINT,VISAKHAPATNAM,Coking Coal,Capesize,19.21,19.2,19.13,19.1,19.55,19.48,19.104285714285716,0.053807416730060884,19.439999999999998,0.2533363581185839,18.97133333333333,0.4629635848518488,0.09999999999999787,0.5235602094240727,0.01303170566453621
2023-07-08,BALIKPAPAN,KAMARAJAR,Thermal Coal,Supramax,11.7,11.71,11.67,11.72,12.02,11.88,11.678571428571429,0.04099941927551006,11.882000000000001,0.14891330502609085,11.573888888888888,0.30980492029532264,-0.009999999999999787,-0.08532423208190944,0.012532680106555363
2023-07-08,MAPUTO,VISAKHAPATNAM,Coking Coal,Panamax,21.13,21.11,21.03,20.95,21.51,21.51,21.01142857142857,0.06718843437941548,21.339,0.23067143374246823,20.82011111111111,0.5068574571786952,0.16000000000000014,0.763723150357996,0.010809852089716868
2023-07-08,RICHARDS_BAY,PARADIP,Thermal Coal,Capesize,17.94,17.89,17.88,17.84,18.36,18.16,17.865714285714287,0.04076646614368206,18.18,0.21665163519916525,17.65088888888889,0.4601065935228647,0.05000000000000071,0.2802690582959681,0.011917031639118001
2023-07-08,NEWCASTLE,DHAMRA,Thermal Coal,Panamax,23.77,23.71,23.64,23.7,24.16,24.12,23.67428571428571,0.03047247001114684,24.075666666666667,0.2820330542296465,23.477555555555554,0.5837043870707176,0.010000000000001563,0.042194092827010816,0.01171444422015229
2023-07-08,GLADSTONE,PARADIP,Coking Coal,Panamax,23.3,23.2,23.15,23.19,23.58,23.75,23.16571428571428,0.02699206232411927,23.531,0.2552936105472038,22.934111111111115,0.5699357236466637,0.00999999999999801,0.043122035360060415,0.010849246124142781
2023-07-09,HAY_POINT,VISAKHAPATNAM,Coking Coal,Capesize,19.25,19.21,19.11,19.1,19.43,19.51,19.12,0.06683312551863281,19.430999999999997,0.2566407659717773,18.980666666666668,0.45915604064731613,0.10999999999999943,0.5759162303664891,0.013207800214696997
2023-07-09,TANJUNG_BARA,PARADIP,Thermal Coal,Supramax,12.47,12.44,12.33,12.35,12.6,12.67,12.37142857142857,0.046700667885409886,12.538,0.1392937852909803,12.261666666666667,0.2933849333233192,0.08999999999999986,0.7287449392712539,0.01110972924636946
2023-07-09,GLADSTONE,PARADIP,Coking Coal,Panamax,23.29,23.3,23.15,23.19,23.58,23.76,23.18142857142857,0.05785861256162617,23.516,0.25520242134840615,22.94611111111111,0.5660878846377035,0.10999999999999943,0.4743423889607565,0.01085228871187303
2023-07-09,MAPUTO,VISAKHAPATNAM,Coking Coal,Panamax,21.11,21.13,21.04,20.92,21.39,21.53,21.037142857142857,0.07387247699391054,21.32633333333333,0.2313898536405479,20.829222222222224,0.5049512776091136,0.2099999999999973,1.0038240917781898,0.010849959532372245
2023-07-09,NEWCASTLE,DHAMRA,Thermal Coal,Panamax,23.79,23.77,23.68,23.7,24.06,24.19,23.684285714285714,0.04720774754825982,24.064000000000004,0.28732535925133307,23.48877777777778,0.5794472914299682,0.07000000000000028,0.29535864978903076,0.011940049835909784
2023-07-09,HAY_POINT,DHAMRA,Coking Coal,Capesize,19.77,19.76,19.66,19.75,19.95,20.06,19.711428571428574,0.03625307868705527,19.95,0.1839227723990738,19.448,0.45882654429838754,0.010000000000001563,0.05063291139241298,0.009219186586419738
2023-07-09,TANJUNG_BARA,DHAMRA,Thermal Coal,Supramax,12.23,12.17,12.06,12.15,12.35,12.3,12.098571428571429,0.05047394424471247,12.277,0.11913915364409278,12.000222222222222,0.27534239268317307,0.019999999999999574,0.16460905349793886,0.009704256222537492
2023-07-09,HAY_POINT,PARADIP,Coking Coal,Capesize,20.03,20.01,19.91,19.96,20.17,20.36,19.94,0.03872983346200307,20.2,0.22205932727002475,19.753777777777778,0.431648467506435,0.05000000000000071,0.25050100200401154,0.010993036003466572
2023-07-09,BALIKPAPAN,KAMARAJAR,Thermal Coal,Supramax,11.71,11.7,11.64,11.73,11.98,11.92,11.675714285714287,0.038234863173306585,11.876,0.15257784898208646,11.579444444444446,0.30749937831710866,-0.030000000000001137,-0.2557544757033345,0.012847579065517553
2023-07-09,RICHARDS_BAY,PARADIP,Thermal Coal,Capesize,17.91,17.94,17.84,17.82,18.34,18.17,17.88,0.04725815626187967,18.172666666666665,0.22103102190341412,17.660777777777778,0.4565976464421906,0.120000000000001,0.673400673400679,0.01216282816152908
2023-07-10,MAPUTO,VISAKHAPATNAM,Coking Coal,Panamax,21.21,21.11,21.11,20.97,21.36,21.5,21.064285714285713,0.056526437136201715,21.312333333333335,0.2313481230158705,20.839111111111112,0.5015899315434301,0.14000000000000057,0.6676204101096832,0.010855128783765447
2023-07-10,NEWCASTLE,DHAMRA,Thermal Coal,Panamax,23.81,23.79,23.71,23.64,24.02,24.21,23.697142857142858,0.062105900340883195,24.050666666666665,0.2905397276333752,23.499555555555556,0.5758782469461975,0.14999999999999858,0.634517766497456,0.012080319088869688
2023-07-10,TANJUNG_BARA,PARADIP,Thermal Coal,Supramax,12.42,12.47,12.38,12.37,12.53,12.68,12.388571428571428,0.05814595756321687,12.531333333333333,0.1375332770599565,12.268555555555556,0.290878410487776,0.10000000000000142,0.8084074373484351,0.01097515111932408
2023-07-10,HAY_POINT,PARADIP,Coking Coal,Capesize,20.13,20.03,19.96,19.92,20.16,20.39,19.95,0.05163977794937775,20.189000000000004,0.22203370356157828,19.763333333333335,0.428084313862714,0.10999999999999943,0.5522088353413626,0.010997756380285217
2023-07-10,HAY_POINT,VISAKHAPATNAM,Coking Coal,Capesize,19.34,19.25,19.2,19.03,19.33,19.57,19.141428571428573,0.08173709305372122,19.42233333333333,0.258265879217089,18.990444444444442,0.45535986783910837,0.21999999999999886,1.1560693641618436,0.013297366221896907
2023-07-10,RICHARDS_BAY,PARADIP,Thermal Coal,Capesize,17.89,17.91,17.89,17.85,18.29,18.28,17.892857142857146,0.03988077469677351,18.164,0.22617661698096655,17.669333333333334,0.45393609410142527,0.05999999999999872,0.3361344537815054,0.01245191681242934
2023-07-10,GLADSTONE,PARADIP,Coking Coal,Panamax,23.39,23.29,23.2,23.13,23.56,23.76,23.19571428571428,0.07114706432342534,23.500333333333334,0.2541311544816602,22.958111111111112,0.561738662185775,0.16000000000000014,0.6917423259835718,0.010813938290875031
2023-07-10,BALIKPAPAN,KAMARAJAR,Thermal Coal,Supramax,11.8,11.71,11.71,11.65,11.9,11.91,11.672857142857142,0.03401680257048895,11.869,0.1552828342756852,11.58488888888889,0.30539436447432056,0.0600000000000005,0.5150214592274721,0.013083059590166417
2023-07-10,TANJUNG_BARA,DHAMRA,Thermal Coal,Supramax,12.21,12.23,12.07,12.12,12.34,12.3,12.11,0.06952217871537553,12.274666666666667,0.11935843825052941,12.008000000000001,0.27177403039199866,0.11000000000000121,0.9075907590759176,0.009723965749282757
2023-07-10,HAY_POINT,DHAMRA,Coking Coal,Capesize,19.81,19.77,19.73,19.69,19.92,20.12,19.714285714285715,0.04035556254812399,19.94033333333333,0.18555570468270235,19.457666666666668,0.4563092042547812,0.0799999999999983,0.4062976130015149,0.009305546782034857
2023-07-11,HAY_POINT,PARADIP,Coking Coal,Capesize,20.16,20.13,20.01,19.9,20.07,20.39,19.98,0.0828653526310043,20.180333333333337,0.21897068506895948,19.773777777777777,0.4253975741936801,0.23000000000000043,1.1557788944723641,0.010850697134287149
2023-07-11,BALIKPAPAN,KAMARAJAR,Thermal Coal,Supramax,11.8,11.8,11.7,11.63,11.82,11.99,11.694285714285716,0.05682051943222379,11.865333333333332,0.15557974634014723,11.591555555555555,0.30344061156025204,0.16999999999999993,1.4617368873602745,0.013112126054063427
2023-07-11,HAY_POINT,DHAMRA,Coking Coal,Capesize,19.78,19.81,19.76,19.7,19.93,20.18,19.731428571428573,0.05209880722521298,19.93,0.18382900600378493,19.46811111111111,0.45345587955897976,0.10999999999999943,0.5583756345177636,0.009223733366973654
2023-07-11,GLADSTONE,PARADIP,Coking Coal,Panamax,23.38,23.39,23.3,23.15,23.46,23.81,23.232857142857142,0.09499373412886383,23.488,0.2500399968005531,22.972111111111115,0.5565453118523467,0.240000000000002,1.036717062634998,0.010645435831086219
2023-07-11,NEWCASTLE,DHAMRA,Thermal Coal,Panamax,23.78,23.81,23.77,23.65,23.99,24.27,23.721428571428568,0.0689029683513566,24.037333333333333,0.2921493870740772,23.51122222222222,0.5713454016966508,0.16000000000000014,0.676532769556026,0.012153984929307629
2023-07-11,TANJUNG_BARA,PARADIP,Thermal Coal,Supramax,12.43,12.42,12.44,12.42,12.48,12.73,12.395714285714286,0.05855400437683554,12.522666666666668,0.13602569060933842,12.275333333333332,0.28715653641263233,0.0,0.0,0.010862358172594101
2023-07-11,RICHARDS_BAY,PARADIP,Thermal Coal,Capesize,17.94,17.89,17.94,17.94,18.12,18.37,17.89857142857143,0.03532165125751553,18.151,0.2304470916912486,17.67733333333333,0.4513744303839799,-0.05000000000000071,-0.2787068004459348,0.012696109949382877
2023-07-11,MAPUTO,VISAKHAPATNAM,Coking Coal,Panamax,21.21,21.21,21.13,21.06,21.3,21.51,21.09857142857143,0.0622972903185167,21.302666666666664,0.22928574753561576,20.85011111111111,0.49870730521988094,0.15000000000000213,0.7122507122507225,0.010763241575496766
2023-07-11,HAY_POINT,VISAKHAPATNAM,Coking Coal,Capesize,19.3,19.34,19.21,19.06,19.33,19.62,19.185714285714287,0.09431456989857638,19.41466666666667,0.2571425652250802,19.001222222222225,0.45197650276445145,0.28000000000000114,1.4690451206715696,0.013244758184108932
2023-07-11,TANJUNG_BARA,DHAMRA,Thermal Coal,Supramax,12.12,12.21,12.17,12.09,12.25,12.38,12.122857142857143,0.07931252228037804,12.271666666666667,0.11982986022813796,12.014777777777777,0.26907760785912954,0.120000000000001,0.992555831265517,0.009764758405117856
2023-07-12,RICHARDS_BAY,PARADIP,Thermal Coal,Capesize,18.05,17.94,17.91,17.88,18.04,18.38,17.89857142857143,0.03532165125751553,18.136666666666663,0.22972747472530855,17.686333333333334,0.44840403630570563,0.060000000000002274,0.33557046979867045,0.012666466167541367
2023-07-12,TANJUNG_BARA,DHAMRA,Thermal Coal,Supramax,12.15,12.12,12.23,12.03,12.21,12.33,12.127142857142857,0.07804150299984902,12.263,0.12111977542910242,12.020777777777777,0.26526741977674495,0.08999999999999986,0.7481296758104726,0.009876847054481157
2023-07-12,MAPUTO,VISAKHAPATNAM,Coking Coal,Panamax,21.24,21.21,21.11,21.03,21.21,21.49,21.12,0.0718795288433725,21.292666666666666,0.22645595344470879,20.861555555555555,0.4949609248250265,0.17999999999999972,0.8559201141226805,0.010635396542379636
2023-07-12,TANJUNG_BARA,PARADIP,Thermal Coal,Supramax,12.44,12.43,12.47,12.31,12.45,12.8,12.397142857142857,0.0593616839703909,12.512666666666666,0.1311995934953071,12.281222222222222,0.28479769195575655,0.11999999999999922,0.9748172217709116,0.010485342332727405
2023-07-12,HAY_POINT,VISAKHAPATNAM,Coking Coal,Capesize,19.31,19.3,19.25,19.13,19.23,19.64,19.22,0.08406346808559761,19.404,0.2549590907008307,19.011666666666667,0.4478343644446304,0.1700000000000017,0.8886565603763812,0.013139511992415519
2023-07-12,GLADSTONE,PARADIP,Coking Coal,Panamax,23.39,23.38,23.29,23.15,23.4,23.72,23.265714285714285,0.10113640011640716,23.473666666666666,0.24317559050223939,22.98644444444444,0.5501466834248868,0.23000000000000043,0.9935205183585332,0.010359505992626037
2023-07-12,BALIKPAPAN,KAMARAJAR,Thermal Coal,Supramax,11.81,11.8,11.71,11.67,11.76,11.96,11.718571428571428,0.06094494002180537,11.859,0.1541908803600491,11.598333333333333,0.3011746665562537,0.13000000000000078,1.1139674378748996,0.013002013690871837
2023-07-12,NEWCASTLE,DHAMRA,Thermal Coal,Panamax,23.78,23.78,23.79,23.64,23.88,24.25,23.74,0.06377042156576791,24.021,0.29239026824684267,23.522444444444446,0.5665216381937933,0.14000000000000057,0.5922165820643002,0.012172277101154934
2023-07-12,HAY_POINT,DHAMRA,Coking Coal,Capesize,19.77,19.78,19.77,19.69,19.86,20.16,19.742857142857144,0.05282495802630079,19.916666666666668,0.17952683659423788,19.478333333333335,0.44994943536136783,0.08999999999999986,0.45708481462671335,0.009013899745317383
2023-07-12,HAY_POINT,PARADIP,Coking Coal,Capesize,20.18,20.16,20.03,19.92,20.0,20.42,20.017142857142858,0.0979309766645354,20.172666666666665,0.21537350609224373,19.785,0.42206621238909814,0.23999999999999844,1.2048192771084258,0.010676501508257564
2023-07-13,BALIKPAPAN,KAMARAJAR,Thermal Coal,Supramax,11.85,11.81,11.8,11.64,11.72,11.95,11.73857142857143,0.06517376042238393,11.854000000000001,0.15323185047502358,11.605333333333334,0.2986531564627403,0.16999999999999993,1.4604810996563566,0.012926594438588119
2023-07-13,HAY_POINT,DHAMRA,Coking Coal,Capesize,19.82,19.77,19.81,19.66,19.78,20.18,19.754285714285714,0.04790864322063829,19.903666666666666,0.17537119909302795,19.488666666666667,0.44578475180720517,0.10999999999999943,0.5595116988809737,0.008810999602737919
2023-07-13,GLADSTONE,PARADIP,Coking Coal,Panamax,23.46,23.39,23.39,23.15,23.27,23.7,23.300000000000004,0.09591663046590697,23.462666666666667,0.23907772986951598,23.0,0.544807975654804,0.240000000000002,1.036717062634998,0.010189708325404159
2023-07-13,TANJUNG_BARA,DHAMRA,Thermal Coal,Supramax,12.21,12.15,12.21,12.06,12.19,12.34,12.144285714285715,0.0652832655579047,12.257,0.1221403940638196,12.026333333333332,0.2626376578593564,0.08999999999999986,0.7462686567164167,0.009964950156140948
2023-07-13,TANJUNG_BARA,PARADIP,Thermal Coal,Supramax,12.48,12.44,12.42,12.33,12.38,12.73,12.415714285714285,0.046496287614129515,12.500666666666666,0.11999808427589895,12.287111111111113,0.2825058195460909,0.10999999999999943,0.8921330089213255,0.009599334777550447
2023-07-13,NEWCASTLE,DHAMRA,Thermal Coal,Panamax,23.91,23.78,23.81,23.68,23.81,24.31,23.759999999999998,0.046904157598332455,24.005333333333333,0.2922886307712032,23.534,0.5609618545383873,0.10000000000000142,0.4222972972973033,0.012175987173872607
2023-07-13,HAY_POINT,VISAKHAPATNAM,Coking Coal,Capesize,19.3,19.31,19.34,19.11,19.15,19.66,19.245714285714286,0.079342536480421,19.393000000000004,0.2515215765063425,19.02177777777778,0.44412665917310384,0.1999999999999993,1.0465724751439,0.01296970950891262
2023-07-13,RICHARDS_BAY,PARADIP,Thermal Coal,Capesize,18.05,18.05,17.89,17.84,17.98,18.37,17.922857142857143,0.06575568054356498,18.125666666666667,0.22553665247401458,17.696111111111108,0.44660943509466183,0.21000000000000085,1.1771300448430542,0.01244294384430998
2023-07-13,HAY_POINT,PARADIP,Coking Coal,Capesize,20.27,20.18,20.13,19.91,19.95,20.43,20.054285714285715,0.10406042200839222,20.164666666666665,0.21026638823886518,19.796,0.41927653045310564,0.2699999999999996,1.3561024610748347,0.010427466603573835
2023-07-13,MAPUTO,VISAKHAPATNAM,Coking Coal,Panamax,21.31,21.24,21.21,21.04,21.05,21.56,21.150000000000002,0.07187952884338528,21.284333333333333,0.22352479355389335,20.873444444444445,0.4909979773205375,0.1999999999999993,0.9505703422053199,0.010501846125658623
2023-07-14,HAY_POINT,PARADIP,Coking Coal,Capesize,20.35,20.27,20.16,19.96,19.91,20.45,20.10571428571429,0.10967484410093309,20.159333333333336,0.2052741368618958,19.807666666666666,0.4176742723137721,0.3099999999999987,1.5531062124248434,0.010182585577990134
2023-07-14,HAY_POINT,VISAKHAPATNAM,Coking Coal,Capesize,19.41,19.3,19.3,19.2,19.1,19.69,19.27285714285714,0.053452248381604416,19.380999999999997,0.24688891820208256,19.03233333333333,0.4392436041881796,0.10000000000000142,0.5208333333333408,0.012738708952173912
2023-07-14,MAPUTO,VISAKHAPATNAM,Coking Coal,Panamax,21.32,21.31,21.21,21.11,21.0,21.54,21.18857142857143,0.07537209285295957,21.276,0.21747136157072608,20.886666666666667,0.48648244422522685,0.1999999999999993,0.9474182851729005,0.010221440194149563
2023-07-14,HAY_POINT,DHAMRA,Coking Coal,Capesize,19.95,19.82,19.78,19.73,19.72,20.12,19.777142857142856,0.030394235042419927,19.891666666666666,0.16797133033989234,19.499666666666666,0.44154338608764604,0.08999999999999986,0.4561581348200702,0.008444306510593667
2023-07-14,BALIKPAPAN,KAMARAJAR,Thermal Coal,Supramax,11.99,11.85,11.8,11.71,11.69,11.97,11.768571428571429,0.06039552175114909,11.850666666666667,0.15215539546074608,11.612444444444446,0.2967475797582415,0.1399999999999988,1.1955593509820561,0.012839395431543605
2023-07-14,GLADSTONE,PARADIP,Coking Coal,Panamax,23.52,23.46,23.38,23.2,23.14,23.77,23.344285714285714,0.08618916073673782,23.454666666666665,0.23484012659145875,23.01488888888889,0.5387652225633186,0.26000000000000156,1.1206896551724206,0.010012511792598152
2023-07-14,RICHARDS_BAY,PARADIP,Thermal Coal,Capesize,18.12,18.05,17.94,17.89,17.91,18.41,17.952857142857145,0.06945365018302872,18.115,0.22110615331661768,17.705555555555556,0.4449848150700353,0.16000000000000014,0.8943543879262165,0.012205694359183974
2023-07-14,NEWCASTLE,DHAMRA,Thermal Coal,Panamax,23.98,23.91,23.78,23.71,23.76,24.33,23.79285714285714,0.06019808571556838,23.992,0.28698672322999375,23.546555555555557,0.5565244497513036,0.1999999999999993,0.8435259384226035,0.011961767390379865
2023-07-14,TANJUNG_BARA,PARADIP,Thermal Coal,Supramax,12.55,12.48,12.43,12.38,12.35,12.65,12.437142857142858,0.03302235894764908,12.492333333333333,0.1119323482051255,12.293666666666667,0.28002186912992455,0.09999999999999964,0.8077544426494316,0.00896008337421289
2023-07-14,TANJUNG_BARA,DHAMRA,Thermal Coal,Supramax,12.25,12.21,12.12,12.07,12.23,12.3,12.165714285714285,0.05711308748355137,12.252666666666668,0.12139798706883062,12.032555555555556,0.2602443152510351,0.14000000000000057,1.1599005799502948,0.009907882942665319
2023-07-15,BALIKPAPAN,KAMARAJAR,Thermal Coal,Supramax,12.04,11.99,11.81,11.7,11.72,11.97,11.808571428571428,0.09685531674061998,11.851333333333333,0.15273897800593922,11.621111111111112,0.29625165602131237,0.2900000000000009,2.4786324786324867,0.012887915115537427
2023-07-15,RICHARDS_BAY,PARADIP,Thermal Coal,Capesize,18.15,18.12,18.05,17.94,17.84,18.35,17.985714285714288,0.08695921320849698,18.10533333333333,0.21398893515274303,17.715666666666667,0.44393554041652344,0.17999999999999972,1.0033444816053494,0.01181911049153526
2023-07-15,TANJUNG_BARA,PARADIP,Thermal Coal,Supramax,12.54,12.55,12.44,12.44,12.38,12.63,12.461428571428572,0.04450789122103716,12.489,0.10851187762732599,12.300999999999998,0.2779663305130351,0.11000000000000121,0.8842443729903634,0.00868859617481992
2023-07-15,HAY_POINT,DHAMRA,Coking Coal,Capesize,19.97,19.95,19.77,19.76,19.68,20.13,19.80857142857143,0.06618876325296374,19.886,0.16279032420642603,19.51177777777778,0.4387407357523126,0.18999999999999773,0.96153846153845,0.008186177421624561
2023-07-15,NEWCASTLE,DHAMRA,Thermal Coal,Panamax,24.01,23.98,23.78,23.77,23.7,24.35,23.83142857142857,0.08112306935121438,23.98033333333333,0.27979651883818624,23.559333333333335,0.5530788187729079,0.21000000000000085,0.8834665544804412,0.011667749357314449
2023-07-15,HAY_POINT,VISAKHAPATNAM,Coking Coal,Capesize,19.44,19.41,19.31,19.21,19.1,19.7,19.302857142857142,0.06369570516954261,19.371666666666666,0.24000119731493813,19.04388888888889,0.4352855047686175,0.1999999999999993,1.0411244143675131,0.012389290061856911
2023-07-15,MAPUTO,VISAKHAPATNAM,Coking Coal,Panamax,21.4,21.32,21.24,21.13,20.95,21.56,21.21857142857143,0.08050436249693069,21.268666666666665,0.21189999810141433,20.899333333333335,0.4827025976238724,0.19000000000000128,0.899195456696646,0.009963012793534199
2023-07-15,TANJUNG_BARA,DHAMRA,Thermal Coal,Supramax,12.3,12.25,12.15,12.17,12.22,12.36,12.191428571428572,0.04634241089561382,12.251000000000001,0.12106851864499164,12.039,0.25833977278431786,0.08000000000000007,0.6573541495480696,0.009882337657741542
2023-07-15,GLADSTONE,PARADIP,Coking Coal,Panamax,23.6,23.52,23.39,23.3,23.19,23.75,23.389999999999997,0.0816496580923452,23.44633333333333,0.22758830545884912,23.029555555555557,0.5342808063415488,0.21999999999999886,0.9442060085836861,0.00970677599022658
2023-07-15,HAY_POINT,PARADIP,Coking Coal,Capesize,20.37,20.35,20.18,20.01,19.96,20.45,20.16142857142857,0.12171395036838506,20.156,0.20116214081327563,19.82022222222222,0.4167934788297874,0.33999999999999986,1.6991504247876055,0.009980261004826138
2023-07-16,TANJUNG_BARA,PARADIP,Thermal Coal,Supramax,12.55,12.54,12.48,12.47,12.35,12.65,12.475714285714288,0.05191568255575014,12.486,0.10568658936882538,12.307333333333334,0.2768311861369363,0.06999999999999851,0.5613472333600522,0.008464407285665975
2023-07-16,TANJUNG_BARA,DHAMRA,Thermal Coal,Supramax,12.31,12.3,12.21,12.23,12.15,12.38,12.209999999999999,0.060277137733406747,12.249,0.1196935742808864,12.046,0.2567594073416451,0.07000000000000028,0.5723630417007383,0.009771701712865245
2023-07-16,RICHARDS_BAY,PARADIP,Thermal Coal,Capesize,18.22,18.15,18.05,17.91,17.82,18.3,18.01571428571429,0.10325649985274545,18.098666666666663,0.20916473186811377,17.726000000000003,0.4430912858998877,0.23999999999999844,1.3400335008375124,0.011556913872188402
2023-07-16,BALIKPAPAN,KAMARAJAR,Thermal Coal,Supramax,12.02,12.04,11.85,11.71,11.73,11.99,11.857142857142858,0.11657819774918564,11.853666666666667,0.15513027524906453,11.630222222222223,0.29638639287699375,0.3299999999999983,2.818104184457714,0.013087113009960169
2023-07-16,GLADSTONE,PARADIP,Coking Coal,Panamax,23.7,23.6,23.46,23.29,23.19,23.75,23.43285714285714,0.10258562045305622,23.441333333333333,0.2222724847372829,23.044888888888888,0.5305757831572372,0.3100000000000023,1.33104336625162,0.009482075169385255
2023-07-16,HAY_POINT,PARADIP,Coking Coal,Capesize,20.43,20.37,20.27,20.03,19.96,20.47,20.212857142857143,0.12311434870531753,20.153333333333332,0.19762963154445276,19.83211111111111,0.4170481998507869,0.33999999999999986,1.6974538192710924,0.009806299944316215
2023-07-16,HAY_POINT,VISAKHAPATNAM,Coking Coal,Capesize,19.55,19.44,19.3,19.25,19.1,19.68,19.335714285714285,0.06704653678704658,19.363,0.2323070203934833,19.056,0.43090393621686496,0.19000000000000128,0.9870129870129937,0.011997470453622027
2023-07-16,HAY_POINT,DHAMRA,Coking Coal,Capesize,20.03,19.97,19.82,19.77,19.75,20.08,19.83857142857143,0.08532849688677939,19.880666666666666,0.1570401515392252,19.523444444444447,0.4367838565335614,0.1999999999999993,1.0116337885685345,0.00789913910696616
2023-07-16,NEWCASTLE,DHAMRA,Thermal Coal,Panamax,24.13,24.01,23.91,23.79,23.7,24.36,23.865714285714287,0.0994748113607051,23.968999999999998,0.27105604459279187,23.572444444444443,0.5495704371763283,0.22000000000000242,0.9247583018074924,0.011308608811080641
2023-07-16,MAPUTO,VISAKHAPATNAM,Coking Coal,Panamax,21.47,21.4,21.31,21.11,20.92,21.52,21.25714285714286,0.09446591726065512,21.263333333333332,0.20625283000491051,20.912888888888887,0.4793939161498331,0.28999999999999915,1.3737565135007066,0.009699929299494146
2023-07-17,TANJUNG_BARA,PARADIP,Thermal Coal,Supramax,12.6,12.55,12.55,12.42,12.37,12.59,12.487142857142858,0.058797473220660174,12.482666666666665,0.10184279072663659,12.314444444444444,0.2747219681792036,0.13000000000000078,1.0466988727858357,0.008158736706363752
2023-07-17,HAY_POINT,VISAKHAPATNAM,Coking Coal,Capesize,19.66,19.55,19.41,19.34,19.03,19.74,19.37857142857143,0.09370673604840848,19.358666666666668,0.22734954605609936,19.06866666666667,0.428449517170975,0.21000000000000085,1.0858324715615348,0.011744070496733556
2023-07-17,HAY_POINT,PARADIP,Coking Coal,Capesize,20.49,20.43,20.35,20.13,19.92,20.51,20.27,0.1167618659208763,20.152,0.19554345138443946,19.844444444444445,0.4181449431813629,0.3000000000000007,1.4903129657228054,0.00970342652761212
2023-07-17,BALIKPAPAN,KAMARAJAR,Thermal Coal,Supramax,12.01,12.02,11.99,11.8,11.65,11.99,11.901428571428571,0.11006491590991466,11.854666666666667,0.15613286413938537,11.638666666666667,0.2965464133670946,0.21999999999999886,1.8644067796610073,0.013170582398441011
2023-07-17,MAPUTO,VISAKHAPATNAM,Coking Coal,Panamax,21.6,21.47,21.32,21.21,20.97,21.52,21.30857142857143,0.09889869757000522,21.261666666666667,0.2043000385391629,20.92688888888889,0.4770288297048335,0.259999999999998,1.2258368694012165,0.009608844016892508
2023-07-17,RICHARDS_BAY,PARADIP,Thermal Coal,Capesize,18.27,18.22,18.12,17.89,17.85,18.33,18.06,0.11604596790324435,18.096,0.20700824571280257,17.736666666666668,0.44330221512253987,0.3299999999999983,1.8446059250978104,0.01143944770738299
2023-07-17,TANJUNG_BARA,DHAMRA,Thermal Coal,Supramax,12.36,12.31,12.25,12.21,12.12,12.39,12.221428571428572,0.07128079952519507,12.246666666666668,0.11771776104039668,12.052888888888889,0.25541437776590425,0.09999999999999964,0.819000819000816,0.009612228718595264
2023-07-17,HAY_POINT,DHAMRA,Coking Coal,Capesize,20.13,20.03,19.95,19.81,19.69,20.07,19.875714285714285,0.1048581808694167,19.879,0.1551050811771071,19.535111111111114,0.4361276084890558,0.22000000000000242,1.1105502271580132,0.007802458935414614
2023-07-17,GLADSTONE,PARADIP,Coking Coal,Panamax,23.81,23.7,23.52,23.39,23.13,23.74,23.49142857142857,0.12253279444382564,23.439666666666664,0.22005459092808546,23.060999999999996,0.5281769579188504,0.3099999999999987,1.3253527148353943,0.009388127999321044
2023-07-17,NEWCASTLE,DHAMRA,Thermal Coal,Panamax,24.24,24.13,23.98,23.81,23.64,24.44,23.914285714285715,0.13352367366344223,23.961333333333332,0.26274063956325033,23.586555555555556,0.5473719872120529,0.3200000000000003,1.3439731205375904,0.010965192792412095
2023-07-18,NEWCASTLE,DHAMRA,Thermal Coal,Panamax,24.29,24.24,24.01,23.78,23.65,24.43,23.975714285714286,0.171158517448733,23.954666666666665,0.2525147088010213,23.601999999999997,0.5459641507759788,0.4599999999999973,1.9343986543313596,0.010541357653387843
2023-07-18,HAY_POINT,DHAMRA,Coking Coal,Capesize,20.21,20.13,19.97,19.78,19.7,20.09,19.92142857142857,0.13643418088694345,19.880999999999997,0.15801243949304533,19.548111111111112,0.4362297468192404,0.34999999999999787,1.769464105156713,0.007947912051357846
2023-07-18,HAY_POINT,PARADIP,Coking Coal,Capesize,20.58,20.49,20.37,20.16,19.9,20.51,20.321428571428573,0.1238855078191552,20.151333333333337,0.19431104345667952,19.857333333333333,0.4199834132626677,0.3299999999999983,1.6369047619047534,0.009642589909187786
2023-07-18,TANJUNG_BARA,DHAMRA,Thermal Coal,Supramax,12.45,12.36,12.3,12.12,12.09,12.42,12.242857142857144,0.08788520651285951,12.245666666666667,0.11658009924608055,12.060222222222222,0.25464219346298744,0.2400000000000002,1.980198019801982,0.009520110453718094
2023-07-18,MAPUTO,VISAKHAPATNAM,Coking Coal,Panamax,21.66,21.6,21.4,21.21,21.06,21.49,21.36428571428571,0.1367305309553551,21.264333333333337,0.20827176101612693,20.94222222222222,0.4762299930099135,0.39000000000000057,1.8387553041018416,0.009794417617111292
2023-07-18,GLADSTONE,PARADIP,Coking Coal,Panamax,23.9,23.81,23.6,23.38,23.15,23.76,23.55142857142857,0.16128944700199888,23.442,0.2236900565052716,23.07811111111111,0.5272078123503601,0.4299999999999997,1.8391787852865686,0.009542276960381861
2023-07-18,HAY_POINT,VISAKHAPATNAM,Coking Coal,Capesize,19.74,19.66,19.44,19.3,19.06,19.69,19.424285714285713,0.13890730036656246,19.355999999999998,0.2231529551210802,19.082666666666665,0.42693788196431576,0.35999999999999943,1.8652849740932613,0.011528877615265562
2023-07-18,TANJUNG_BARA,PARADIP,Thermal Coal,Supramax,12.65,12.6,12.54,12.43,12.42,12.56,12.512857142857143,0.06369570517024159,12.483,0.10222186823194229,12.322222222222223,0.272758599192059,0.16999999999999993,1.367658889782783,0.0081888863439832
2023-07-18,BALIKPAPAN,KAMARAJAR,Thermal Coal,Supramax,12.05,12.01,12.04,11.8,11.63,12.03,11.93142857142857,0.10636863125120945,11.855333333333334,0.15677203597698086,11.647444444444444,0.2957054452695049,0.20999999999999908,1.7796610169491447,0.013223756057215952
2023-07-18,RICHARDS_BAY,PARADIP,Thermal Coal,Capesize,18.32,18.27,18.15,17.94,17.94,18.37,18.114285714285714,0.11207990346996938,18.093999999999998,0.20494911058851434,17.74866666666667,0.4429553456074475,0.3299999999999983,1.8394648829431341,0.01132691005794818
2023-07-19,RICHARDS_BAY,PARADIP,Thermal Coal,Capesize,18.37,18.32,18.22,18.05,17.88,18.4,18.16857142857143,0.10542431272821932,18.092333333333332,0.202819493950718,17.761444444444443,0.44266192012703387,0.2699999999999996,1.4958448753462579,0.011210245257699468
2023-07-19,MAPUTO,VISAKHAPATNAM,Coking Coal,Panamax,21.72,21.66,21.47,21.24,21.03,21.47,21.428571428571423,0.15646390120744344,21.27,0.21676302013149953,20.958333333333332,0.47570704326429825,0.4200000000000017,1.977401129943511,0.010191021162740928
2023-07-19,GLADSTONE,PARADIP,Coking Coal,Panamax,23.91,23.9,23.7,23.39,23.15,23.76,23.625714285714285,0.18689187095348272,23.446666666666665,0.23186401087760677,23.096333333333334,0.5269553207932965,0.509999999999998,2.180418982471133,0.009888996767597674
2023-07-19,HAY_POINT,VISAKHAPATNAM,Coking Coal,Capesize,19.75,19.74,19.55,19.31,19.13,19.74,19.487142857142857,0.1694810004799655,19.357666666666663,0.22590329535120793,19.097666666666665,0.4260428052556552,0.4299999999999997,2.22682547902641,0.011669965148237975
2023-07-19,HAY_POINT,DHAMRA,Coking Coal,Capesize,20.23,20.21,20.03,19.77,19.69,20.11,19.982857142857142,0.15734402707808515,19.884999999999998,0.16485625922893365,19.56211111111111,0.43703673885738964,0.4400000000000013,2.2255943348507907,0.008290483240077128
2023-07-19,NEWCASTLE,DHAMRA,Thermal Coal,Panamax,24.37,24.29,24.13,23.78,23.64,24.38,24.048571428571428,0.18215639538858672,23.95,0.24459678290370399,23.618,0.5447774517269073,0.509999999999998,2.1446593776282508,0.010212809307044008
2023-07-19,TANJUNG_BARA,DHAMRA,Thermal Coal,Supramax,12.43,12.45,12.31,12.15,12.03,12.4,12.290000000000001,0.09882644720247975,12.246666666666666,0.11824385478915346,12.069,0.25430694538670445,0.29999999999999893,2.469135802469127,0.00965518683634895
2023-07-19,BALIKPAPAN,KAMARAJAR,Thermal Coal,Supramax,12.04,12.05,12.02,11.81,11.67,12.06,11.967142857142857,0.09638711630941817,11.856,0.15758084952788848,11.65611111111111,0.29594903313277315,0.2400000000000002,2.032176121930569,0.013291232247628921
2023-07-19,TANJUNG_BARA,PARADIP,Thermal Coal,Supramax,12.65,12.65,12.55,12.44,12.31,12.56,12.544285714285715,0.06996597812672711,12.485999999999999,0.10581701838225875,12.330666666666666,0.2709857162785011,0.21000000000000085,1.6881028938906824,0.008474853306283739
2023-07-19,HAY_POINT,PARADIP,Coking Coal,Capesize,20.54,20.58,20.43,20.18,19.92,20.42,20.381428571428575,0.13396872413966432,20.153666666666666,0.19912711818190534,19.872,0.42193295170011025,0.3999999999999986,1.9821605550049484,0.009880441185982965
