forecast_date,origin_port,destination_port,cargo_type,bunker_vlsfo_usd_ton,coal_type,import_volume_tons
2023-01-01,BALIKPAPAN,KAMARAJAR,Thermal Coal,619.4,Thermal Coal,70000.0
2023-01-01,HAY_POINT,DHAMRA,Coking Coal,619.4,Coking Coal,70000.0
2023-01-01,HAY_POINT,PARADIP,Coking Coal,619.4,Coking Coal,70000.0
2023-01-01,HAY_POINT,VISAKHAPATNAM,Coking Coal,619.4,Coking Coal,70000.0
2023-01-01,MAPUTO,VISAKHAPATNAM,Coking Coal,619.4,Coking Coal,70000.0
2023-01-01,NEWCASTLE,DHAMRA,Thermal Coal,619.4,Thermal Coal,70000.0
2023-01-01,RICHARDS_BAY,PARADIP,Thermal Coal,619.4,Thermal Coal,70000.0
2023-01-01,TANJUNG_BARA,DHAMRA,Thermal Coal,619.4,Thermal Coal,70000.0
2023-01-01,TANJUNG_BARA,PARADIP,Thermal Coal,619.4,Thermal Coal,70000.0
2023-01-01,GLADSTONE,PARADIP,Coking Coal,619.4,Coking Coal,70000.0
2023-01-02,HAY_POINT,PARADIP,Coking Coal,618.5,Coking Coal,70000.0
2023-01-02,NEWCASTLE,DHAMRA,Thermal Coal,618.5,Thermal Coal,70000.0
2023-01-02,MAPUTO,VISAKHAPATNAM,Coking Coal,618.5,Coking Coal,70000.0
2023-01-02,RICHARDS_BAY,PARADIP,Thermal Coal,618.5,Thermal Coal,70000.0
2023-01-02,HAY_POINT,DHAMRA,Coking Coal,618.5,Coking Coal,70000.0
2023-01-02,GLADSTONE,PARADIP,Coking Coal,618.5,Coking Coal,70000.0
2023-01-02,TANJUNG_BARA,DHAMRA,Thermal Coal,618.5,Thermal Coal,70000.0
2023-01-02,BALIKPAPAN,KAMARAJAR,Thermal Coal,618.5,Thermal Coal,70000.0
2023-01-02,TANJUNG_BARA,PARADIP,Thermal Coal,618.5,Thermal Coal,70000.0
2023-01-02,HAY_POINT,VISAKHAPATNAM,Coking Coal,618.5,Coking Coal,70000.0
2023-01-03,BALIKPAPAN,KAMARAJAR,Thermal Coal,621.6,Thermal Coal,70000.0
2023-01-03,GLADSTONE,PARADIP,Coking Coal,621.6,Coking Coal,70000.0
2023-01-03,TANJUNG_BARA,PARADIP,Thermal Coal,621.6,Thermal Coal,70000.0
2023-01-03,TANJUNG_BARA,DHAMRA,Thermal Coal,621.6,Thermal Coal,70000.0
2023-01-03,HAY_POINT,PARADIP,Coking Coal,621.6,Coking Coal,70000.0
2023-01-03,RICHARDS_BAY,PARADIP,Thermal Coal,621.6,Thermal Coal,70000.0
2023-01-03,HAY_POINT,VISAKHAPATNAM,Coking Coal,621.6,Coking Coal,70000.0
2023-01-03,NEWCASTLE,DHAMRA,Thermal Coal,621.6,Thermal Coal,70000.0
2023-01-03,HAY_POINT,DHAMRA,Coking Coal,621.6,Coking Coal,70000.0
2023-01-03,MAPUTO,VISAKHAPATNAM,Coking Coal,621.6,Coking Coal,70000.0
2023-01-04,HAY_POINT,PARADIP,Coking Coal,619.7,Coking Coal,70000.0
2023-01-04,MAPUTO,VISAKHAPATNAM,Coking Coal,619.7,Coking Coal,70000.0
2023-01-04,HAY_POINT,VISAKHAPATNAM,Coking Coal,619.7,Coking Coal,70000.0
2023-01-04,HAY_POINT,DHAMRA,Coking Coal,619.7,Coking Coal,70000.0
2023-01-04,TANJUNG_BARA,PARADIP,Thermal Coal,619.7,Thermal Coal,70000.0
2023-01-04,RICHARDS_BAY,PARADIP,Thermal Coal,619.7,Thermal Coal,70000.0
2023-01-04,TANJUNG_BARA,DHAMRA,Thermal Coal,619.7,Thermal Coal,70000.0
2023-01-04,GLADSTONE,PARADIP,Coking Coal,619.7,Coking Coal,70000.0
2023-01-04,BALIKPAPAN,KAMARAJAR,Thermal Coal,619.7,Thermal Coal,70000.0
2023-01-04,NEWCASTLE,DHAMRA,Thermal Coal,619.7,Thermal Coal,70000.0
2023-01-05,GLADSTONE,PARADIP,Coking Coal,612.1,Coking Coal,70000.0
2023-01-05,TANJUNG_BARA,PARADIP,Thermal Coal,612.1,Thermal Coal,70000.0
2023-01-05,RICHARDS_BAY,PARADIP,Thermal Coal,612.1,Thermal Coal,70000.0
2023-01-05,HAY_POINT,PARADIP,Coking Coal,612.1,Coking Coal,70000.0
2023-01-05,HAY_POINT,VISAKHAPATNAM,Coking Coal,612.1,Coking Coal,70000.0
2023-01-05,BALIKPAPAN,KAMARAJAR,Thermal Coal,612.1,Thermal Coal,70000.0
2023-01-05,HAY_POINT,DHAMRA,Coking Coal,612.1,Coking Coal,70000.0
2023-01-05,NEWCASTLE,DHAMRA,Thermal Coal,612.1,Thermal Coal,70000.0
2023-01-05,TANJUNG_BARA,DHAMRA,Thermal Coal,612.1,Thermal Coal,70000.0
2023-01-05,MAPUTO,VISAKHAPATNAM,Coking Coal,612.1,Coking Coal,70000.0
2023-01-06,TANJUNG_BARA,PARADIP,Thermal Coal,608.0,Thermal Coal,70000.0
2023-01-06,TANJUNG_BARA,DHAMRA,Thermal Coal,608.0,Thermal Coal,70000.0
2023-01-06,RICHARDS_BAY,PARADIP,Thermal Coal,608.0,Thermal Coal,70000.0
2023-01-06,NEWCASTLE,DHAMRA,Thermal Coal,608.0,Thermal Coal,70000.0
2023-01-06,HAY_POINT,DHAMRA,Coking Coal,608.0,Coking Coal,70000.0
2023-01-06,MAPUTO,VISAKHAPATNAM,Coking Coal,608.0,Coking Coal,70000.0
2023-01-06,HAY_POINT,PARADIP,Coking Coal,608.0,Coking Coal,70000.0
2023-01-06,GLADSTONE,PARADIP,Coking Coal,608.0,Coking Coal,70000.0
2023-01-06,HAY_POINT,VISAKHAPATNAM,Coking Coal,608.0,Coking Coal,70000.0
2023-01-06,BALIKPAPAN,KAMARAJAR,Thermal Coal,608.0,Thermal Coal,70000.0
2023-01-07,GLADSTONE,PARADIP,Coking Coal,602.4,Coking Coal,70000.0
2023-01-07,TANJUNG_BARA,DHAMRA,Thermal Coal,602.4,Thermal Coal,70000.0
2023-01-07,BALIKPAPAN,KAMARAJAR,Thermal Coal,602.4,Thermal Coal,70000.0
2023-01-07,RICHARDS_BAY,PARADIP,Thermal Coal,602.4,Thermal Coal,70000.0
2023-01-07,HAY_POINT,VISAKHAPATNAM,Coking Coal,602.4,Coking Coal,70000.0
2023-01-07,HAY_POINT,DHAMRA,Coking Coal,602.4,Coking Coal,70000.0
2023-01-07,TANJUNG_BARA,PARADIP,Thermal Coal,602.4,Thermal Coal,70000.0
2023-01-07,HAY_POINT,PARADIP,Coking Coal,602.4,Coking Coal,70000.0
2023-01-07,MAPUTO,VISAKHAPATNAM,Coking Coal,602.4,Coking Coal,70000.0
2023-01-07,NEWCASTLE,DHAMRA,Thermal Coal,602.4,Thermal Coal,70000.0
2023-01-08,MAPUTO,VISAKHAPATNAM,Coking Coal,602.6,Coking Coal,70000.0
2023-01-08,RICHARDS_BAY,PARADIP,Thermal Coal,602.6,Thermal Coal,70000.0
2023-01-08,HAY_POINT,VISAKHAPATNAM,Coking Coal,602.6,Coking Coal,70000.0
2023-01-08,TANJUNG_BARA,PARADIP,Thermal Coal,602.6,Thermal Coal,70000.0
2023-01-08,GLADSTONE,PARADIP,Coking Coal,602.6,Coking Coal,70000.0
2023-01-08,HAY_POINT,PARADIP,Coking Coal,602.6,Coking Coal,70000.0
2023-01-08,NEWCASTLE,DHAMRA,Thermal Coal,602.6,Thermal Coal,70000.0
2023-01-08,TANJUNG_BARA,DHAMRA,Thermal Coal,602.6,Thermal Coal,70000.0
2023-01-08,HAY_POINT,DHAMRA,Coking Coal,602.6,Coking Coal,70000.0
2023-01-08,BALIKPAPAN,KAMARAJAR,Thermal Coal,602.6,Thermal Coal,70000.0
2023-01-09,GLADSTONE,PARADIP,Coking Coal,603.1,Coking Coal,70000.0
2023-01-09,HAY_POINT,VISAKHAPATNAM,Coking Coal,603.1,Coking Coal,70000.0
2023-01-09,BALIKPAPAN,KAMARAJAR,Thermal Coal,603.1,Thermal Coal,70000.0
2023-01-09,NEWCASTLE,DHAMRA,Thermal Coal,603.1,Thermal Coal,70000.0
2023-01-09,TANJUNG_BARA,PARADIP,Thermal Coal,603.1,Thermal Coal,70000.0
2023-01-09,HAY_POINT,PARADIP,Coking Coal,603.1,Coking Coal,70000.0
2023-01-09,HAY_POINT,DHAMRA,Coking Coal,603.1,Coking Coal,70000.0
2023-01-09,MAPUTO,VISAKHAPATNAM,Coking Coal,603.1,Coking Coal,70000.0
2023-01-09,TANJUNG_BARA,DHAMRA,Thermal Coal,603.1,Thermal Coal,70000.0
2023-01-09,RICHARDS_BAY,PARADIP,Thermal Coal,603.1,Thermal Coal,70000.0
2023-01-10,NEWCASTLE,DHAMRA,Thermal Coal,600.7,Thermal Coal,70000.0
2023-01-10,HAY_POINT,VISAKHAPATNAM,Coking Coal,600.7,Coking Coal,70000.0
2023-01-10,BALIKPAPAN,KAMARAJAR,Thermal Coal,600.7,Thermal Coal,70000.0
2023-01-10,GLADSTONE,PARADIP,Coking Coal,600.7,Coking Coal,70000.0
2023-01-10,TANJUNG_BARA,PARADIP,Thermal Coal,600.7,Thermal Coal,70000.0
2023-01-10,HAY_POINT,PARADIP,Coking Coal,600.7,Coking Coal,70000.0
2023-01-10,HAY_POINT,DHAMRA,Coking Coal,600.7,Coking Coal,70000.0
2023-01-10,MAPUTO,VISAKHAPATNAM,Coking Coal,600.7,Coking Coal,70000.0
2023-01-10,TANJUNG_BARA,DHAMRA,Thermal Coal,600.7,Thermal Coal,70000.0
2023-01-10,RICHARDS_BAY,PARADIP,Thermal Coal,600.7,Thermal Coal,70000.0
2023-01-11,RICHARDS_BAY,PARADIP,Thermal Coal,608.1,Thermal Coal,70000.0
2023-01-11,MAPUTO,VISAKHAPATNAM,Coking Coal,608.1,Coking Coal,70000.0
2023-01-11,HAY_POINT,VISAKHAPATNAM,Coking Coal,608.1,Coking Coal,70000.0
2023-01-11,BALIKPAPAN,KAMARAJAR,Thermal Coal,608.1,Thermal Coal,70000.0
2023-01-11,GLADSTONE,PARADIP,Coking Coal,608.1,Coking Coal,70000.0
2023-01-11,NEWCASTLE,DHAMRA,Thermal Coal,608.1,Thermal Coal,70000.0
2023-01-11,TANJUNG_BARA,PARADIP,Thermal Coal,608.1,Thermal Coal,70000.0
2023-01-11,HAY_POINT,DHAMRA,Coking Coal,608.1,Coking Coal,70000.0
2023-01-11,TANJUNG_BARA,DHAMRA,Thermal Coal,608.1,Thermal Coal,70000.0
2023-01-11,HAY_POINT,PARADIP,Coking Coal,608.1,Coking Coal,70000.0
2023-01-12,BALIKPAPAN,KAMARAJAR,Thermal Coal,611.4,Thermal Coal,70000.0
2023-01-12,NEWCASTLE,DHAMRA,Thermal Coal,611.4,Thermal Coal,70000.0
2023-01-12,HAY_POINT,DHAMRA,Coking Coal,611.4,Coking Coal,70000.0
2023-01-12,TANJUNG_BARA,DHAMRA,Thermal Coal,611.4,Thermal Coal,70000.0
2023-01-12,MAPUTO,VISAKHAPATNAM,Coking Coal,611.4,Coking Coal,70000.0
2023-01-12,RICHARDS_BAY,PARADIP,Thermal Coal,611.4,Thermal Coal,70000.0
2023-01-12,TANJUNG_BARA,PARADIP,Thermal Coal,611.4,Thermal Coal,70000.0
2023-01-12,HAY_POINT,VISAKHAPATNAM,Coking Coal,611.4,Coking Coal,70000.0
2023-01-12,GLADSTONE,PARADIP,Coking Coal,611.4,Coking Coal,70000.0
2023-01-12,HAY_POINT,PARADIP,Coking Coal,611.4,Coking Coal,70000.0
2023-01-13,MAPUTO,VISAKHAPATNAM,Coking Coal,603.5,Coking Coal,70000.0
2023-01-13,TANJUNG_BARA,PARADIP,Thermal Coal,603.5,Thermal Coal,70000.0
2023-01-13,NEWCASTLE,DHAMRA,Thermal Coal,603.5,Thermal Coal,70000.0
2023-01-13,HAY_POINT,VISAKHAPATNAM,Coking Coal,603.5,Coking Coal,70000.0
2023-01-13,BALIKPAPAN,KAMARAJAR,Thermal Coal,603.5,Thermal Coal,70000.0
2023-01-13,HAY_POINT,DHAMRA,Coking Coal,603.5,Coking Coal,70000.0
2023-01-13,TANJUNG_BARA,DHAMRA,Thermal Coal,603.5,Thermal Coal,70000.0
2023-01-13,HAY_POINT,PARADIP,Coking Coal,603.5,Coking Coal,70000.0
2023-01-13,RICHARDS_BAY,PARADIP,Thermal Coal,603.5,Thermal Coal,70000.0
2023-01-13,GLADSTONE,PARADIP,Coking Coal,603.5,Coking Coal,70000.0
2023-01-14,RICHARDS_BAY,PARADIP,Thermal Coal,606.5,Thermal Coal,70000.0
2023-01-14,NEWCASTLE,DHAMRA,Thermal Coal,606.5,Thermal Coal,70000.0
2023-01-14,BALIKPAPAN,KAMARAJAR,Thermal Coal,606.5,Thermal Coal,70000.0
2023-01-14,HAY_POINT,DHAMRA,Coking Coal,606.5,Coking Coal,70000.0
2023-01-14,GLADSTONE,PARADIP,Coking Coal,606.5,Coking Coal,70000.0
2023-01-14,TANJUNG_BARA,DHAMRA,Thermal Coal,606.5,Thermal Coal,70000.0
2023-01-14,HAY_POINT,PARADIP,Coking Coal,606.5,Coking Coal,70000.0
2023-01-14,HAY_POINT,VISAKHAPATNAM,Coking Coal,606.5,Coking Coal,70000.0
2023-01-14,TANJUNG_BARA,PARADIP,Thermal Coal,606.5,Thermal Coal,70000.0
2023-01-14,MAPUTO,VISAKHAPATNAM,Coking Coal,606.5,Coking Coal,70000.0
2023-01-15,GLADSTONE,PARADIP,Coking Coal,605.3,Coking Coal,70000.0
2023-01-15,TANJUNG_BARA,DHAMRA,Thermal Coal,605.3,Thermal Coal,70000.0
2023-01-15,HAY_POINT,DHAMRA,Coking Coal,605.3,Coking Coal,70000.0
2023-01-15,HAY_POINT,PARADIP,Coking Coal,605.3,Coking Coal,70000.0
2023-01-15,RICHARDS_BAY,PARADIP,Thermal Coal,605.3,Thermal Coal,70000.0
2023-01-15,MAPUTO,VISAKHAPATNAM,Coking Coal,605.3,Coking Coal,70000.0
2023-01-15,BALIKPAPAN,KAMARAJAR,Thermal Coal,605.3,Thermal Coal,70000.0
2023-01-15,HAY_POINT,VISAKHAPATNAM,Coking Coal,605.3,Coking Coal,70000.0
2023-01-15,NEWCASTLE,DHAMRA,Thermal Coal,605.3,Thermal Coal,70000.0
2023-01-15,TANJUNG_BARA,PARADIP,Thermal Coal,605.3,Thermal Coal,70000.0
2023-01-16,MAPUTO,VISAKHAPATNAM,Coking Coal,603.5,Coking Coal,70000.0
2023-01-16,RICHARDS_BAY,PARADIP,Thermal Coal,603.5,Thermal Coal,70000.0
2023-01-16,TANJUNG_BARA,PARADIP,Thermal Coal,603.5,Thermal Coal,70000.0
2023-01-16,BALIKPAPAN,KAMARAJAR,Thermal Coal,603.5,Thermal Coal,70000.0
2023-01-16,HAY_POINT,PARADIP,Coking Coal,603.5,Coking Coal,70000.0
2023-01-16,TANJUNG_BARA,DHAMRA,Thermal Coal,603.5,Thermal Coal,70000.0
2023-01-16,GLADSTONE,PARADIP,Coking Coal,603.5,Coking Coal,70000.0
2023-01-16,HAY_POINT,VISAKHAPATNAM,Coking Coal,603.5,Coking Coal,70000.0
2023-01-16,HAY_POINT,DHAMRA,Coking Coal,603.5,Coking Coal,70000.0
2023-01-16,NEWCASTLE,DHAMRA,Thermal Coal,603.5,Thermal Coal,70000.0
2023-01-17,HAY_POINT,PARADIP,Coking Coal,596.4,Coking Coal,70000.0
2023-01-17,GLADSTONE,PARADIP,Coking Coal,596.4,Coking Coal,70000.0
2023-01-17,MAPUTO,VISAKHAPATNAM,Coking Coal,596.4,Coking Coal,70000.0
2023-01-17,HAY_POINT,VISAKHAPATNAM,Coking Coal,596.4,Coking Coal,70000.0
2023-01-17,HAY_POINT,DHAMRA,Coking Coal,596.4,Coking Coal,70000.0
2023-01-17,BALIKPAPAN,KAMARAJAR,Thermal Coal,596.4,Thermal Coal,70000.0
2023-01-17,TANJUNG_BARA,DHAMRA,Thermal Coal,596.4,Thermal Coal,70000.0
2023-01-17,RICHARDS_BAY,PARADIP,Thermal Coal,596.4,Thermal Coal,70000.0
2023-01-17,NEWCASTLE,DHAMRA,Thermal Coal,596.4,Thermal Coal,70000.0
2023-01-17,TANJUNG_BARA,PARADIP,Thermal Coal,596.4,Thermal Coal,70000.0
2023-01-18,HAY_POINT,DHAMRA,Coking Coal,593.7,Coking Coal,70000.0
2023-01-18,GLADSTONE,PARADIP,Coking Coal,593.7,Coking Coal,70000.0
2023-01-18,BALIKPAPAN,KAMARAJAR,Thermal Coal,593.7,Thermal Coal,70000.0
2023-01-18,RICHARDS_BAY,PARADIP,Thermal Coal,593.7,Thermal Coal,70000.0
2023-01-18,MAPUTO,VISAKHAPATNAM,Coking Coal,593.7,Coking Coal,70000.0
2023-01-18,NEWCASTLE,DHAMRA,Thermal Coal,593.7,Thermal Coal,70000.0
2023-01-18,TANJUNG_BARA,DHAMRA,Thermal Coal,593.7,Thermal Coal,70000.0
2023-01-18,HAY_POINT,VISAKHAPATNAM,Coking Coal,593.7,Coking Coal,70000.0
2023-01-18,HAY_POINT,PARADIP,Coking Coal,593.7,Coking Coal,70000.0
2023-01-18,TANJUNG_BARA,PARADIP,Thermal Coal,593.7,Thermal Coal,70000.0
2023-01-19,MAPUTO,VISAKHAPATNAM,Coking Coal,597.4,Coking Coal,70000.0
2023-01-19,TANJUNG_BARA,DHAMRA,Thermal Coal,597.4,Thermal Coal,70000.0
2023-01-19,BALIKPAPAN,KAMARAJAR,Thermal Coal,597.4,Thermal Coal,70000.0
2023-01-19,RICHARDS_BAY,PARADIP,Thermal Coal,597.4,Thermal Coal,70000.0
2023-01-19,TANJUNG_BARA,PARADIP,Thermal Coal,597.4,Thermal Coal,70000.0
2023-01-19,NEWCASTLE,DHAMRA,Thermal Coal,597.4,Thermal Coal,70000.0
2023-01-19,HAY_POINT,DHAMRA,Coking Coal,597.4,Coking Coal,70000.0
2023-01-19,GLADSTONE,PARADIP,Coking Coal,597.4,Coking Coal,70000.0
2023-01-19,HAY_POINT,PARADIP,Coking Coal,597.4,Coking Coal,70000.0
2023-01-19,HAY_POINT,VISAKHAPATNAM,Coking Coal,597.4,Coking Coal,70000.0
2023-01-20,GLADSTONE,PARADIP,Coking Coal,598.7,Coking Coal,70000.0
2023-01-20,MAPUTO,VISAKHAPATNAM,Coking Coal,598.7,Coking Coal,70000.0
2023-01-20,TANJUNG_BARA,DHAMRA,Thermal Coal,598.7,Thermal Coal,70000.0
2023-01-20,RICHARDS_BAY,PARADIP,Thermal Coal,598.7,Thermal Coal,70000.0
2023-01-20,HAY_POINT,DHAMRA,Coking Coal,598.7,Coking Coal,70000.0
2023-01-20,NEWCASTLE,DHAMRA,Thermal Coal,598.7,Thermal Coal,70000.0
2023-01-20,BALIKPAPAN,KAMARAJAR,Thermal Coal,598.7,Thermal Coal,70000.0
2023-01-20,HAY_POINT,VISAKHAPATNAM,Coking Coal,598.7,Coking Coal,70000.0
2023-01-20,TANJUNG_BARA,PARADIP,Thermal Coal,598.7,Thermal Coal,70000.0
2023-01-20,HAY_POINT,PARADIP,Coking Coal,598.7,Coking Coal,70000.0
2023-01-21,GLADSTONE,PARADIP,Coking Coal,598.0,Coking Coal,70000.0
2023-01-21,TANJUNG_BARA,DHAMRA,Thermal Coal,598.0,Thermal Coal,70000.0
2023-01-21,RICHARDS_BAY,PARADIP,Thermal Coal,598.0,Thermal Coal,70000.0
2023-01-21,NEWCASTLE,DHAMRA,Thermal Coal,598.0,Thermal Coal,70000.0
2023-01-21,MAPUTO,VISAKHAPATNAM,Coking Coal,598.0,Coking Coal,70000.0
2023-01-21,HAY_POINT,DHAMRA,Coking Coal,598.0,Coking Coal,70000.0
2023-01-21,HAY_POINT,PARADIP,Coking Coal,598.0,Coking Coal,70000.0
2023-01-21,TANJUNG_BARA,PARADIP,Thermal Coal,598.0,Thermal Coal,70000.0
2023-01-21,HAY_POINT,VISAKHAPATNAM,Coking Coal,598.0,Coking Coal,70000.0
2023-01-21,BALIKPAPAN,KAMARAJAR,Thermal Coal,598.0,Thermal Coal,70000.0
2023-01-22,HAY_POINT,PARADIP,Coking Coal,601.2,Coking Coal,70000.0
2023-01-22,TANJUNG_BARA,DHAMRA,Thermal Coal,601.2,Thermal Coal,70000.0
2023-01-22,RICHARDS_BAY,PARADIP,Thermal Coal,601.2,Thermal Coal,70000.0
2023-01-22,HAY_POINT,DHAMRA,Coking Coal,601.2,Coking Coal,70000.0
2023-01-22,BALIKPAPAN,KAMARAJAR,Thermal Coal,601.2,Thermal Coal,70000.0
2023-01-22,GLADSTONE,PARADIP,Coking Coal,601.2,Coking Coal,70000.0
2023-01-22,MAPUTO,VISAKHAPATNAM,Coking Coal,601.2,Coking Coal,70000.0
2023-01-22,TANJUNG_BARA,PARADIP,Thermal Coal,601.2,Thermal Coal,70000.0
2023-01-22,HAY_POINT,VISAKHAPATNAM,Coking Coal,601.2,Coking Coal,70000.0
2023-01-22,NEWCASTLE,DHAMRA,Thermal Coal,601.2,Thermal Coal,70000.0
2023-01-23,HAY_POINT,VISAKHAPATNAM,Coking Coal,605.3,Coking Coal,70000.0
2023-01-23,TANJUNG_BARA,DHAMRA,Thermal Coal,605.3,Thermal Coal,70000.0
2023-01-23,NEWCASTLE,DHAMRA,Thermal Coal,605.3,Thermal Coal,70000.0
2023-01-23,BALIKPAPAN,KAMARAJAR,Thermal Coal,605.3,Thermal Coal,70000.0
2023-01-23,HAY_POINT,PARADIP,Coking Coal,605.3,Coking Coal,70000.0
2023-01-23,RICHARDS_BAY,PARADIP,Thermal Coal,605.3,Thermal Coal,70000.0
2023-01-23,TANJUNG_BARA,PARADIP,Thermal Coal,605.3,Thermal Coal,70000.0
2023-01-23,HAY_POINT,DHAMRA,Coking Coal,605.3,Coking Coal,70000.0
2023-01-23,GLADSTONE,PARADIP,Coking Coal,605.3,Coking Coal,70000.0
2023-01-23,MAPUTO,VISAKHAPATNAM,Coking Coal,605.3,Coking Coal,70000.0
2023-01-24,BALIKPAPAN,KAMARAJAR,Thermal Coal,606.7,Thermal Coal,70000.0
2023-01-24,HAY_POINT,DHAMRA,Coking Coal,606.7,Coking Coal,70000.0
2023-01-24,TANJUNG_BARA,DHAMRA,Thermal Coal,606.7,Thermal Coal,70000.0
2023-01-24,NEWCASTLE,DHAMRA,Thermal Coal,606.7,Thermal Coal,70000.0
2023-01-24,RICHARDS_BAY,PARADIP,Thermal Coal,606.7,Thermal Coal,70000.0
2023-01-24,HAY_POINT,PARADIP,Coking Coal,606.7,Coking Coal,70000.0
2023-01-24,GLADSTONE,PARADIP,Coking Coal,606.7,Coking Coal,70000.0
2023-01-24,HAY_POINT,VISAKHAPATNAM,Coking Coal,606.7,Coking Coal,70000.0
2023-01-24,TANJUNG_BARA,PARADIP,Thermal Coal,606.7,Thermal Coal,70000.0
2023-01-24,MAPUTO,VISAKHAPATNAM,Coking Coal,606.7,Coking Coal,70000.0
2023-01-25,HAY_POINT,PARADIP,Coking Coal,613.0,Coking Coal,70000.0
2023-01-25,RICHARDS_BAY,PARADIP,Thermal Coal,613.0,Thermal Coal,70000.0
2023-01-25,GLADSTONE,PARADIP,Coking Coal,613.0,Coking Coal,70000.0
2023-01-25,MAPUTO,VISAKHAPATNAM,Coking Coal,613.0,Coking Coal,70000.0
2023-01-25,TANJUNG_BARA,DHAMRA,Thermal Coal,613.0,Thermal Coal,70000.0
2023-01-25,HAY_POINT,VISAKHAPATNAM,Coking Coal,613.0,Coking Coal,70000.0
2023-01-25,HAY_POINT,DHAMRA,Coking Coal,613.0,Coking Coal,70000.0
2023-01-25,NEWCASTLE,DHAMRA,Thermal Coal,613.0,Thermal Coal,70000.0
2023-01-25,TANJUNG_BARA,PARADIP,Thermal Coal,613.0,Thermal Coal,70000.0
2023-01-25,BALIKPAPAN,KAMARAJAR,Thermal Coal,613.0,Thermal Coal,70000.0
2023-01-26,MAPUTO,VISAKHAPATNAM,Coking Coal,613.3,Coking Coal,70000.0
2023-01-26,HAY_POINT,DHAMRA,Coking Coal,613.3,Coking Coal,70000.0
2023-01-26,BALIKPAPAN,KAMARAJAR,Thermal Coal,613.3,Thermal Coal,70000.0
2023-01-26,NEWCASTLE,DHAMRA,Thermal Coal,613.3,Thermal Coal,70000.0
2023-01-26,HAY_POINT,PARADIP,Coking Coal,613.3,Coking Coal,70000.0
2023-01-26,GLADSTONE,PARADIP,Coking Coal,613.3,Coking Coal,70000.0
2023-01-26,HAY_POINT,VISAKHAPATNAM,Coking Coal,613.3,Coking Coal,70000.0
2023-01-26,TANJUNG_BARA,DHAMRA,Thermal Coal,613.3,Thermal Coal,70000.0
2023-01-26,TANJUNG_BARA,PARADIP,Thermal Coal,613.3,Thermal Coal,70000.0
2023-01-26,RICHARDS_BAY,PARADIP,Thermal Coal,613.3,Thermal Coal,70000.0
2023-01-27,GLADSTONE,PARADIP,Coking Coal,605.4,Coking Coal,70000.0
2023-01-27,TANJUNG_BARA,DHAMRA,Thermal Coal,605.4,Thermal Coal,70000.0
2023-01-27,HAY_POINT,DHAMRA,Coking Coal,605.4,Coking Coal,70000.0
2023-01-27,HAY_POINT,PARADIP,Coking Coal,605.4,Coking Coal,70000.0
2023-01-27,HAY_POINT,VISAKHAPATNAM,Coking Coal,605.4,Coking Coal,70000.0
2023-01-27,RICHARDS_BAY,PARADIP,Thermal Coal,605.4,Thermal Coal,70000.0
2023-01-27,MAPUTO,VISAKHAPATNAM,Coking Coal,605.4,Coking Coal,70000.0
2023-01-27,TANJUNG_BARA,PARADIP,Thermal Coal,605.4,Thermal Coal,70000.0
2023-01-27,NEWCASTLE,DHAMRA,Thermal Coal,605.4,Thermal Coal,70000.0
2023-01-27,BALIKPAPAN,KAMARAJAR,Thermal Coal,605.4,Thermal Coal,70000.0
2023-01-28,HAY_POINT,DHAMRA,Coking Coal,611.3,Coking Coal,70000.0
2023-01-28,HAY_POINT,PARADIP,Coking Coal,611.3,Coking Coal,70000.0
2023-01-28,HAY_POINT,VISAKHAPATNAM,Coking Coal,611.3,Coking Coal,70000.0
2023-01-28,MAPUTO,VISAKHAPATNAM,Coking Coal,611.3,Coking Coal,70000.0
2023-01-28,GLADSTONE,PARADIP,Coking Coal,611.3,Coking Coal,70000.0
2023-01-28,RICHARDS_BAY,PARADIP,Thermal Coal,611.3,Thermal Coal,70000.0
2023-01-28,NEWCASTLE,DHAMRA,Thermal Coal,611.3,Thermal Coal,70000.0
2023-01-28,TANJUNG_BARA,PARADIP,Thermal Coal,611.3,Thermal Coal,70000.0
2023-01-28,TANJUNG_BARA,DHAMRA,Thermal Coal,611.3,Thermal Coal,70000.0
2023-01-28,BALIKPAPAN,KAMARAJAR,Thermal Coal,611.3,Thermal Coal,70000.0
2023-01-29,MAPUTO,VISAKHAPATNAM,Coking Coal,609.3,Coking Coal,70000.0
2023-01-29,HAY_POINT,VISAKHAPATNAM,Coking Coal,609.3,Coking Coal,70000.0
2023-01-29,TANJUNG_BARA,PARADIP,Thermal Coal,609.3,Thermal Coal,70000.0
2023-01-29,NEWCASTLE,DHAMRA,Thermal Coal,609.3,Thermal Coal,70000.0
2023-01-29,HAY_POINT,DHAMRA,Coking Coal,609.3,Coking Coal,70000.0
2023-01-29,TANJUNG_BARA,DHAMRA,Thermal Coal,609.3,Thermal Coal,70000.0
2023-01-29,HAY_POINT,PARADIP,Coking Coal,609.3,Coking Coal,70000.0
2023-01-29,RICHARDS_BAY,PARADIP,Thermal Coal,609.3,Thermal Coal,70000.0
2023-01-29,BALIKPAPAN,KAMARAJAR,Thermal Coal,609.3,Thermal Coal,70000.0
2023-01-29,GLADSTONE,PARADIP,Coking Coal,609.3,Coking Coal,70000.0
2023-01-30,HAY_POINT,VISAKHAPATNAM,Coking Coal,607.2,Coking Coal,70000.0
2023-01-30,TANJUNG_BARA,DHAMRA,Thermal Coal,607.2,Thermal Coal,70000.0
2023-01-30,HAY_POINT,PARADIP,Coking Coal,607.2,Coking Coal,70000.0
2023-01-30,HAY_POINT,DHAMRA,Coking Coal,607.2,Coking Coal,70000.0
2023-01-30,NEWCASTLE,DHAMRA,Thermal Coal,607.2,Thermal Coal,70000.0
2023-01-30,TANJUNG_BARA,PARADIP,Thermal Coal,607.2,Thermal Coal,70000.0
2023-01-30,MAPUTO,VISAKHAPATNAM,Coking Coal,607.2,Coking Coal,70000.0
2023-01-30,BALIKPAPAN,KAMARAJAR,Thermal Coal,607.2,Thermal Coal,70000.0
2023-01-30,RICHARDS_BAY,PARADIP,Thermal Coal,607.2,Thermal Coal,70000.0
2023-01-30,GLADSTONE,PARADIP,Coking Coal,607.2,Coking Coal,70000.0
2023-01-31,TANJUNG_BARA,DHAMRA,Thermal Coal,611.0,Thermal Coal,70000.0
2023-01-31,HAY_POINT,VISAKHAPATNAM,Coking Coal,611.0,Coking Coal,70000.0
2023-01-31,HAY_POINT,PARADIP,Coking Coal,611.0,Coking Coal,70000.0
2023-01-31,HAY_POINT,DHAMRA,Coking Coal,611.0,Coking Coal,70000.0
2023-01-31,MAPUTO,VISAKHAPATNAM,Coking Coal,611.0,Coking Coal,70000.0
2023-01-31,TANJUNG_BARA,PARADIP,Thermal Coal,611.0,Thermal Coal,70000.0
2023-01-31,RICHARDS_BAY,PARADIP,Thermal Coal,611.0,Thermal Coal,70000.0
2023-01-31,BALIKPAPAN,KAMARAJAR,Thermal Coal,611.0,Thermal Coal,70000.0
2023-01-31,NEWCASTLE,DHAMRA,Thermal Coal,611.0,Thermal Coal,70000.0
2023-01-31,GLADSTONE,PARADIP,Coking Coal,611.0,Coking Coal,70000.0
2023-02-01,HAY_POINT,PARADIP,Coking Coal,609.5,Coking Coal,70000.0
2023-02-01,TANJUNG_BARA,DHAMRA,Thermal Coal,609.5,Thermal Coal,70000.0
2023-02-01,RICHARDS_BAY,PARADIP,Thermal Coal,609.5,Thermal Coal,70000.0
2023-02-01,BALIKPAPAN,KAMARAJAR,Thermal Coal,609.5,Thermal Coal,70000.0
2023-02-01,TANJUNG_BARA,PARADIP,Thermal Coal,609.5,Thermal Coal,70000.0
2023-02-01,MAPUTO,VISAKHAPATNAM,Coking Coal,609.5,Coking Coal,70000.0
2023-02-01,HAY_POINT,VISAKHAPATNAM,Coking Coal,609.5,Coking Coal,70000.0
2023-02-01,HAY_POINT,DHAMRA,Coking Coal,609.5,Coking Coal,70000.0
2023-02-01,NEWCASTLE,DHAMRA,Thermal Coal,609.5,Thermal Coal,70000.0
2023-02-01,GLADSTONE,PARADIP,Coking Coal,609.5,Coking Coal,70000.0
2023-02-02,HAY_POINT,VISAKHAPATNAM,Coking Coal,610.5,Coking Coal,70000.0
2023-02-02,RICHARDS_BAY,PARADIP,Thermal Coal,610.5,Thermal Coal,70000.0
2023-02-02,BALIKPAPAN,KAMARAJAR,Thermal Coal,610.5,Thermal Coal,70000.0
2023-02-02,HAY_POINT,PARADIP,Coking Coal,610.5,Coking Coal,70000.0
2023-02-02,NEWCASTLE,DHAMRA,Thermal Coal,610.5,Thermal Coal,70000.0
2023-02-02,TANJUNG_BARA,PARADIP,Thermal Coal,610.5,Thermal Coal,70000.0
2023-02-02,MAPUTO,VISAKHAPATNAM,Coking Coal,610.5,Coking Coal,70000.0
2023-02-02,HAY_POINT,DHAMRA,Coking Coal,610.5,Coking Coal,70000.0
2023-02-02,GLADSTONE,PARADIP,Coking Coal,610.5,Coking Coal,70000.0
2023-02-02,TANJUNG_BARA,DHAMRA,Thermal Coal,610.5,Thermal Coal,70000.0
2023-02-03,GLADSTONE,PARADIP,Coking Coal,604.8,Coking Coal,70000.0
2023-02-03,BALIKPAPAN,KAMARAJAR,Thermal Coal,604.8,Thermal Coal,70000.0
2023-02-03,NEWCASTLE,DHAMRA,Thermal Coal,604.8,Thermal Coal,70000.0
2023-02-03,TANJUNG_BARA,PARADIP,Thermal Coal,604.8,Thermal Coal,70000.0
2023-02-03,HAY_POINT,VISAKHAPATNAM,Coking Coal,604.8,Coking Coal,70000.0
2023-02-03,MAPUTO,VISAKHAPATNAM,Coking Coal,604.8,Coking Coal,70000.0
2023-02-03,TANJUNG_BARA,DHAMRA,Thermal Coal,604.8,Thermal Coal,70000.0
2023-02-03,HAY_POINT,DHAMRA,Coking Coal,604.8,Coking Coal,70000.0
2023-02-03,RICHARDS_BAY,PARADIP,Thermal Coal,604.8,Thermal Coal,70000.0
2023-02-03,HAY_POINT,PARADIP,Coking Coal,604.8,Coking Coal,70000.0
2023-02-04,TANJUNG_BARA,DHAMRA,Thermal Coal,601.6,Thermal Coal,70000.0
2023-02-04,HAY_POINT,PARADIP,Coking Coal,601.6,Coking Coal,70000.0
2023-02-04,TANJUNG_BARA,PARADIP,Thermal Coal,601.6,Thermal Coal,70000.0
2023-02-04,RICHARDS_BAY,PARADIP,Thermal Coal,601.6,Thermal Coal,70000.0
2023-02-04,MAPUTO,VISAKHAPATNAM,Coking Coal,601.6,Coking Coal,70000.0
2023-02-04,NEWCASTLE,DHAMRA,Thermal Coal,601.6,Thermal Coal,70000.0
2023-02-04,HAY_POINT,VISAKHAPATNAM,Coking Coal,601.6,Coking Coal,70000.0
2023-02-04,BALIKPAPAN,KAMARAJAR,Thermal Coal,601.6,Thermal Coal,70000.0
2023-02-04,HAY_POINT,DHAMRA,Coking Coal,601.6,Coking Coal,70000.0
2023-02-04,GLADSTONE,PARADIP,Coking Coal,601.6,Coking Coal,70000.0
2023-02-05,RICHARDS_BAY,PARADIP,Thermal Coal,609.2,Thermal Coal,70000.0
2023-02-05,NEWCASTLE,DHAMRA,Thermal Coal,609.2,Thermal Coal,70000.0
2023-02-05,MAPUTO,VISAKHAPATNAM,Coking Coal,609.2,Coking Coal,70000.0
2023-02-05,TANJUNG_BARA,PARADIP,Thermal Coal,609.2,Thermal Coal,70000.0
2023-02-05,HAY_POINT,PARADIP,Coking Coal,609.2,Coking Coal,70000.0
2023-02-05,BALIKPAPAN,KAMARAJAR,Thermal Coal,609.2,Thermal Coal,70000.0
2023-02-05,HAY_POINT,DHAMRA,Coking Coal,609.2,Coking Coal,70000.0
2023-02-05,GLADSTONE,PARADIP,Coking Coal,609.2,Coking Coal,70000.0
2023-02-05,TANJUNG_BARA,DHAMRA,Thermal Coal,609.2,Thermal Coal,70000.0
2023-02-05,HAY_POINT,VISAKHAPATNAM,Coking Coal,609.2,Coking Coal,70000.0
2023-02-06,GLADSTONE,PARADIP,Coking Coal,608.9,Coking Coal,70000.0
2023-02-06,BALIKPAPAN,KAMARAJAR,Thermal Coal,608.9,Thermal Coal,70000.0
2023-02-06,HAY_POINT,VISAKHAPATNAM,Coking Coal,608.9,Coking Coal,70000.0
2023-02-06,HAY_POINT,PARADIP,Coking Coal,608.9,Coking Coal,70000.0
2023-02-06,NEWCASTLE,DHAMRA,Thermal Coal,608.9,Thermal Coal,70000.0
2023-02-06,RICHARDS_BAY,PARADIP,Thermal Coal,608.9,Thermal Coal,70000.0
2023-02-06,TANJUNG_BARA,PARADIP,Thermal Coal,608.9,Thermal Coal,70000.0
2023-02-06,TANJUNG_BARA,DHAMRA,Thermal Coal,608.9,Thermal Coal,70000.0
2023-02-06,MAPUTO,VISAKHAPATNAM,Coking Coal,608.9,Coking Coal,70000.0
2023-02-06,HAY_POINT,DHAMRA,Coking Coal,608.9,Coking Coal,70000.0
2023-02-07,BALIKPAPAN,KAMARAJAR,Thermal Coal,609.1,Thermal Coal,70000.0
2023-02-07,MAPUTO,VISAKHAPATNAM,Coking Coal,609.1,Coking Coal,70000.0
2023-02-07,GLADSTONE,PARADIP,Coking Coal,609.1,Coking Coal,70000.0
2023-02-07,HAY_POINT,DHAMRA,Coking Coal,609.1,Coking Coal,70000.0
2023-02-07,TANJUNG_BARA,PARADIP,Thermal Coal,609.1,Thermal Coal,70000.0
2023-02-07,HAY_POINT,PARADIP,Coking Coal,609.1,Coking Coal,70000.0
2023-02-07,HAY_POINT,VISAKHAPATNAM,Coking Coal,609.1,Coking Coal,70000.0
2023-02-07,NEWCASTLE,DHAMRA,Thermal Coal,609.1,Thermal Coal,70000.0
2023-02-07,RICHARDS_BAY,PARADIP,Thermal Coal,609.1,Thermal Coal,70000.0
2023-02-07,TANJUNG_BARA,DHAMRA,Thermal Coal,609.1,Thermal Coal,70000.0
2023-02-08,HAY_POINT,DHAMRA,Coking Coal,610.3,Coking Coal,70000.0
2023-02-08,HAY_POINT,PARADIP,Coking Coal,610.3,Coking Coal,70000.0
2023-02-08,RICHARDS_BAY,PARADIP,Thermal Coal,610.3,Thermal Coal,70000.0
2023-02-08,TANJUNG_BARA,DHAMRA,Thermal Coal,610.3,Thermal Coal,70000.0
2023-02-08,BALIKPAPAN,KAMARAJAR,Thermal Coal,610.3,Thermal Coal,70000.0
2023-02-08,TANJUNG_BARA,PARADIP,Thermal Coal,610.3,Thermal Coal,70000.0
2023-02-08,HAY_POINT,VISAKHAPATNAM,Coking Coal,610.3,Coking Coal,70000.0
2023-02-08,MAPUTO,VISAKHAPATNAM,Coking Coal,610.3,Coking Coal,70000.0
2023-02-08,NEWCASTLE,DHAMRA,Thermal Coal,610.3,Thermal Coal,70000.0
2023-02-08,GLADSTONE,PARADIP,Coking Coal,610.3,Coking Coal,70000.0
2023-02-09,TANJUNG_BARA,DHAMRA,Thermal Coal,614.9,Thermal Coal,70000.0
2023-02-09,NEWCASTLE,DHAMRA,Thermal Coal,614.9,Thermal Coal,70000.0
2023-02-09,TANJUNG_BARA,PARADIP,Thermal Coal,614.9,Thermal Coal,70000.0
2023-02-09,GLADSTONE,PARADIP,Coking Coal,614.9,Coking Coal,70000.0
2023-02-09,HAY_POINT,DHAMRA,Coking Coal,614.9,Coking Coal,70000.0
2023-02-09,HAY_POINT,VISAKHAPATNAM,Coking Coal,614.9,Coking Coal,70000.0
2023-02-09,RICHARDS_BAY,PARADIP,Thermal Coal,614.9,Thermal Coal,70000.0
2023-02-09,MAPUTO,VISAKHAPATNAM,Coking Coal,614.9,Coking Coal,70000.0
2023-02-09,HAY_POINT,PARADIP,Coking Coal,614.9,Coking Coal,70000.0
2023-02-09,BALIKPAPAN,KAMARAJAR,Thermal Coal,614.9,Thermal Coal,70000.0
2023-02-10,TANJUNG_BARA,DHAMRA,Thermal Coal,611.3,Thermal Coal,70000.0
2023-02-10,NEWCASTLE,DHAMRA,Thermal Coal,611.3,Thermal Coal,70000.0
2023-02-10,TANJUNG_BARA,PARADIP,Thermal Coal,611.3,Thermal Coal,70000.0
2023-02-10,GLADSTONE,PARADIP,Coking Coal,611.3,Coking Coal,70000.0
2023-02-10,RICHARDS_BAY,PARADIP,Thermal Coal,611.3,Thermal Coal,70000.0
2023-02-10,HAY_POINT,VISAKHAPATNAM,Coking Coal,611.3,Coking Coal,70000.0
2023-02-10,HAY_POINT,PARADIP,Coking Coal,611.3,Coking Coal,70000.0
2023-02-10,HAY_POINT,DHAMRA,Coking Coal,611.3,Coking Coal,70000.0
2023-02-10,MAPUTO,VISAKHAPATNAM,Coking Coal,611.3,Coking Coal,70000.0
2023-02-10,BALIKPAPAN,KAMARAJAR,Thermal Coal,611.3,Thermal Coal,70000.0
2023-02-11,TANJUNG_BARA,PARADIP,Thermal Coal,613.6,Thermal Coal,70000.0
2023-02-11,GLADSTONE,PARADIP,Coking Coal,613.6,Coking Coal,70000.0
2023-02-11,HAY_POINT,VISAKHAPATNAM,Coking Coal,613.6,Coking Coal,70000.0
2023-02-11,HAY_POINT,PARADIP,Coking Coal,613.6,Coking Coal,70000.0
2023-02-11,BALIKPAPAN,KAMARAJAR,Thermal Coal,613.6,Thermal Coal,70000.0
2023-02-11,HAY_POINT,DHAMRA,Coking Coal,613.6,Coking Coal,70000.0
2023-02-11,NEWCASTLE,DHAMRA,Thermal Coal,613.6,Thermal Coal,70000.0
2023-02-11,RICHARDS_BAY,PARADIP,Thermal Coal,613.6,Thermal Coal,70000.0
2023-02-11,MAPUTO,VISAKHAPATNAM,Coking Coal,613.6,Coking Coal,70000.0
2023-02-11,TANJUNG_BARA,DHAMRA,Thermal Coal,613.6,Thermal Coal,70000.0
2023-02-12,RICHARDS_BAY,PARADIP,Thermal Coal,611.3,Thermal Coal,70000.0
2023-02-12,HAY_POINT,PARADIP,Coking Coal,611.3,Coking Coal,70000.0
2023-02-12,TANJUNG_BARA,PARADIP,Thermal Coal,611.3,Thermal Coal,70000.0
2023-02-12,MAPUTO,VISAKHAPATNAM,Coking Coal,611.3,Coking Coal,70000.0
2023-02-12,NEWCASTLE,DHAMRA,Thermal Coal,611.3,Thermal Coal,70000.0
2023-02-12,HAY_POINT,VISAKHAPATNAM,Coking Coal,611.3,Coking Coal,70000.0
2023-02-12,HAY_POINT,DHAMRA,Coking Coal,611.3,Coking Coal,70000.0
2023-02-12,BALIKPAPAN,KAMARAJAR,Thermal Coal,611.3,Thermal Coal,70000.0
2023-02-12,GLADSTONE,PARADIP,Coking Coal,611.3,Coking Coal,70000.0
2023-02-12,TANJUNG_BARA,DHAMRA,Thermal Coal,611.3,Thermal Coal,70000.0
2023-02-13,HAY_POINT,PARADIP,Coking Coal,605.1,Coking Coal,70000.0
2023-02-13,MAPUTO,VISAKHAPATNAM,Coking Coal,605.1,Coking Coal,70000.0
2023-02-13,TANJUNG_BARA,PARADIP,Thermal Coal,605.1,Thermal Coal,70000.0
2023-02-13,TANJUNG_BARA,DHAMRA,Thermal Coal,605.1,Thermal Coal,70000.0
2023-02-13,NEWCASTLE,DHAMRA,Thermal Coal,605.1,Thermal Coal,70000.0
2023-02-13,BALIKPAPAN,KAMARAJAR,Thermal Coal,605.1,Thermal Coal,70000.0
2023-02-13,GLADSTONE,PARADIP,Coking Coal,605.1,Coking Coal,70000.0
2023-02-13,HAY_POINT,VISAKHAPATNAM,Coking Coal,605.1,Coking Coal,70000.0
2023-02-13,RICHARDS_BAY,PARADIP,Thermal Coal,605.1,Thermal Coal,70000.0
2023-02-13,HAY_POINT,DHAMRA,Coking Coal,605.1,Coking Coal,70000.0
2023-02-14,MAPUTO,VISAKHAPATNAM,Coking Coal,607.0,Coking Coal,70000.0
2023-02-14,BALIKPAPAN,KAMARAJAR,Thermal Coal,607.0,Thermal Coal,70000.0
2023-02-14,HAY_POINT,VISAKHAPATNAM,Coking Coal,607.0,Coking Coal,70000.0
2023-02-14,TANJUNG_BARA,DHAMRA,Thermal Coal,607.0,Thermal Coal,70000.0
2023-02-14,TANJUNG_BARA,PARADIP,Thermal Coal,607.0,Thermal Coal,70000.0
2023-02-14,HAY_POINT,PARADIP,Coking Coal,607.0,Coking Coal,70000.0
2023-02-14,GLADSTONE,PARADIP,Coking Coal,607.0,Coking Coal,70000.0
2023-02-14,HAY_POINT,DHAMRA,Coking Coal,607.0,Coking Coal,70000.0
2023-02-14,RICHARDS_BAY,PARADIP,Thermal Coal,607.0,Thermal Coal,70000.0
2023-02-14,NEWCASTLE,DHAMRA,Thermal Coal,607.0,Thermal Coal,70000.0
2023-02-15,MAPUTO,VISAKHAPATNAM,Coking Coal,603.9,Coking Coal,70000.0
2023-02-15,HAY_POINT,PARADIP,Coking Coal,603.9,Coking Coal,70000.0
2023-02-15,HAY_POINT,DHAMRA,Coking Coal,603.9,Coking Coal,70000.0
2023-02-15,RICHARDS_BAY,PARADIP,Thermal Coal,603.9,Thermal Coal,70000.0
2023-02-15,BALIKPAPAN,KAMARAJAR,Thermal Coal,603.9,Thermal Coal,70000.0
2023-02-15,TANJUNG_BARA,DHAMRA,Thermal Coal,603.9,Thermal Coal,70000.0
2023-02-15,NEWCASTLE,DHAMRA,Thermal Coal,603.9,Thermal Coal,70000.0
2023-02-15,GLADSTONE,PARADIP,Coking Coal,603.9,Coking Coal,70000.0
2023-02-15,HAY_POINT,VISAKHAPATNAM,Coking Coal,603.9,Coking Coal,70000.0
2023-02-15,TANJUNG_BARA,PARADIP,Thermal Coal,603.9,Thermal Coal,70000.0
2023-02-16,NEWCASTLE,DHAMRA,Thermal Coal,599.0,Thermal Coal,70000.0
2023-02-16,HAY_POINT,PARADIP,Coking Coal,599.0,Coking Coal,70000.0
2023-02-16,TANJUNG_BARA,PARADIP,Thermal Coal,599.0,Thermal Coal,70000.0
2023-02-16,HAY_POINT,DHAMRA,Coking Coal,599.0,Coking Coal,70000.0
2023-02-16,TANJUNG_BARA,DHAMRA,Thermal Coal,599.0,Thermal Coal,70000.0
2023-02-16,MAPUTO,VISAKHAPATNAM,Coking Coal,599.0,Coking Coal,70000.0
2023-02-16,RICHARDS_BAY,PARADIP,Thermal Coal,599.0,Thermal Coal,70000.0
2023-02-16,GLADSTONE,PARADIP,Coking Coal,599.0,Coking Coal,70000.0
2023-02-16,BALIKPAPAN,KAMARAJAR,Thermal Coal,599.0,Thermal Coal,70000.0
2023-02-16,HAY_POINT,VISAKHAPATNAM,Coking Coal,599.0,Coking Coal,70000.0
2023-02-17,TANJUNG_BARA,PARADIP,Thermal Coal,592.5,Thermal Coal,70000.0
2023-02-17,HAY_POINT,DHAMRA,Coking Coal,592.5,Coking Coal,70000.0
2023-02-17,HAY_POINT,VISAKHAPATNAM,Coking Coal,592.5,Coking Coal,70000.0
2023-02-17,GLADSTONE,PARADIP,Coking Coal,592.5,Coking Coal,70000.0
2023-02-17,MAPUTO,VISAKHAPATNAM,Coking Coal,592.5,Coking Coal,70000.0
2023-02-17,HAY_POINT,PARADIP,Coking Coal,592.5,Coking Coal,70000.0
2023-02-17,BALIKPAPAN,KAMARAJAR,Thermal Coal,592.5,Thermal Coal,70000.0
2023-02-17,TANJUNG_BARA,DHAMRA,Thermal Coal,592.5,Thermal Coal,70000.0
2023-02-17,NEWCASTLE,DHAMRA,Thermal Coal,592.5,Thermal Coal,70000.0
2023-02-17,RICHARDS_BAY,PARADIP,Thermal Coal,592.5,Thermal Coal,70000.0
2023-02-18,HAY_POINT,PARADIP,Coking Coal,595.7,Coking Coal,70000.0
2023-02-18,BALIKPAPAN,KAMARAJAR,Thermal Coal,595.7,Thermal Coal,70000.0
2023-02-18,HAY_POINT,DHAMRA,Coking Coal,595.7,Coking Coal,70000.0
2023-02-18,HAY_POINT,VISAKHAPATNAM,Coking Coal,595.7,Coking Coal,70000.0
2023-02-18,NEWCASTLE,DHAMRA,Thermal Coal,595.7,Thermal Coal,70000.0
2023-02-18,TANJUNG_BARA,PARADIP,Thermal Coal,595.7,Thermal Coal,70000.0
2023-02-18,MAPUTO,VISAKHAPATNAM,Coking Coal,595.7,Coking Coal,70000.0
2023-02-18,RICHARDS_BAY,PARADIP,Thermal Coal,595.7,Thermal Coal,70000.0
2023-02-18,GLADSTONE,PARADIP,Coking Coal,595.7,Coking Coal,70000.0
2023-02-18,TANJUNG_BARA,DHAMRA,Thermal Coal,595.7,Thermal Coal,70000.0
2023-02-19,HAY_POINT,DHAMRA,Coking Coal,597.8,Coking Coal,70000.0
2023-02-19,RICHARDS_BAY,PARADIP,Thermal Coal,597.8,Thermal Coal,70000.0
2023-02-19,TANJUNG_BARA,DHAMRA,Thermal Coal,597.8,Thermal Coal,70000.0
2023-02-19,BALIKPAPAN,KAMARAJAR,Thermal Coal,597.8,Thermal Coal,70000.0
2023-02-19,MAPUTO,VISAKHAPATNAM,Coking Coal,597.8,Coking Coal,70000.0
2023-02-19,HAY_POINT,VISAKHAPATNAM,Coking Coal,597.8,Coking Coal,70000.0
2023-02-19,NEWCASTLE,DHAMRA,Thermal Coal,597.8,Thermal Coal,70000.0
2023-02-19,GLADSTONE,PARADIP,Coking Coal,597.8,Coking Coal,70000.0
2023-02-19,TANJUNG_BARA,PARADIP,Thermal Coal,597.8,Thermal Coal,70000.0
2023-02-19,HAY_POINT,PARADIP,Coking Coal,597.8,Coking Coal,70000.0
2023-02-20,HAY_POINT,VISAKHAPATNAM,Coking Coal,599.1,Coking Coal,70000.0
2023-02-20,NEWCASTLE,DHAMRA,Thermal Coal,599.1,Thermal Coal,70000.0
2023-02-20,RICHARDS_BAY,PARADIP,Thermal Coal,599.1,Thermal Coal,70000.0
2023-02-20,BALIKPAPAN,KAMARAJAR,Thermal Coal,599.1,Thermal Coal,70000.0
2023-02-20,GLADSTONE,PARADIP,Coking Coal,599.1,Coking Coal,70000.0
2023-02-20,TANJUNG_BARA,PARADIP,Thermal Coal,599.1,Thermal Coal,70000.0
2023-02-20,HAY_POINT,DHAMRA,Coking Coal,599.1,Coking Coal,70000.0
2023-02-20,MAPUTO,VISAKHAPATNAM,Coking Coal,599.1,Coking Coal,70000.0
2023-02-20,HAY_POINT,PARADIP,Coking Coal,599.1,Coking Coal,70000.0
2023-02-20,TANJUNG_BARA,DHAMRA,Thermal Coal,599.1,Thermal Coal,70000.0
2023-02-21,HAY_POINT,PARADIP,Coking Coal,600.3,Coking Coal,70000.0
2023-02-21,HAY_POINT,DHAMRA,Coking Coal,600.3,Coking Coal,70000.0
2023-02-21,RICHARDS_BAY,PARADIP,Thermal Coal,600.3,Thermal Coal,70000.0
2023-02-21,NEWCASTLE,DHAMRA,Thermal Coal,600.3,Thermal Coal,70000.0
2023-02-21,GLADSTONE,PARADIP,Coking Coal,600.3,Coking Coal,70000.0
2023-02-21,TANJUNG_BARA,DHAMRA,Thermal Coal,600.3,Thermal Coal,70000.0
2023-02-21,HAY_POINT,VISAKHAPATNAM,Coking Coal,600.3,Coking Coal,70000.0
2023-02-21,BALIKPAPAN,KAMARAJAR,Thermal Coal,600.3,Thermal Coal,70000.0
2023-02-21,TANJUNG_BARA,PARADIP,Thermal Coal,600.3,Thermal Coal,70000.0
2023-02-21,MAPUTO,VISAKHAPATNAM,Coking Coal,600.3,Coking Coal,70000.0
2023-02-22,HAY_POINT,PARADIP,Coking Coal,602.2,Coking Coal,70000.0
2023-02-22,HAY_POINT,DHAMRA,Coking Coal,602.2,Coking Coal,70000.0
2023-02-22,NEWCASTLE,DHAMRA,Thermal Coal,602.2,Thermal Coal,70000.0
2023-02-22,RICHARDS_BAY,PARADIP,Thermal Coal,602.2,Thermal Coal,70000.0
2023-02-22,HAY_POINT,VISAKHAPATNAM,Coking Coal,602.2,Coking Coal,70000.0
2023-02-22,TANJUNG_BARA,DHAMRA,Thermal Coal,602.2,Thermal Coal,70000.0
2023-02-22,BALIKPAPAN,KAMARAJAR,Thermal Coal,602.2,Thermal Coal,70000.0
2023-02-22,GLADSTONE,PARADIP,Coking Coal,602.2,Coking Coal,70000.0
2023-02-22,MAPUTO,VISAKHAPATNAM,Coking Coal,602.2,Coking Coal,70000.0
2023-02-22,TANJUNG_BARA,PARADIP,Thermal Coal,602.2,Thermal Coal,70000.0
2023-02-23,MAPUTO,VISAKHAPATNAM,Coking Coal,598.3,Coking Coal,70000.0
2023-02-23,NEWCASTLE,DHAMRA,Thermal Coal,598.3,Thermal Coal,70000.0
2023-02-23,BALIKPAPAN,KAMARAJAR,Thermal Coal,598.3,Thermal Coal,70000.0
2023-02-23,TANJUNG_BARA,PARADIP,Thermal Coal,598.3,Thermal Coal,70000.0
2023-02-23,GLADSTONE,PARADIP,Coking Coal,598.3,Coking Coal,70000.0
2023-02-23,HAY_POINT,PARADIP,Coking Coal,598.3,Coking Coal,70000.0
2023-02-23,HAY_POINT,DHAMRA,Coking Coal,598.3,Coking Coal,70000.0
2023-02-23,TANJUNG_BARA,DHAMRA,Thermal Coal,598.3,Thermal Coal,70000.0
2023-02-23,HAY_POINT,VISAKHAPATNAM,Coking Coal,598.3,Coking Coal,70000.0
2023-02-23,RICHARDS_BAY,PARADIP,Thermal Coal,598.3,Thermal Coal,70000.0
2023-02-24,TANJUNG_BARA,PARADIP,Thermal Coal,595.0,Thermal Coal,70000.0
2023-02-24,GLADSTONE,PARADIP,Coking Coal,595.0,Coking Coal,70000.0
2023-02-24,BALIKPAPAN,KAMARAJAR,Thermal Coal,595.0,Thermal Coal,70000.0
2023-02-24,HAY_POINT,PARADIP,Coking Coal,595.0,Coking Coal,70000.0
2023-02-24,HAY_POINT,VISAKHAPATNAM,Coking Coal,595.0,Coking Coal,70000.0
2023-02-24,TANJUNG_BARA,DHAMRA,Thermal Coal,595.0,Thermal Coal,70000.0
2023-02-24,RICHARDS_BAY,PARADIP,Thermal Coal,595.0,Thermal Coal,70000.0
2023-02-24,NEWCASTLE,DHAMRA,Thermal Coal,595.0,Thermal Coal,70000.0
2023-02-24,HAY_POINT,DHAMRA,Coking Coal,595.0,Coking Coal,70000.0
2023-02-24,MAPUTO,VISAKHAPATNAM,Coking Coal,595.0,Coking Coal,70000.0
2023-02-25,TANJUNG_BARA,PARADIP,Thermal Coal,598.3,Thermal Coal,70000.0
2023-02-25,BALIKPAPAN,KAMARAJAR,Thermal Coal,598.3,Thermal Coal,70000.0
2023-02-25,RICHARDS_BAY,PARADIP,Thermal Coal,598.3,Thermal Coal,70000.0
2023-02-25,GLADSTONE,PARADIP,Coking Coal,598.3,Coking Coal,70000.0
2023-02-25,HAY_POINT,VISAKHAPATNAM,Coking Coal,598.3,Coking Coal,70000.0
2023-02-25,NEWCASTLE,DHAMRA,Thermal Coal,598.3,Thermal Coal,70000.0
2023-02-25,MAPUTO,VISAKHAPATNAM,Coking Coal,598.3,Coking Coal,70000.0
2023-02-25,HAY_POINT,PARADIP,Coking Coal,598.3,Coking Coal,70000.0
2023-02-25,HAY_POINT,DHAMRA,Coking Coal,598.3,Coking Coal,70000.0
2023-02-25,TANJUNG_BARA,DHAMRA,Thermal Coal,598.3,Thermal Coal,70000.0
2023-02-26,HAY_POINT,PARADIP,Coking Coal,595.3,Coking Coal,70000.0
2023-02-26,HAY_POINT,DHAMRA,Coking Coal,595.3,Coking Coal,70000.0
2023-02-26,TANJUNG_BARA,DHAMRA,Thermal Coal,595.3,Thermal Coal,70000.0
2023-02-26,HAY_POINT,VISAKHAPATNAM,Coking Coal,595.3,Coking Coal,70000.0
2023-02-26,GLADSTONE,PARADIP,Coking Coal,595.3,Coking Coal,70000.0
2023-02-26,MAPUTO,VISAKHAPATNAM,Coking Coal,595.3,Coking Coal,70000.0
2023-02-26,BALIKPAPAN,KAMARAJAR,Thermal Coal,595.3,Thermal Coal,70000.0
2023-02-26,RICHARDS_BAY,PARADIP,Thermal Coal,595.3,Thermal Coal,70000.0
2023-02-26,TANJUNG_BARA,PARADIP,Thermal Coal,595.3,Thermal Coal,70000.0
2023-02-26,NEWCASTLE,DHAMRA,Thermal Coal,595.3,Thermal Coal,70000.0
2023-02-27,RICHARDS_BAY,PARADIP,Thermal Coal,595.0,Thermal Coal,70000.0
2023-02-27,HAY_POINT,VISAKHAPATNAM,Coking Coal,595.0,Coking Coal,70000.0
2023-02-27,GLADSTONE,PARADIP,Coking Coal,595.0,Coking Coal,70000.0
2023-02-27,TANJUNG_BARA,DHAMRA,Thermal Coal,595.0,Thermal Coal,70000.0
2023-02-27,TANJUNG_BARA,PARADIP,Thermal Coal,595.0,Thermal Coal,70000.0
2023-02-27,HAY_POINT,DHAMRA,Coking Coal,595.0,Coking Coal,70000.0
2023-02-27,NEWCASTLE,DHAMRA,Thermal Coal,595.0,Thermal Coal,70000.0
2023-02-27,HAY_POINT,PARADIP,Coking Coal,595.0,Coking Coal,70000.0
2023-02-27,MAPUTO,VISAKHAPATNAM,Coking Coal,595.0,Coking Coal,70000.0
2023-02-27,BALIKPAPAN,KAMARAJAR,Thermal Coal,595.0,Thermal Coal,70000.0
2023-02-28,MAPUTO,VISAKHAPATNAM,Coking Coal,598.3,Coking Coal,70000.0
2023-02-28,HAY_POINT,PARADIP,Coking Coal,598.3,Coking Coal,70000.0
2023-02-28,NEWCASTLE,DHAMRA,Thermal Coal,598.3,Thermal Coal,70000.0
2023-02-28,HAY_POINT,VISAKHAPATNAM,Coking Coal,598.3,Coking Coal,70000.0
2023-02-28,BALIKPAPAN,KAMARAJAR,Thermal Coal,598.3,Thermal Coal,70000.0
2023-02-28,HAY_POINT,DHAMRA,Coking Coal,598.3,Coking Coal,70000.0
2023-02-28,RICHARDS_BAY,PARADIP,Thermal Coal,598.3,Thermal Coal,70000.0
2023-02-28,TANJUNG_BARA,PARADIP,Thermal Coal,598.3,Thermal Coal,70000.0
2023-02-28,GLADSTONE,PARADIP,Coking Coal,598.3,Coking Coal,70000.0
2023-02-28,TANJUNG_BARA,DHAMRA,Thermal Coal,598.3,Thermal Coal,70000.0
2023-03-01,MAPUTO,VISAKHAPATNAM,Coking Coal,597.2,Coking Coal,70000.0
2023-03-01,RICHARDS_BAY,PARADIP,Thermal Coal,597.2,Thermal Coal,70000.0
2023-03-01,BALIKPAPAN,KAMARAJAR,Thermal Coal,597.2,Thermal Coal,70000.0
2023-03-01,HAY_POINT,VISAKHAPATNAM,Coking Coal,597.2,Coking Coal,70000.0
2023-03-01,TANJUNG_BARA,PARADIP,Thermal Coal,597.2,Thermal Coal,70000.0
2023-03-01,TANJUNG_BARA,DHAMRA,Thermal Coal,597.2,Thermal Coal,70000.0
2023-03-01,GLADSTONE,PARADIP,Coking Coal,597.2,Coking Coal,70000.0
2023-03-01,HAY_POINT,PARADIP,Coking Coal,597.2,Coking Coal,70000.0
2023-03-01,NEWCASTLE,DHAMRA,Thermal Coal,597.2,Thermal Coal,70000.0
2023-03-01,HAY_POINT,DHAMRA,Coking Coal,597.2,Coking Coal,70000.0
2023-03-02,GLADSTONE,PARADIP,Coking Coal,593.8,Coking Coal,70000.0
2023-03-02,TANJUNG_BARA,PARADIP,Thermal Coal,593.8,Thermal Coal,70000.0
2023-03-02,HAY_POINT,PARADIP,Coking Coal,593.8,Coking Coal,70000.0
2023-03-02,RICHARDS_BAY,PARADIP,Thermal Coal,593.8,Thermal Coal,70000.0
2023-03-02,HAY_POINT,DHAMRA,Coking Coal,593.8,Coking Coal,70000.0
2023-03-02,MAPUTO,VISAKHAPATNAM,Coking Coal,593.8,Coking Coal,70000.0
2023-03-02,TANJUNG_BARA,DHAMRA,Thermal Coal,593.8,Thermal Coal,70000.0
2023-03-02,BALIKPAPAN,KAMARAJAR,Thermal Coal,593.8,Thermal Coal,70000.0
2023-03-02,NEWCASTLE,DHAMRA,Thermal Coal,593.8,Thermal Coal,70000.0
2023-03-02,HAY_POINT,VISAKHAPATNAM,Coking Coal,593.8,Coking Coal,70000.0
2023-03-03,BALIKPAPAN,KAMARAJAR,Thermal Coal,592.9,Thermal Coal,70000.0
2023-03-03,HAY_POINT,PARADIP,Coking Coal,592.9,Coking Coal,70000.0
2023-03-03,HAY_POINT,DHAMRA,Coking Coal,592.9,Coking Coal,70000.0
2023-03-03,TANJUNG_BARA,DHAMRA,Thermal Coal,592.9,Thermal Coal,70000.0
2023-03-03,NEWCASTLE,DHAMRA,Thermal Coal,592.9,Thermal Coal,70000.0
2023-03-03,RICHARDS_BAY,PARADIP,Thermal Coal,592.9,Thermal Coal,70000.0
2023-03-03,HAY_POINT,VISAKHAPATNAM,Coking Coal,592.9,Coking Coal,70000.0
2023-03-03,TANJUNG_BARA,PARADIP,Thermal Coal,592.9,Thermal Coal,70000.0
2023-03-03,GLADSTONE,PARADIP,Coking Coal,592.9,Coking Coal,70000.0
2023-03-03,MAPUTO,VISAKHAPATNAM,Coking Coal,592.9,Coking Coal,70000.0
2023-03-04,NEWCASTLE,DHAMRA,Thermal Coal,592.6,Thermal Coal,70000.0
2023-03-04,HAY_POINT,DHAMRA,Coking Coal,592.6,Coking Coal,70000.0
2023-03-04,RICHARDS_BAY,PARADIP,Thermal Coal,592.6,Thermal Coal,70000.0
2023-03-04,TANJUNG_BARA,PARADIP,Thermal Coal,592.6,Thermal Coal,70000.0
2023-03-04,HAY_POINT,PARADIP,Coking Coal,592.6,Coking Coal,70000.0
2023-03-04,MAPUTO,VISAKHAPATNAM,Coking Coal,592.6,Coking Coal,70000.0
2023-03-04,HAY_POINT,VISAKHAPATNAM,Coking Coal,592.6,Coking Coal,70000.0
2023-03-04,GLADSTONE,PARADIP,Coking Coal,592.6,Coking Coal,70000.0
2023-03-04,BALIKPAPAN,KAMARAJAR,Thermal Coal,592.6,Thermal Coal,70000.0
2023-03-04,TANJUNG_BARA,DHAMRA,Thermal Coal,592.6,Thermal Coal,70000.0
2023-03-05,TANJUNG_BARA,PARADIP,Thermal Coal,590.8,Thermal Coal,70000.0
2023-03-05,TANJUNG_BARA,DHAMRA,Thermal Coal,590.8,Thermal Coal,70000.0
2023-03-05,BALIKPAPAN,KAMARAJAR,Thermal Coal,590.8,Thermal Coal,70000.0
2023-03-05,HAY_POINT,PARADIP,Coking Coal,590.8,Coking Coal,70000.0
2023-03-05,HAY_POINT,DHAMRA,Coking Coal,590.8,Coking Coal,70000.0
2023-03-05,MAPUTO,VISAKHAPATNAM,Coking Coal,590.8,Coking Coal,70000.0
2023-03-05,NEWCASTLE,DHAMRA,Thermal Coal,590.8,Thermal Coal,70000.0
2023-03-05,HAY_POINT,VISAKHAPATNAM,Coking Coal,590.8,Coking Coal,70000.0
2023-03-05,GLADSTONE,PARADIP,Coking Coal,590.8,Coking Coal,70000.0
2023-03-05,RICHARDS_BAY,PARADIP,Thermal Coal,590.8,Thermal Coal,70000.0
2023-03-06,TANJUNG_BARA,PARADIP,Thermal Coal,585.9,Thermal Coal,70000.0
2023-03-06,HAY_POINT,DHAMRA,Coking Coal,585.9,Coking Coal,70000.0
2023-03-06,NEWCASTLE,DHAMRA,Thermal Coal,585.9,Thermal Coal,70000.0
2023-03-06,HAY_POINT,VISAKHAPATNAM,Coking Coal,585.9,Coking Coal,70000.0
2023-03-06,HAY_POINT,PARADIP,Coking Coal,585.9,Coking Coal,70000.0
2023-03-06,TANJUNG_BARA,DHAMRA,Thermal Coal,585.9,Thermal Coal,70000.0
2023-03-06,GLADSTONE,PARADIP,Coking Coal,585.9,Coking Coal,70000.0
2023-03-06,MAPUTO,VISAKHAPATNAM,Coking Coal,585.9,Coking Coal,70000.0
2023-03-06,BALIKPAPAN,KAMARAJAR,Thermal Coal,585.9,Thermal Coal,70000.0
2023-03-06,RICHARDS_BAY,PARADIP,Thermal Coal,585.9,Thermal Coal,70000.0
2023-03-07,HAY_POINT,VISAKHAPATNAM,Coking Coal,582.3,Coking Coal,70000.0
2023-03-07,BALIKPAPAN,KAMARAJAR,Thermal Coal,582.3,Thermal Coal,70000.0
2023-03-07,MAPUTO,VISAKHAPATNAM,Coking Coal,582.3,Coking Coal,70000.0
2023-03-07,RICHARDS_BAY,PARADIP,Thermal Coal,582.3,Thermal Coal,70000.0
2023-03-07,GLADSTONE,PARADIP,Coking Coal,582.3,Coking Coal,70000.0
2023-03-07,HAY_POINT,DHAMRA,Coking Coal,582.3,Coking Coal,70000.0
2023-03-07,NEWCASTLE,DHAMRA,Thermal Coal,582.3,Thermal Coal,70000.0
2023-03-07,TANJUNG_BARA,PARADIP,Thermal Coal,582.3,Thermal Coal,70000.0
2023-03-07,TANJUNG_BARA,DHAMRA,Thermal Coal,582.3,Thermal Coal,70000.0
2023-03-07,HAY_POINT,PARADIP,Coking Coal,582.3,Coking Coal,70000.0
2023-03-08,RICHARDS_BAY,PARADIP,Thermal Coal,577.8,Thermal Coal,70000.0
2023-03-08,GLADSTONE,PARADIP,Coking Coal,577.8,Coking Coal,70000.0
2023-03-08,TANJUNG_BARA,PARADIP,Thermal Coal,577.8,Thermal Coal,70000.0
2023-03-08,MAPUTO,VISAKHAPATNAM,Coking Coal,577.8,Coking Coal,70000.0
2023-03-08,HAY_POINT,PARADIP,Coking Coal,577.8,Coking Coal,70000.0
2023-03-08,BALIKPAPAN,KAMARAJAR,Thermal Coal,577.8,Thermal Coal,70000.0
2023-03-08,HAY_POINT,VISAKHAPATNAM,Coking Coal,577.8,Coking Coal,70000.0
2023-03-08,NEWCASTLE,DHAMRA,Thermal Coal,577.8,Thermal Coal,70000.0
2023-03-08,HAY_POINT,DHAMRA,Coking Coal,577.8,Coking Coal,70000.0
2023-03-08,TANJUNG_BARA,DHAMRA,Thermal Coal,577.8,Thermal Coal,70000.0
2023-03-09,BALIKPAPAN,KAMARAJAR,Thermal Coal,582.1,Thermal Coal,70000.0
2023-03-09,HAY_POINT,DHAMRA,Coking Coal,582.1,Coking Coal,70000.0
2023-03-09,RICHARDS_BAY,PARADIP,Thermal Coal,582.1,Thermal Coal,70000.0
2023-03-09,GLADSTONE,PARADIP,Coking Coal,582.1,Coking Coal,70000.0
2023-03-09,NEWCASTLE,DHAMRA,Thermal Coal,582.1,Thermal Coal,70000.0
2023-03-09,TANJUNG_BARA,DHAMRA,Thermal Coal,582.1,Thermal Coal,70000.0
2023-03-09,HAY_POINT,PARADIP,Coking Coal,582.1,Coking Coal,70000.0
2023-03-09,MAPUTO,VISAKHAPATNAM,Coking Coal,582.1,Coking Coal,70000.0
2023-03-09,TANJUNG_BARA,PARADIP,Thermal Coal,582.1,Thermal Coal,70000.0
2023-03-09,HAY_POINT,VISAKHAPATNAM,Coking Coal,582.1,Coking Coal,70000.0
2023-03-10,HAY_POINT,PARADIP,Coking Coal,578.3,Coking Coal,70000.0
2023-03-10,RICHARDS_BAY,PARADIP,Thermal Coal,578.3,Thermal Coal,70000.0
2023-03-10,NEWCASTLE,DHAMRA,Thermal Coal,578.3,Thermal Coal,70000.0
2023-03-10,TANJUNG_BARA,DHAMRA,Thermal Coal,578.3,Thermal Coal,70000.0
2023-03-10,BALIKPAPAN,KAMARAJAR,Thermal Coal,578.3,Thermal Coal,70000.0
2023-03-10,MAPUTO,VISAKHAPATNAM,Coking Coal,578.3,Coking Coal,70000.0
2023-03-10,HAY_POINT,DHAMRA,Coking Coal,578.3,Coking Coal,70000.0
2023-03-10,GLADSTONE,PARADIP,Coking Coal,578.3,Coking Coal,70000.0
2023-03-10,HAY_POINT,VISAKHAPATNAM,Coking Coal,578.3,Coking Coal,70000.0
2023-03-10,TANJUNG_BARA,PARADIP,Thermal Coal,578.3,Thermal Coal,70000.0
2023-03-11,RICHARDS_BAY,PARADIP,Thermal Coal,580.4,Thermal Coal,70000.0
2023-03-11,GLADSTONE,PARADIP,Coking Coal,580.4,Coking Coal,70000.0
2023-03-11,HAY_POINT,VISAKHAPATNAM,Coking Coal,580.4,Coking Coal,70000.0
2023-03-11,NEWCASTLE,DHAMRA,Thermal Coal,580.4,Thermal Coal,70000.0
2023-03-11,HAY_POINT,PARADIP,Coking Coal,580.4,Coking Coal,70000.0
2023-03-11,BALIKPAPAN,KAMARAJAR,Thermal Coal,580.4,Thermal Coal,70000.0
2023-03-11,TANJUNG_BARA,DHAMRA,Thermal Coal,580.4,Thermal Coal,70000.0
2023-03-11,TANJUNG_BARA,PARADIP,Thermal Coal,580.4,Thermal Coal,70000.0
2023-03-11,HAY_POINT,DHAMRA,Coking Coal,580.4,Coking Coal,70000.0
2023-03-11,MAPUTO,VISAKHAPATNAM,Coking Coal,580.4,Coking Coal,70000.0
2023-03-12,HAY_POINT,PARADIP,Coking Coal,584.9,Coking Coal,70000.0
2023-03-12,NEWCASTLE,DHAMRA,Thermal Coal,584.9,Thermal Coal,70000.0
2023-03-12,RICHARDS_BAY,PARADIP,Thermal Coal,584.9,Thermal Coal,70000.0
2023-03-12,GLADSTONE,PARADIP,Coking Coal,584.9,Coking Coal,70000.0
2023-03-12,HAY_POINT,VISAKHAPATNAM,Coking Coal,584.9,Coking Coal,70000.0
2023-03-12,TANJUNG_BARA,DHAMRA,Thermal Coal,584.9,Thermal Coal,70000.0
2023-03-12,MAPUTO,VISAKHAPATNAM,Coking Coal,584.9,Coking Coal,70000.0
2023-03-12,TANJUNG_BARA,PARADIP,Thermal Coal,584.9,Thermal Coal,70000.0
2023-03-12,BALIKPAPAN,KAMARAJAR,Thermal Coal,584.9,Thermal Coal,70000.0
2023-03-12,HAY_POINT,DHAMRA,Coking Coal,584.9,Coking Coal,70000.0
2023-03-13,TANJUNG_BARA,PARADIP,Thermal Coal,583.7,Thermal Coal,70000.0
2023-03-13,HAY_POINT,VISAKHAPATNAM,Coking Coal,583.7,Coking Coal,70000.0
2023-03-13,RICHARDS_BAY,PARADIP,Thermal Coal,583.7,Thermal Coal,70000.0
2023-03-13,MAPUTO,VISAKHAPATNAM,Coking Coal,583.7,Coking Coal,70000.0
2023-03-13,HAY_POINT,PARADIP,Coking Coal,583.7,Coking Coal,70000.0
2023-03-13,HAY_POINT,DHAMRA,Coking Coal,583.7,Coking Coal,70000.0
2023-03-13,NEWCASTLE,DHAMRA,Thermal Coal,583.7,Thermal Coal,70000.0
2023-03-13,BALIKPAPAN,KAMARAJAR,Thermal Coal,583.7,Thermal Coal,70000.0
2023-03-13,GLADSTONE,PARADIP,Coking Coal,583.7,Coking Coal,70000.0
2023-03-13,TANJUNG_BARA,DHAMRA,Thermal Coal,583.7,Thermal Coal,70000.0
2023-03-14,HAY_POINT,PARADIP,Coking Coal,582.7,Coking Coal,70000.0
2023-03-14,NEWCASTLE,DHAMRA,Thermal Coal,582.7,Thermal Coal,70000.0
2023-03-14,HAY_POINT,DHAMRA,Coking Coal,582.7,Coking Coal,70000.0
2023-03-14,MAPUTO,VISAKHAPATNAM,Coking Coal,582.7,Coking Coal,70000.0
2023-03-14,TANJUNG_BARA,PARADIP,Thermal Coal,582.7,Thermal Coal,70000.0
2023-03-14,HAY_POINT,VISAKHAPATNAM,Coking Coal,582.7,Coking Coal,70000.0
2023-03-14,RICHARDS_BAY,PARADIP,Thermal Coal,582.7,Thermal Coal,70000.0
2023-03-14,TANJUNG_BARA,DHAMRA,Thermal Coal,582.7,Thermal Coal,70000.0
2023-03-14,BALIKPAPAN,KAMARAJAR,Thermal Coal,582.7,Thermal Coal,70000.0
2023-03-14,GLADSTONE,PARADIP,Coking Coal,582.7,Coking Coal,70000.0
2023-03-15,HAY_POINT,DHAMRA,Coking Coal,592.0,Coking Coal,70000.0
2023-03-15,HAY_POINT,PARADIP,Coking Coal,592.0,Coking Coal,70000.0
2023-03-15,RICHARDS_BAY,PARADIP,Thermal Coal,592.0,Thermal Coal,70000.0
2023-03-15,NEWCASTLE,DHAMRA,Thermal Coal,592.0,Thermal Coal,70000.0
2023-03-15,TANJUNG_BARA,PARADIP,Thermal Coal,592.0,Thermal Coal,70000.0
2023-03-15,MAPUTO,VISAKHAPATNAM,Coking Coal,592.0,Coking Coal,70000.0
2023-03-15,BALIKPAPAN,KAMARAJAR,Thermal Coal,592.0,Thermal Coal,70000.0
2023-03-15,HAY_POINT,VISAKHAPATNAM,Coking Coal,592.0,Coking Coal,70000.0
2023-03-15,GLADSTONE,PARADIP,Coking Coal,592.0,Coking Coal,70000.0
2023-03-15,TANJUNG_BARA,DHAMRA,Thermal Coal,592.0,Thermal Coal,70000.0
2023-03-16,GLADSTONE,PARADIP,Coking Coal,585.5,Coking Coal,70000.0
2023-03-16,HAY_POINT,VISAKHAPATNAM,Coking Coal,585.5,Coking Coal,70000.0
2023-03-16,NEWCASTLE,DHAMRA,Thermal Coal,585.5,Thermal Coal,70000.0
2023-03-16,TANJUNG_BARA,DHAMRA,Thermal Coal,585.5,Thermal Coal,70000.0
2023-03-16,TANJUNG_BARA,PARADIP,Thermal Coal,585.5,Thermal Coal,70000.0
2023-03-16,HAY_POINT,PARADIP,Coking Coal,585.5,Coking Coal,70000.0
2023-03-16,HAY_POINT,DHAMRA,Coking Coal,585.5,Coking Coal,70000.0
2023-03-16,RICHARDS_BAY,PARADIP,Thermal Coal,585.5,Thermal Coal,70000.0
2023-03-16,BALIKPAPAN,KAMARAJAR,Thermal Coal,585.5,Thermal Coal,70000.0
2023-03-16,MAPUTO,VISAKHAPATNAM,Coking Coal,585.5,Coking Coal,70000.0
2023-03-17,HAY_POINT,PARADIP,Coking Coal,585.8,Coking Coal,70000.0
2023-03-17,GLADSTONE,PARADIP,Coking Coal,585.8,Coking Coal,70000.0
2023-03-17,NEWCASTLE,DHAMRA,Thermal Coal,585.8,Thermal Coal,70000.0
2023-03-17,HAY_POINT,DHAMRA,Coking Coal,585.8,Coking Coal,70000.0
2023-03-17,RICHARDS_BAY,PARADIP,Thermal Coal,585.8,Thermal Coal,70000.0
2023-03-17,TANJUNG_BARA,DHAMRA,Thermal Coal,585.8,Thermal Coal,70000.0
2023-03-17,TANJUNG_BARA,PARADIP,Thermal Coal,585.8,Thermal Coal,70000.0
2023-03-17,HAY_POINT,VISAKHAPATNAM,Coking Coal,585.8,Coking Coal,70000.0
2023-03-17,BALIKPAPAN,KAMARAJAR,Thermal Coal,585.8,Thermal Coal,70000.0
2023-03-17,MAPUTO,VISAKHAPATNAM,Coking Coal,585.8,Coking Coal,70000.0
2023-03-18,NEWCASTLE,DHAMRA,Thermal Coal,588.5,Thermal Coal,70000.0
2023-03-18,TANJUNG_BARA,DHAMRA,Thermal Coal,588.5,Thermal Coal,70000.0
2023-03-18,TANJUNG_BARA,PARADIP,Thermal Coal,588.5,Thermal Coal,70000.0
2023-03-18,HAY_POINT,PARADIP,Coking Coal,588.5,Coking Coal,70000.0
2023-03-18,HAY_POINT,VISAKHAPATNAM,Coking Coal,588.5,Coking Coal,70000.0
2023-03-18,HAY_POINT,DHAMRA,Coking Coal,588.5,Coking Coal,70000.0
2023-03-18,BALIKPAPAN,KAMARAJAR,Thermal Coal,588.5,Thermal Coal,70000.0
2023-03-18,MAPUTO,VISAKHAPATNAM,Coking Coal,588.5,Coking Coal,70000.0
2023-03-18,RICHARDS_BAY,PARADIP,Thermal Coal,588.5,Thermal Coal,70000.0
2023-03-18,GLADSTONE,PARADIP,Coking Coal,588.5,Coking Coal,70000.0
2023-03-19,BALIKPAPAN,KAMARAJAR,Thermal Coal,588.7,Thermal Coal,70000.0
2023-03-19,TANJUNG_BARA,DHAMRA,Thermal Coal,588.7,Thermal Coal,70000.0
2023-03-19,HAY_POINT,PARADIP,Coking Coal,588.7,Coking Coal,70000.0
2023-03-19,TANJUNG_BARA,PARADIP,Thermal Coal,588.7,Thermal Coal,70000.0
2023-03-19,RICHARDS_BAY,PARADIP,Thermal Coal,588.7,Thermal Coal,70000.0
2023-03-19,MAPUTO,VISAKHAPATNAM,Coking Coal,588.7,Coking Coal,70000.0
2023-03-19,HAY_POINT,DHAMRA,Coking Coal,588.7,Coking Coal,70000.0
2023-03-19,GLADSTONE,PARADIP,Coking Coal,588.7,Coking Coal,70000.0
2023-03-19,NEWCASTLE,DHAMRA,Thermal Coal,588.7,Thermal Coal,70000.0
2023-03-19,HAY_POINT,VISAKHAPATNAM,Coking Coal,588.7,Coking Coal,70000.0
2023-03-20,MAPUTO,VISAKHAPATNAM,Coking Coal,591.2,Coking Coal,70000.0
2023-03-20,NEWCASTLE,DHAMRA,Thermal Coal,591.2,Thermal Coal,70000.0
2023-03-20,TANJUNG_BARA,PARADIP,Thermal Coal,591.2,Thermal Coal,70000.0
2023-03-20,TANJUNG_BARA,DHAMRA,Thermal Coal,591.2,Thermal Coal,70000.0
2023-03-20,GLADSTONE,PARADIP,Coking Coal,591.2,Coking Coal,70000.0
2023-03-20,HAY_POINT,PARADIP,Coking Coal,591.2,Coking Coal,70000.0
2023-03-20,BALIKPAPAN,KAMARAJAR,Thermal Coal,591.2,Thermal Coal,70000.0
2023-03-20,RICHARDS_BAY,PARADIP,Thermal Coal,591.2,Thermal Coal,70000.0
2023-03-20,HAY_POINT,DHAMRA,Coking Coal,591.2,Coking Coal,70000.0
2023-03-20,HAY_POINT,VISAKHAPATNAM,Coking Coal,591.2,Coking Coal,70000.0
2023-03-21,NEWCASTLE,DHAMRA,Thermal Coal,588.6,Thermal Coal,70000.0
2023-03-21,GLADSTONE,PARADIP,Coking Coal,588.6,Coking Coal,70000.0
2023-03-21,TANJUNG_BARA,DHAMRA,Thermal Coal,588.6,Thermal Coal,70000.0
2023-03-21,RICHARDS_BAY,PARADIP,Thermal Coal,588.6,Thermal Coal,70000.0
2023-03-21,HAY_POINT,VISAKHAPATNAM,Coking Coal,588.6,Coking Coal,70000.0
2023-03-21,HAY_POINT,PARADIP,Coking Coal,588.6,Coking Coal,70000.0
2023-03-21,TANJUNG_BARA,PARADIP,Thermal Coal,588.6,Thermal Coal,70000.0
2023-03-21,MAPUTO,VISAKHAPATNAM,Coking Coal,588.6,Coking Coal,70000.0
2023-03-21,BALIKPAPAN,KAMARAJAR,Thermal Coal,588.6,Thermal Coal,70000.0
2023-03-21,HAY_POINT,DHAMRA,Coking Coal,588.6,Coking Coal,70000.0
2023-03-22,TANJUNG_BARA,DHAMRA,Thermal Coal,588.1,Thermal Coal,70000.0
2023-03-22,GLADSTONE,PARADIP,Coking Coal,588.1,Coking Coal,70000.0
2023-03-22,HAY_POINT,VISAKHAPATNAM,Coking Coal,588.1,Coking Coal,70000.0
2023-03-22,NEWCASTLE,DHAMRA,Thermal Coal,588.1,Thermal Coal,70000.0
2023-03-22,RICHARDS_BAY,PARADIP,Thermal Coal,588.1,Thermal Coal,70000.0
2023-03-22,HAY_POINT,PARADIP,Coking Coal,588.1,Coking Coal,70000.0
2023-03-22,TANJUNG_BARA,PARADIP,Thermal Coal,588.1,Thermal Coal,70000.0
2023-03-22,BALIKPAPAN,KAMARAJAR,Thermal Coal,588.1,Thermal Coal,70000.0
2023-03-22,MAPUTO,VISAKHAPATNAM,Coking Coal,588.1,Coking Coal,70000.0
2023-03-22,HAY_POINT,DHAMRA,Coking Coal,588.1,Coking Coal,70000.0
2023-03-23,GLADSTONE,PARADIP,Coking Coal,583.3,Coking Coal,70000.0
2023-03-23,RICHARDS_BAY,PARADIP,Thermal Coal,583.3,Thermal Coal,70000.0
2023-03-23,NEWCASTLE,DHAMRA,Thermal Coal,583.3,Thermal Coal,70000.0
2023-03-23,MAPUTO,VISAKHAPATNAM,Coking Coal,583.3,Coking Coal,70000.0
2023-03-23,HAY_POINT,PARADIP,Coking Coal,583.3,Coking Coal,70000.0
2023-03-23,HAY_POINT,DHAMRA,Coking Coal,583.3,Coking Coal,70000.0
2023-03-23,TANJUNG_BARA,PARADIP,Thermal Coal,583.3,Thermal Coal,70000.0
2023-03-23,HAY_POINT,VISAKHAPATNAM,Coking Coal,583.3,Coking Coal,70000.0
2023-03-23,TANJUNG_BARA,DHAMRA,Thermal Coal,583.3,Thermal Coal,70000.0
2023-03-23,BALIKPAPAN,KAMARAJAR,Thermal Coal,583.3,Thermal Coal,70000.0
2023-03-24,HAY_POINT,DHAMRA,Coking Coal,580.7,Coking Coal,70000.0
2023-03-24,MAPUTO,VISAKHAPATNAM,Coking Coal,580.7,Coking Coal,70000.0
2023-03-24,GLADSTONE,PARADIP,Coking Coal,580.7,Coking Coal,70000.0
2023-03-24,RICHARDS_BAY,PARADIP,Thermal Coal,580.7,Thermal Coal,70000.0
2023-03-24,NEWCASTLE,DHAMRA,Thermal Coal,580.7,Thermal Coal,70000.0
2023-03-24,HAY_POINT,PARADIP,Coking Coal,580.7,Coking Coal,70000.0
2023-03-24,TANJUNG_BARA,PARADIP,Thermal Coal,580.7,Thermal Coal,70000.0
2023-03-24,TANJUNG_BARA,DHAMRA,Thermal Coal,580.7,Thermal Coal,70000.0
2023-03-24,BALIKPAPAN,KAMARAJAR,Thermal Coal,580.7,Thermal Coal,70000.0
2023-03-24,HAY_POINT,VISAKHAPATNAM,Coking Coal,580.7,Coking Coal,70000.0
2023-03-25,MAPUTO,VISAKHAPATNAM,Coking Coal,575.7,Coking Coal,70000.0
2023-03-25,NEWCASTLE,DHAMRA,Thermal Coal,575.7,Thermal Coal,70000.0
2023-03-25,BALIKPAPAN,KAMARAJAR,Thermal Coal,575.7,Thermal Coal,70000.0
2023-03-25,TANJUNG_BARA,PARADIP,Thermal Coal,575.7,Thermal Coal,70000.0
2023-03-25,HAY_POINT,DHAMRA,Coking Coal,575.7,Coking Coal,70000.0
2023-03-25,TANJUNG_BARA,DHAMRA,Thermal Coal,575.7,Thermal Coal,70000.0
2023-03-25,RICHARDS_BAY,PARADIP,Thermal Coal,575.7,Thermal Coal,70000.0
2023-03-25,GLADSTONE,PARADIP,Coking Coal,575.7,Coking Coal,70000.0
2023-03-25,HAY_POINT,PARADIP,Coking Coal,575.7,Coking Coal,70000.0
2023-03-25,HAY_POINT,VISAKHAPATNAM,Coking Coal,575.7,Coking Coal,70000.0
2023-03-26,BALIKPAPAN,KAMARAJAR,Thermal Coal,579.8,Thermal Coal,70000.0
2023-03-26,TANJUNG_BARA,PARADIP,Thermal Coal,579.8,Thermal Coal,70000.0
2023-03-26,TANJUNG_BARA,DHAMRA,Thermal Coal,579.8,Thermal Coal,70000.0
2023-03-26,RICHARDS_BAY,PARADIP,Thermal Coal,579.8,Thermal Coal,70000.0
2023-03-26,NEWCASTLE,DHAMRA,Thermal Coal,579.8,Thermal Coal,70000.0
2023-03-26,MAPUTO,VISAKHAPATNAM,Coking Coal,579.8,Coking Coal,70000.0
2023-03-26,HAY_POINT,VISAKHAPATNAM,Coking Coal,579.8,Coking Coal,70000.0
2023-03-26,GLADSTONE,PARADIP,Coking Coal,579.8,Coking Coal,70000.0
2023-03-26,HAY_POINT,PARADIP,Coking Coal,579.8,Coking Coal,70000.0
2023-03-26,HAY_POINT,DHAMRA,Coking Coal,579.8,Coking Coal,70000.0
2023-03-27,HAY_POINT,DHAMRA,Coking Coal,584.9,Coking Coal,70000.0
2023-03-27,GLADSTONE,PARADIP,Coking Coal,584.9,Coking Coal,70000.0
2023-03-27,HAY_POINT,PARADIP,Coking Coal,584.9,Coking Coal,70000.0
2023-03-27,HAY_POINT,VISAKHAPATNAM,Coking Coal,584.9,Coking Coal,70000.0
2023-03-27,BALIKPAPAN,KAMARAJAR,Thermal Coal,584.9,Thermal Coal,70000.0
2023-03-27,TANJUNG_BARA,DHAMRA,Thermal Coal,584.9,Thermal Coal,70000.0
2023-03-27,NEWCASTLE,DHAMRA,Thermal Coal,584.9,Thermal Coal,70000.0
2023-03-27,MAPUTO,VISAKHAPATNAM,Coking Coal,584.9,Coking Coal,70000.0
2023-03-27,RICHARDS_BAY,PARADIP,Thermal Coal,584.9,Thermal Coal,70000.0
2023-03-27,TANJUNG_BARA,PARADIP,Thermal Coal,584.9,Thermal Coal,70000.0
2023-03-28,HAY_POINT,PARADIP,Coking Coal,588.0,Coking Coal,70000.0
2023-03-28,HAY_POINT,DHAMRA,Coking Coal,588.0,Coking Coal,70000.0
2023-03-28,NEWCASTLE,DHAMRA,Thermal Coal,588.0,Thermal Coal,70000.0
2023-03-28,TANJUNG_BARA,DHAMRA,Thermal Coal,588.0,Thermal Coal,70000.0
2023-03-28,MAPUTO,VISAKHAPATNAM,Coking Coal,588.0,Coking Coal,70000.0
2023-03-28,TANJUNG_BARA,PARADIP,Thermal Coal,588.0,Thermal Coal,70000.0
2023-03-28,BALIKPAPAN,KAMARAJAR,Thermal Coal,588.0,Thermal Coal,70000.0
2023-03-28,HAY_POINT,VISAKHAPATNAM,Coking Coal,588.0,Coking Coal,70000.0
2023-03-28,GLADSTONE,PARADIP,Coking Coal,588.0,Coking Coal,70000.0
2023-03-28,RICHARDS_BAY,PARADIP,Thermal Coal,588.0,Thermal Coal,70000.0
2023-03-29,GLADSTONE,PARADIP,Coking Coal,575.0,Coking Coal,70000.0
2023-03-29,TANJUNG_BARA,PARADIP,Thermal Coal,575.0,Thermal Coal,70000.0
2023-03-29,BALIKPAPAN,KAMARAJAR,Thermal Coal,575.0,Thermal Coal,70000.0
2023-03-29,RICHARDS_BAY,PARADIP,Thermal Coal,575.0,Thermal Coal,70000.0
2023-03-29,TANJUNG_BARA,DHAMRA,Thermal Coal,575.0,Thermal Coal,70000.0
2023-03-29,HAY_POINT,PARADIP,Coking Coal,575.0,Coking Coal,70000.0
2023-03-29,HAY_POINT,VISAKHAPATNAM,Coking Coal,575.0,Coking Coal,70000.0
2023-03-29,NEWCASTLE,DHAMRA,Thermal Coal,575.0,Thermal Coal,70000.0
2023-03-29,HAY_POINT,DHAMRA,Coking Coal,575.0,Coking Coal,70000.0
2023-03-29,MAPUTO,VISAKHAPATNAM,Coking Coal,575.0,Coking Coal,70000.0
2023-03-30,RICHARDS_BAY,PARADIP,Thermal Coal,570.0,Thermal Coal,70000.0
2023-03-30,HAY_POINT,PARADIP,Coking Coal,570.0,Coking Coal,70000.0
2023-03-30,HAY_POINT,VISAKHAPATNAM,Coking Coal,570.0,Coking Coal,70000.0
2023-03-30,BALIKPAPAN,KAMARAJAR,Thermal Coal,570.0,Thermal Coal,70000.0
2023-03-30,TANJUNG_BARA,PARADIP,Thermal Coal,570.0,Thermal Coal,70000.0
2023-03-30,MAPUTO,VISAKHAPATNAM,Coking Coal,570.0,Coking Coal,70000.0
2023-03-30,TANJUNG_BARA,DHAMRA,Thermal Coal,570.0,Thermal Coal,70000.0
2023-03-30,HAY_POINT,DHAMRA,Coking Coal,570.0,Coking Coal,70000.0
2023-03-30,NEWCASTLE,DHAMRA,Thermal Coal,570.0,Thermal Coal,70000.0
2023-03-30,GLADSTONE,PARADIP,Coking Coal,570.0,Coking Coal,70000.0
2023-03-31,NEWCASTLE,DHAMRA,Thermal Coal,568.2,Thermal Coal,70000.0
2023-03-31,TANJUNG_BARA,DHAMRA,Thermal Coal,568.2,Thermal Coal,70000.0
2023-03-31,HAY_POINT,DHAMRA,Coking Coal,568.2,Coking Coal,70000.0
2023-03-31,HAY_POINT,VISAKHAPATNAM,Coking Coal,568.2,Coking Coal,70000.0
2023-03-31,GLADSTONE,PARADIP,Coking Coal,568.2,Coking Coal,70000.0
2023-03-31,HAY_POINT,PARADIP,Coking Coal,568.2,Coking Coal,70000.0
2023-03-31,RICHARDS_BAY,PARADIP,Thermal Coal,568.2,Thermal Coal,70000.0
2023-03-31,MAPUTO,VISAKHAPATNAM,Coking Coal,568.2,Coking Coal,70000.0
2023-03-31,TANJUNG_BARA,PARADIP,Thermal Coal,568.2,Thermal Coal,70000.0
2023-03-31,BALIKPAPAN,KAMARAJAR,Thermal Coal,568.2,Thermal Coal,70000.0
2023-04-01,TANJUNG_BARA,PARADIP,Thermal Coal,562.5,Thermal Coal,70000.0
2023-04-01,BALIKPAPAN,KAMARAJAR,Thermal Coal,562.5,Thermal Coal,70000.0
2023-04-01,HAY_POINT,VISAKHAPATNAM,Coking Coal,562.5,Coking Coal,70000.0
2023-04-01,GLADSTONE,PARADIP,Coking Coal,562.5,Coking Coal,70000.0
2023-04-01,MAPUTO,VISAKHAPATNAM,Coking Coal,562.5,Coking Coal,70000.0
2023-04-01,NEWCASTLE,DHAMRA,Thermal Coal,562.5,Thermal Coal,70000.0
2023-04-01,HAY_POINT,DHAMRA,Coking Coal,562.5,Coking Coal,70000.0
2023-04-01,RICHARDS_BAY,PARADIP,Thermal Coal,562.5,Thermal Coal,70000.0
2023-04-01,TANJUNG_BARA,DHAMRA,Thermal Coal,562.5,Thermal Coal,70000.0
2023-04-01,HAY_POINT,PARADIP,Coking Coal,562.5,Coking Coal,70000.0
2023-04-02,TANJUNG_BARA,PARADIP,Thermal Coal,558.6,Thermal Coal,70000.0
2023-04-02,MAPUTO,VISAKHAPATNAM,Coking Coal,558.6,Coking Coal,70000.0
2023-04-02,GLADSTONE,PARADIP,Coking Coal,558.6,Coking Coal,70000.0
2023-04-02,HAY_POINT,DHAMRA,Coking Coal,558.6,Coking Coal,70000.0
2023-04-02,HAY_POINT,VISAKHAPATNAM,Coking Coal,558.6,Coking Coal,70000.0
2023-04-02,TANJUNG_BARA,DHAMRA,Thermal Coal,558.6,Thermal Coal,70000.0
2023-04-02,BALIKPAPAN,KAMARAJAR,Thermal Coal,558.6,Thermal Coal,70000.0
2023-04-02,NEWCASTLE,DHAMRA,Thermal Coal,558.6,Thermal Coal,70000.0
2023-04-02,RICHARDS_BAY,PARADIP,Thermal Coal,558.6,Thermal Coal,70000.0
2023-04-02,HAY_POINT,PARADIP,Coking Coal,558.6,Coking Coal,70000.0
2023-04-03,HAY_POINT,PARADIP,Coking Coal,556.2,Coking Coal,70000.0
2023-04-03,BALIKPAPAN,KAMARAJAR,Thermal Coal,556.2,Thermal Coal,70000.0
2023-04-03,MAPUTO,VISAKHAPATNAM,Coking Coal,556.2,Coking Coal,70000.0
2023-04-03,TANJUNG_BARA,PARADIP,Thermal Coal,556.2,Thermal Coal,70000.0
2023-04-03,GLADSTONE,PARADIP,Coking Coal,556.2,Coking Coal,70000.0
2023-04-03,RICHARDS_BAY,PARADIP,Thermal Coal,556.2,Thermal Coal,70000.0
2023-04-03,HAY_POINT,VISAKHAPATNAM,Coking Coal,556.2,Coking Coal,70000.0
2023-04-03,NEWCASTLE,DHAMRA,Thermal Coal,556.2,Thermal Coal,70000.0
2023-04-03,HAY_POINT,DHAMRA,Coking Coal,556.2,Coking Coal,70000.0
2023-04-03,TANJUNG_BARA,DHAMRA,Thermal Coal,556.2,Thermal Coal,70000.0
2023-04-04,HAY_POINT,DHAMRA,Coking Coal,556.6,Coking Coal,70000.0
2023-04-04,HAY_POINT,PARADIP,Coking Coal,556.6,Coking Coal,70000.0
2023-04-04,HAY_POINT,VISAKHAPATNAM,Coking Coal,556.6,Coking Coal,70000.0
2023-04-04,BALIKPAPAN,KAMARAJAR,Thermal Coal,556.6,Thermal Coal,70000.0
2023-04-04,MAPUTO,VISAKHAPATNAM,Coking Coal,556.6,Coking Coal,70000.0
2023-04-04,NEWCASTLE,DHAMRA,Thermal Coal,556.6,Thermal Coal,70000.0
2023-04-04,TANJUNG_BARA,DHAMRA,Thermal Coal,556.6,Thermal Coal,70000.0
2023-04-04,GLADSTONE,PARADIP,Coking Coal,556.6,Coking Coal,70000.0
2023-04-04,RICHARDS_BAY,PARADIP,Thermal Coal,556.6,Thermal Coal,70000.0
2023-04-04,TANJUNG_BARA,PARADIP,Thermal Coal,556.6,Thermal Coal,70000.0
2023-04-05,TANJUNG_BARA,PARADIP,Thermal Coal,551.7,Thermal Coal,70000.0
2023-04-05,HAY_POINT,VISAKHAPATNAM,Coking Coal,551.7,Coking Coal,70000.0
2023-04-05,TANJUNG_BARA,DHAMRA,Thermal Coal,551.7,Thermal Coal,70000.0
2023-04-05,GLADSTONE,PARADIP,Coking Coal,551.7,Coking Coal,70000.0
2023-04-05,MAPUTO,VISAKHAPATNAM,Coking Coal,551.7,Coking Coal,70000.0
2023-04-05,BALIKPAPAN,KAMARAJAR,Thermal Coal,551.7,Thermal Coal,70000.0
2023-04-05,HAY_POINT,PARADIP,Coking Coal,551.7,Coking Coal,70000.0
2023-04-05,RICHARDS_BAY,PARADIP,Thermal Coal,551.7,Thermal Coal,70000.0
2023-04-05,NEWCASTLE,DHAMRA,Thermal Coal,551.7,Thermal Coal,70000.0
2023-04-05,HAY_POINT,DHAMRA,Coking Coal,551.7,Coking Coal,70000.0
2023-04-06,TANJUNG_BARA,PARADIP,Thermal Coal,551.1,Thermal Coal,70000.0
2023-04-06,HAY_POINT,PARADIP,Coking Coal,551.1,Coking Coal,70000.0
2023-04-06,HAY_POINT,DHAMRA,Coking Coal,551.1,Coking Coal,70000.0
2023-04-06,TANJUNG_BARA,DHAMRA,Thermal Coal,551.1,Thermal Coal,70000.0
2023-04-06,RICHARDS_BAY,PARADIP,Thermal Coal,551.1,Thermal Coal,70000.0
2023-04-06,GLADSTONE,PARADIP,Coking Coal,551.1,Coking Coal,70000.0
2023-04-06,NEWCASTLE,DHAMRA,Thermal Coal,551.1,Thermal Coal,70000.0
2023-04-06,MAPUTO,VISAKHAPATNAM,Coking Coal,551.1,Coking Coal,70000.0
2023-04-06,BALIKPAPAN,KAMARAJAR,Thermal Coal,551.1,Thermal Coal,70000.0
2023-04-06,HAY_POINT,VISAKHAPATNAM,Coking Coal,551.1,Coking Coal,70000.0
2023-04-07,BALIKPAPAN,KAMARAJAR,Thermal Coal,548.6,Thermal Coal,70000.0
2023-04-07,TANJUNG_BARA,PARADIP,Thermal Coal,548.6,Thermal Coal,70000.0
2023-04-07,MAPUTO,VISAKHAPATNAM,Coking Coal,548.6,Coking Coal,70000.0
2023-04-07,HAY_POINT,PARADIP,Coking Coal,548.6,Coking Coal,70000.0
2023-04-07,GLADSTONE,PARADIP,Coking Coal,548.6,Coking Coal,70000.0
2023-04-07,HAY_POINT,DHAMRA,Coking Coal,548.6,Coking Coal,70000.0
2023-04-07,TANJUNG_BARA,DHAMRA,Thermal Coal,548.6,Thermal Coal,70000.0
2023-04-07,NEWCASTLE,DHAMRA,Thermal Coal,548.6,Thermal Coal,70000.0
2023-04-07,HAY_POINT,VISAKHAPATNAM,Coking Coal,548.6,Coking Coal,70000.0
2023-04-07,RICHARDS_BAY,PARADIP,Thermal Coal,548.6,Thermal Coal,70000.0
2023-04-08,MAPUTO,VISAKHAPATNAM,Coking Coal,546.2,Coking Coal,70000.0
2023-04-08,HAY_POINT,PARADIP,Coking Coal,546.2,Coking Coal,70000.0
2023-04-08,RICHARDS_BAY,PARADIP,Thermal Coal,546.2,Thermal Coal,70000.0
2023-04-08,TANJUNG_BARA,PARADIP,Thermal Coal,546.2,Thermal Coal,70000.0
2023-04-08,NEWCASTLE,DHAMRA,Thermal Coal,546.2,Thermal Coal,70000.0
2023-04-08,HAY_POINT,VISAKHAPATNAM,Coking Coal,546.2,Coking Coal,70000.0
2023-04-08,GLADSTONE,PARADIP,Coking Coal,546.2,Coking Coal,70000.0
2023-04-08,HAY_POINT,DHAMRA,Coking Coal,546.2,Coking Coal,70000.0
2023-04-08,BALIKPAPAN,KAMARAJAR,Thermal Coal,546.2,Thermal Coal,70000.0
2023-04-08,TANJUNG_BARA,DHAMRA,Thermal Coal,546.2,Thermal Coal,70000.0
2023-04-09,HAY_POINT,PARADIP,Coking Coal,543.5,Coking Coal,70000.0
2023-04-09,HAY_POINT,VISAKHAPATNAM,Coking Coal,543.5,Coking Coal,70000.0
2023-04-09,TANJUNG_BARA,DHAMRA,Thermal Coal,543.5,Thermal Coal,70000.0
2023-04-09,TANJUNG_BARA,PARADIP,Thermal Coal,543.5,Thermal Coal,70000.0
2023-04-09,HAY_POINT,DHAMRA,Coking Coal,543.5,Coking Coal,70000.0
2023-04-09,NEWCASTLE,DHAMRA,Thermal Coal,543.5,Thermal Coal,70000.0
2023-04-09,GLADSTONE,PARADIP,Coking Coal,543.5,Coking Coal,70000.0
2023-04-09,RICHARDS_BAY,PARADIP,Thermal Coal,543.5,Thermal Coal,70000.0
2023-04-09,MAPUTO,VISAKHAPATNAM,Coking Coal,543.5,Coking Coal,70000.0
2023-04-09,BALIKPAPAN,KAMARAJAR,Thermal Coal,543.5,Thermal Coal,70000.0
2023-04-10,GLADSTONE,PARADIP,Coking Coal,546.7,Coking Coal,70000.0
2023-04-10,HAY_POINT,VISAKHAPATNAM,Coking Coal,546.7,Coking Coal,70000.0
2023-04-10,TANJUNG_BARA,DHAMRA,Thermal Coal,546.7,Thermal Coal,70000.0
2023-04-10,BALIKPAPAN,KAMARAJAR,Thermal Coal,546.7,Thermal Coal,70000.0
2023-04-10,HAY_POINT,PARADIP,Coking Coal,546.7,Coking Coal,70000.0
2023-04-10,MAPUTO,VISAKHAPATNAM,Coking Coal,546.7,Coking Coal,70000.0
2023-04-10,RICHARDS_BAY,PARADIP,Thermal Coal,546.7,Thermal Coal,70000.0
2023-04-10,HAY_POINT,DHAMRA,Coking Coal,546.7,Coking Coal,70000.0
2023-04-10,NEWCASTLE,DHAMRA,Thermal Coal,546.7,Thermal Coal,70000.0
2023-04-10,TANJUNG_BARA,PARADIP,Thermal Coal,546.7,Thermal Coal,70000.0
2023-04-11,TANJUNG_BARA,PARADIP,Thermal Coal,544.5,Thermal Coal,70000.0
2023-04-11,HAY_POINT,DHAMRA,Coking Coal,544.5,Coking Coal,70000.0
2023-04-11,BALIKPAPAN,KAMARAJAR,Thermal Coal,544.5,Thermal Coal,70000.0
2023-04-11,MAPUTO,VISAKHAPATNAM,Coking Coal,544.5,Coking Coal,70000.0
2023-04-11,GLADSTONE,PARADIP,Coking Coal,544.5,Coking Coal,70000.0
2023-04-11,HAY_POINT,PARADIP,Coking Coal,544.5,Coking Coal,70000.0
2023-04-11,NEWCASTLE,DHAMRA,Thermal Coal,544.5,Thermal Coal,70000.0
2023-04-11,RICHARDS_BAY,PARADIP,Thermal Coal,544.5,Thermal Coal,70000.0
2023-04-11,HAY_POINT,VISAKHAPATNAM,Coking Coal,544.5,Coking Coal,70000.0
2023-04-11,TANJUNG_BARA,DHAMRA,Thermal Coal,544.5,Thermal Coal,70000.0
2023-04-12,GLADSTONE,PARADIP,Coking Coal,544.4,Coking Coal,70000.0
2023-04-12,RICHARDS_BAY,PARADIP,Thermal Coal,544.4,Thermal Coal,70000.0
2023-04-12,BALIKPAPAN,KAMARAJAR,Thermal Coal,544.4,Thermal Coal,70000.0
2023-04-12,HAY_POINT,DHAMRA,Coking Coal,544.4,Coking Coal,70000.0
2023-04-12,HAY_POINT,VISAKHAPATNAM,Coking Coal,544.4,Coking Coal,70000.0
2023-04-12,MAPUTO,VISAKHAPATNAM,Coking Coal,544.4,Coking Coal,70000.0
2023-04-12,HAY_POINT,PARADIP,Coking Coal,544.4,Coking Coal,70000.0
2023-04-12,TANJUNG_BARA,PARADIP,Thermal Coal,544.4,Thermal Coal,70000.0
2023-04-12,NEWCASTLE,DHAMRA,Thermal Coal,544.4,Thermal Coal,70000.0
2023-04-12,TANJUNG_BARA,DHAMRA,Thermal Coal,544.4,Thermal Coal,70000.0
2023-04-13,RICHARDS_BAY,PARADIP,Thermal Coal,542.0,Thermal Coal,70000.0
2023-04-13,HAY_POINT,DHAMRA,Coking Coal,542.0,Coking Coal,70000.0
2023-04-13,GLADSTONE,PARADIP,Coking Coal,542.0,Coking Coal,70000.0
2023-04-13,HAY_POINT,VISAKHAPATNAM,Coking Coal,542.0,Coking Coal,70000.0
2023-04-13,HAY_POINT,PARADIP,Coking Coal,542.0,Coking Coal,70000.0
2023-04-13,TANJUNG_BARA,DHAMRA,Thermal Coal,542.0,Thermal Coal,70000.0
2023-04-13,NEWCASTLE,DHAMRA,Thermal Coal,542.0,Thermal Coal,70000.0
2023-04-13,TANJUNG_BARA,PARADIP,Thermal Coal,542.0,Thermal Coal,70000.0
2023-04-13,MAPUTO,VISAKHAPATNAM,Coking Coal,542.0,Coking Coal,70000.0
2023-04-13,BALIKPAPAN,KAMARAJAR,Thermal Coal,542.0,Thermal Coal,70000.0
2023-04-14,HAY_POINT,PARADIP,Coking Coal,541.1,Coking Coal,70000.0
2023-04-14,MAPUTO,VISAKHAPATNAM,Coking Coal,541.1,Coking Coal,70000.0
2023-04-14,GLADSTONE,PARADIP,Coking Coal,541.1,Coking Coal,70000.0
2023-04-14,BALIKPAPAN,KAMARAJAR,Thermal Coal,541.1,Thermal Coal,70000.0
2023-04-14,NEWCASTLE,DHAMRA,Thermal Coal,541.1,Thermal Coal,70000.0
2023-04-14,TANJUNG_BARA,DHAMRA,Thermal Coal,541.1,Thermal Coal,70000.0
2023-04-14,HAY_POINT,VISAKHAPATNAM,Coking Coal,541.1,Coking Coal,70000.0
2023-04-14,HAY_POINT,DHAMRA,Coking Coal,541.1,Coking Coal,70000.0
2023-04-14,TANJUNG_BARA,PARADIP,Thermal Coal,541.1,Thermal Coal,70000.0
2023-04-14,RICHARDS_BAY,PARADIP,Thermal Coal,541.1,Thermal Coal,70000.0
2023-04-15,BALIKPAPAN,KAMARAJAR,Thermal Coal,544.4,Thermal Coal,70000.0
2023-04-15,HAY_POINT,DHAMRA,Coking Coal,544.4,Coking Coal,70000.0
2023-04-15,MAPUTO,VISAKHAPATNAM,Coking Coal,544.4,Coking Coal,70000.0
2023-04-15,TANJUNG_BARA,DHAMRA,Thermal Coal,544.4,Thermal Coal,70000.0
2023-04-15,NEWCASTLE,DHAMRA,Thermal Coal,544.4,Thermal Coal,70000.0
2023-04-15,RICHARDS_BAY,PARADIP,Thermal Coal,544.4,Thermal Coal,70000.0
2023-04-15,HAY_POINT,PARADIP,Coking Coal,544.4,Coking Coal,70000.0
2023-04-15,TANJUNG_BARA,PARADIP,Thermal Coal,544.4,Thermal Coal,70000.0
2023-04-15,HAY_POINT,VISAKHAPATNAM,Coking Coal,544.4,Coking Coal,70000.0
2023-04-15,GLADSTONE,PARADIP,Coking Coal,544.4,Coking Coal,70000.0
2023-04-16,TANJUNG_BARA,PARADIP,Thermal Coal,547.1,Thermal Coal,70000.0
2023-04-16,NEWCASTLE,DHAMRA,Thermal Coal,547.1,Thermal Coal,70000.0
2023-04-16,MAPUTO,VISAKHAPATNAM,Coking Coal,547.1,Coking Coal,70000.0
2023-04-16,BALIKPAPAN,KAMARAJAR,Thermal Coal,547.1,Thermal Coal,70000.0
2023-04-16,HAY_POINT,DHAMRA,Coking Coal,547.1,Coking Coal,70000.0
2023-04-16,TANJUNG_BARA,DHAMRA,Thermal Coal,547.1,Thermal Coal,70000.0
2023-04-16,RICHARDS_BAY,PARADIP,Thermal Coal,547.1,Thermal Coal,70000.0
2023-04-16,HAY_POINT,VISAKHAPATNAM,Coking Coal,547.1,Coking Coal,70000.0
2023-04-16,HAY_POINT,PARADIP,Coking Coal,547.1,Coking Coal,70000.0
2023-04-16,GLADSTONE,PARADIP,Coking Coal,547.1,Coking Coal,70000.0
2023-04-17,GLADSTONE,PARADIP,Coking Coal,546.6,Coking Coal,70000.0
2023-04-17,RICHARDS_BAY,PARADIP,Thermal Coal,546.6,Thermal Coal,70000.0
2023-04-17,TANJUNG_BARA,PARADIP,Thermal Coal,546.6,Thermal Coal,70000.0
2023-04-17,TANJUNG_BARA,DHAMRA,Thermal Coal,546.6,Thermal Coal,70000.0
2023-04-17,HAY_POINT,PARADIP,Coking Coal,546.6,Coking Coal,70000.0
2023-04-17,NEWCASTLE,DHAMRA,Thermal Coal,546.6,Thermal Coal,70000.0
2023-04-17,MAPUTO,VISAKHAPATNAM,Coking Coal,546.6,Coking Coal,70000.0
2023-04-17,HAY_POINT,DHAMRA,Coking Coal,546.6,Coking Coal,70000.0
2023-04-17,HAY_POINT,VISAKHAPATNAM,Coking Coal,546.6,Coking Coal,70000.0
2023-04-17,BALIKPAPAN,KAMARAJAR,Thermal Coal,546.6,Thermal Coal,70000.0
2023-04-18,HAY_POINT,PARADIP,Coking Coal,543.3,Coking Coal,70000.0
2023-04-18,GLADSTONE,PARADIP,Coking Coal,543.3,Coking Coal,70000.0
2023-04-18,NEWCASTLE,DHAMRA,Thermal Coal,543.3,Thermal Coal,70000.0
2023-04-18,MAPUTO,VISAKHAPATNAM,Coking Coal,543.3,Coking Coal,70000.0
2023-04-18,TANJUNG_BARA,PARADIP,Thermal Coal,543.3,Thermal Coal,70000.0
2023-04-18,HAY_POINT,DHAMRA,Coking Coal,543.3,Coking Coal,70000.0
2023-04-18,TANJUNG_BARA,DHAMRA,Thermal Coal,543.3,Thermal Coal,70000.0
2023-04-18,HAY_POINT,VISAKHAPATNAM,Coking Coal,543.3,Coking Coal,70000.0
2023-04-18,BALIKPAPAN,KAMARAJAR,Thermal Coal,543.3,Thermal Coal,70000.0
2023-04-18,RICHARDS_BAY,PARADIP,Thermal Coal,543.3,Thermal Coal,70000.0
2023-04-19,GLADSTONE,PARADIP,Coking Coal,538.5,Coking Coal,70000.0
2023-04-19,BALIKPAPAN,KAMARAJAR,Thermal Coal,538.5,Thermal Coal,70000.0
2023-04-19,TANJUNG_BARA,DHAMRA,Thermal Coal,538.5,Thermal Coal,70000.0
2023-04-19,TANJUNG_BARA,PARADIP,Thermal Coal,538.5,Thermal Coal,70000.0
2023-04-19,HAY_POINT,DHAMRA,Coking Coal,538.5,Coking Coal,70000.0
2023-04-19,HAY_POINT,PARADIP,Coking Coal,538.5,Coking Coal,70000.0
2023-04-19,HAY_POINT,VISAKHAPATNAM,Coking Coal,538.5,Coking Coal,70000.0
2023-04-19,MAPUTO,VISAKHAPATNAM,Coking Coal,538.5,Coking Coal,70000.0
2023-04-19,NEWCASTLE,DHAMRA,Thermal Coal,538.5,Thermal Coal,70000.0
2023-04-19,RICHARDS_BAY,PARADIP,Thermal Coal,538.5,Thermal Coal,70000.0
2023-04-20,HAY_POINT,DHAMRA,Coking Coal,541.0,Coking Coal,70000.0
2023-04-20,BALIKPAPAN,KAMARAJAR,Thermal Coal,541.0,Thermal Coal,70000.0
2023-04-20,HAY_POINT,PARADIP,Coking Coal,541.0,Coking Coal,70000.0
2023-04-20,NEWCASTLE,DHAMRA,Thermal Coal,541.0,Thermal Coal,70000.0
2023-04-20,RICHARDS_BAY,PARADIP,Thermal Coal,541.0,Thermal Coal,70000.0
2023-04-20,HAY_POINT,VISAKHAPATNAM,Coking Coal,541.0,Coking Coal,70000.0
2023-04-20,TANJUNG_BARA,PARADIP,Thermal Coal,541.0,Thermal Coal,70000.0
2023-04-20,TANJUNG_BARA,DHAMRA,Thermal Coal,541.0,Thermal Coal,70000.0
2023-04-20,GLADSTONE,PARADIP,Coking Coal,541.0,Coking Coal,70000.0
2023-04-20,MAPUTO,VISAKHAPATNAM,Coking Coal,541.0,Coking Coal,70000.0
2023-04-21,TANJUNG_BARA,PARADIP,Thermal Coal,537.4,Thermal Coal,70000.0
2023-04-21,TANJUNG_BARA,DHAMRA,Thermal Coal,537.4,Thermal Coal,70000.0
2023-04-21,HAY_POINT,VISAKHAPATNAM,Coking Coal,537.4,Coking Coal,70000.0
2023-04-21,HAY_POINT,DHAMRA,Coking Coal,537.4,Coking Coal,70000.0
2023-04-21,NEWCASTLE,DHAMRA,Thermal Coal,537.4,Thermal Coal,70000.0
2023-04-21,RICHARDS_BAY,PARADIP,Thermal Coal,537.4,Thermal Coal,70000.0
2023-04-21,MAPUTO,VISAKHAPATNAM,Coking Coal,537.4,Coking Coal,70000.0
2023-04-21,HAY_POINT,PARADIP,Coking Coal,537.4,Coking Coal,70000.0
2023-04-21,GLADSTONE,PARADIP,Coking Coal,537.4,Coking Coal,70000.0
2023-04-21,BALIKPAPAN,KAMARAJAR,Thermal Coal,537.4,Thermal Coal,70000.0
2023-04-22,BALIKPAPAN,KAMARAJAR,Thermal Coal,541.3,Thermal Coal,70000.0
2023-04-22,GLADSTONE,PARADIP,Coking Coal,541.3,Coking Coal,70000.0
2023-04-22,HAY_POINT,VISAKHAPATNAM,Coking Coal,541.3,Coking Coal,70000.0
2023-04-22,HAY_POINT,PARADIP,Coking Coal,541.3,Coking Coal,70000.0
2023-04-22,NEWCASTLE,DHAMRA,Thermal Coal,541.3,Thermal Coal,70000.0
2023-04-22,MAPUTO,VISAKHAPATNAM,Coking Coal,541.3,Coking Coal,70000.0
2023-04-22,TANJUNG_BARA,DHAMRA,Thermal Coal,541.3,Thermal Coal,70000.0
2023-04-22,TANJUNG_BARA,PARADIP,Thermal Coal,541.3,Thermal Coal,70000.0
2023-04-22,RICHARDS_BAY,PARADIP,Thermal Coal,541.3,Thermal Coal,70000.0
2023-04-22,HAY_POINT,DHAMRA,Coking Coal,541.3,Coking Coal,70000.0
2023-04-23,HAY_POINT,VISAKHAPATNAM,Coking Coal,540.0,Coking Coal,70000.0
2023-04-23,TANJUNG_BARA,PARADIP,Thermal Coal,540.0,Thermal Coal,70000.0
2023-04-23,NEWCASTLE,DHAMRA,Thermal Coal,540.0,Thermal Coal,70000.0
2023-04-23,RICHARDS_BAY,PARADIP,Thermal Coal,540.0,Thermal Coal,70000.0
2023-04-23,HAY_POINT,DHAMRA,Coking Coal,540.0,Coking Coal,70000.0
2023-04-23,HAY_POINT,PARADIP,Coking Coal,540.0,Coking Coal,70000.0
2023-04-23,BALIKPAPAN,KAMARAJAR,Thermal Coal,540.0,Thermal Coal,70000.0
2023-04-23,GLADSTONE,PARADIP,Coking Coal,540.0,Coking Coal,70000.0
2023-04-23,MAPUTO,VISAKHAPATNAM,Coking Coal,540.0,Coking Coal,70000.0
2023-04-23,TANJUNG_BARA,DHAMRA,Thermal Coal,540.0,Thermal Coal,70000.0
2023-04-24,RICHARDS_BAY,PARADIP,Thermal Coal,536.7,Thermal Coal,70000.0
2023-04-24,HAY_POINT,PARADIP,Coking Coal,536.7,Coking Coal,70000.0
2023-04-24,TANJUNG_BARA,DHAMRA,Thermal Coal,536.7,Thermal Coal,70000.0
2023-04-24,GLADSTONE,PARADIP,Coking Coal,536.7,Coking Coal,70000.0
2023-04-24,HAY_POINT,VISAKHAPATNAM,Coking Coal,536.7,Coking Coal,70000.0
2023-04-24,MAPUTO,VISAKHAPATNAM,Coking Coal,536.7,Coking Coal,70000.0
2023-04-24,BALIKPAPAN,KAMARAJAR,Thermal Coal,536.7,Thermal Coal,70000.0
2023-04-24,HAY_POINT,DHAMRA,Coking Coal,536.7,Coking Coal,70000.0
2023-04-24,NEWCASTLE,DHAMRA,Thermal Coal,536.7,Thermal Coal,70000.0
2023-04-24,TANJUNG_BARA,PARADIP,Thermal Coal,536.7,Thermal Coal,70000.0
2023-04-25,NEWCASTLE,DHAMRA,Thermal Coal,534.7,Thermal Coal,70000.0
2023-04-25,GLADSTONE,PARADIP,Coking Coal,534.7,Coking Coal,70000.0
2023-04-25,TANJUNG_BARA,PARADIP,Thermal Coal,534.7,Thermal Coal,70000.0
2023-04-25,RICHARDS_BAY,PARADIP,Thermal Coal,534.7,Thermal Coal,70000.0
2023-04-25,HAY_POINT,PARADIP,Coking Coal,534.7,Coking Coal,70000.0
2023-04-25,HAY_POINT,VISAKHAPATNAM,Coking Coal,534.7,Coking Coal,70000.0
2023-04-25,HAY_POINT,DHAMRA,Coking Coal,534.7,Coking Coal,70000.0
2023-04-25,BALIKPAPAN,KAMARAJAR,Thermal Coal,534.7,Thermal Coal,70000.0
2023-04-25,TANJUNG_BARA,DHAMRA,Thermal Coal,534.7,Thermal Coal,70000.0
2023-04-25,MAPUTO,VISAKHAPATNAM,Coking Coal,534.7,Coking Coal,70000.0
2023-04-26,RICHARDS_BAY,PARADIP,Thermal Coal,528.9,Thermal Coal,70000.0
2023-04-26,HAY_POINT,DHAMRA,Coking Coal,528.9,Coking Coal,70000.0
2023-04-26,HAY_POINT,VISAKHAPATNAM,Coking Coal,528.9,Coking Coal,70000.0
2023-04-26,MAPUTO,VISAKHAPATNAM,Coking Coal,528.9,Coking Coal,70000.0
2023-04-26,HAY_POINT,PARADIP,Coking Coal,528.9,Coking Coal,70000.0
2023-04-26,BALIKPAPAN,KAMARAJAR,Thermal Coal,528.9,Thermal Coal,70000.0
2023-04-26,NEWCASTLE,DHAMRA,Thermal Coal,528.9,Thermal Coal,70000.0
2023-04-26,TANJUNG_BARA,PARADIP,Thermal Coal,528.9,Thermal Coal,70000.0
2023-04-26,GLADSTONE,PARADIP,Coking Coal,528.9,Coking Coal,70000.0
2023-04-26,TANJUNG_BARA,DHAMRA,Thermal Coal,528.9,Thermal Coal,70000.0
2023-04-27,MAPUTO,VISAKHAPATNAM,Coking Coal,528.0,Coking Coal,70000.0
2023-04-27,GLADSTONE,PARADIP,Coking Coal,528.0,Coking Coal,70000.0
2023-04-27,NEWCASTLE,DHAMRA,Thermal Coal,528.0,Thermal Coal,70000.0
2023-04-27,HAY_POINT,PARADIP,Coking Coal,528.0,Coking Coal,70000.0
2023-04-27,HAY_POINT,VISAKHAPATNAM,Coking Coal,528.0,Coking Coal,70000.0
2023-04-27,TANJUNG_BARA,PARADIP,Thermal Coal,528.0,Thermal Coal,70000.0
2023-04-27,BALIKPAPAN,KAMARAJAR,Thermal Coal,528.0,Thermal Coal,70000.0
2023-04-27,RICHARDS_BAY,PARADIP,Thermal Coal,528.0,Thermal Coal,70000.0
2023-04-27,HAY_POINT,DHAMRA,Coking Coal,528.0,Coking Coal,70000.0
2023-04-27,TANJUNG_BARA,DHAMRA,Thermal Coal,528.0,Thermal Coal,70000.0
2023-04-28,TANJUNG_BARA,PARADIP,Thermal Coal,531.5,Thermal Coal,70000.0
2023-04-28,HAY_POINT,DHAMRA,Coking Coal,531.5,Coking Coal,70000.0
2023-04-28,HAY_POINT,VISAKHAPATNAM,Coking Coal,531.5,Coking Coal,70000.0
2023-04-28,GLADSTONE,PARADIP,Coking Coal,531.5,Coking Coal,70000.0
2023-04-28,MAPUTO,VISAKHAPATNAM,Coking Coal,531.5,Coking Coal,70000.0
2023-04-28,TANJUNG_BARA,DHAMRA,Thermal Coal,531.5,Thermal Coal,70000.0
2023-04-28,NEWCASTLE,DHAMRA,Thermal Coal,531.5,Thermal Coal,70000.0
2023-04-28,BALIKPAPAN,KAMARAJAR,Thermal Coal,531.5,Thermal Coal,70000.0
2023-04-28,RICHARDS_BAY,PARADIP,Thermal Coal,531.5,Thermal Coal,70000.0
2023-04-28,HAY_POINT,PARADIP,Coking Coal,531.5,Coking Coal,70000.0
2023-04-29,MAPUTO,VISAKHAPATNAM,Coking Coal,527.5,Coking Coal,70000.0
2023-04-29,TANJUNG_BARA,DHAMRA,Thermal Coal,527.5,Thermal Coal,70000.0
2023-04-29,NEWCASTLE,DHAMRA,Thermal Coal,527.5,Thermal Coal,70000.0
2023-04-29,HAY_POINT,VISAKHAPATNAM,Coking Coal,527.5,Coking Coal,70000.0
2023-04-29,GLADSTONE,PARADIP,Coking Coal,527.5,Coking Coal,70000.0
2023-04-29,RICHARDS_BAY,PARADIP,Thermal Coal,527.5,Thermal Coal,70000.0
2023-04-29,HAY_POINT,PARADIP,Coking Coal,527.5,Coking Coal,70000.0
2023-04-29,HAY_POINT,DHAMRA,Coking Coal,527.5,Coking Coal,70000.0
2023-04-29,BALIKPAPAN,KAMARAJAR,Thermal Coal,527.5,Thermal Coal,70000.0
2023-04-29,TANJUNG_BARA,PARADIP,Thermal Coal,527.5,Thermal Coal,70000.0
2023-04-30,BALIKPAPAN,KAMARAJAR,Thermal Coal,528.7,Thermal Coal,70000.0
2023-04-30,TANJUNG_BARA,DHAMRA,Thermal Coal,528.7,Thermal Coal,70000.0
2023-04-30,HAY_POINT,VISAKHAPATNAM,Coking Coal,528.7,Coking Coal,70000.0
2023-04-30,HAY_POINT,PARADIP,Coking Coal,528.7,Coking Coal,70000.0
2023-04-30,GLADSTONE,PARADIP,Coking Coal,528.7,Coking Coal,70000.0
2023-04-30,MAPUTO,VISAKHAPATNAM,Coking Coal,528.7,Coking Coal,70000.0
2023-04-30,HAY_POINT,DHAMRA,Coking Coal,528.7,Coking Coal,70000.0
2023-04-30,RICHARDS_BAY,PARADIP,Thermal Coal,528.7,Thermal Coal,70000.0
2023-04-30,TANJUNG_BARA,PARADIP,Thermal Coal,528.7,Thermal Coal,70000.0
2023-04-30,NEWCASTLE,DHAMRA,Thermal Coal,528.7,Thermal Coal,70000.0
2023-05-01,HAY_POINT,VISAKHAPATNAM,Coking Coal,534.9,Coking Coal,70000.0
2023-05-01,HAY_POINT,PARADIP,Coking Coal,534.9,Coking Coal,70000.0
2023-05-01,RICHARDS_BAY,PARADIP,Thermal Coal,534.9,Thermal Coal,70000.0
2023-05-01,GLADSTONE,PARADIP,Coking Coal,534.9,Coking Coal,70000.0
2023-05-01,TANJUNG_BARA,PARADIP,Thermal Coal,534.9,Thermal Coal,70000.0
2023-05-01,TANJUNG_BARA,DHAMRA,Thermal Coal,534.9,Thermal Coal,70000.0
2023-05-01,NEWCASTLE,DHAMRA,Thermal Coal,534.9,Thermal Coal,70000.0
2023-05-01,HAY_POINT,DHAMRA,Coking Coal,534.9,Coking Coal,70000.0
2023-05-01,BALIKPAPAN,KAMARAJAR,Thermal Coal,534.9,Thermal Coal,70000.0
2023-05-01,MAPUTO,VISAKHAPATNAM,Coking Coal,534.9,Coking Coal,70000.0
2023-05-02,NEWCASTLE,DHAMRA,Thermal Coal,537.6,Thermal Coal,70000.0
2023-05-02,HAY_POINT,VISAKHAPATNAM,Coking Coal,537.6,Coking Coal,70000.0
2023-05-02,BALIKPAPAN,KAMARAJAR,Thermal Coal,537.6,Thermal Coal,70000.0
2023-05-02,GLADSTONE,PARADIP,Coking Coal,537.6,Coking Coal,70000.0
2023-05-02,HAY_POINT,PARADIP,Coking Coal,537.6,Coking Coal,70000.0
2023-05-02,RICHARDS_BAY,PARADIP,Thermal Coal,537.6,Thermal Coal,70000.0
2023-05-02,HAY_POINT,DHAMRA,Coking Coal,537.6,Coking Coal,70000.0
2023-05-02,TANJUNG_BARA,DHAMRA,Thermal Coal,537.6,Thermal Coal,70000.0
2023-05-02,TANJUNG_BARA,PARADIP,Thermal Coal,537.6,Thermal Coal,70000.0
2023-05-02,MAPUTO,VISAKHAPATNAM,Coking Coal,537.6,Coking Coal,70000.0
2023-05-03,HAY_POINT,PARADIP,Coking Coal,537.7,Coking Coal,70000.0
2023-05-03,TANJUNG_BARA,DHAMRA,Thermal Coal,537.7,Thermal Coal,70000.0
2023-05-03,GLADSTONE,PARADIP,Coking Coal,537.7,Coking Coal,70000.0
2023-05-03,NEWCASTLE,DHAMRA,Thermal Coal,537.7,Thermal Coal,70000.0
2023-05-03,HAY_POINT,VISAKHAPATNAM,Coking Coal,537.7,Coking Coal,70000.0
2023-05-03,TANJUNG_BARA,PARADIP,Thermal Coal,537.7,Thermal Coal,70000.0
2023-05-03,RICHARDS_BAY,PARADIP,Thermal Coal,537.7,Thermal Coal,70000.0
2023-05-03,HAY_POINT,DHAMRA,Coking Coal,537.7,Coking Coal,70000.0
2023-05-03,BALIKPAPAN,KAMARAJAR,Thermal Coal,537.7,Thermal Coal,70000.0
2023-05-03,MAPUTO,VISAKHAPATNAM,Coking Coal,537.7,Coking Coal,70000.0
2023-05-04,MAPUTO,VISAKHAPATNAM,Coking Coal,537.8,Coking Coal,70000.0
2023-05-04,HAY_POINT,VISAKHAPATNAM,Coking Coal,537.8,Coking Coal,70000.0
2023-05-04,TANJUNG_BARA,PARADIP,Thermal Coal,537.8,Thermal Coal,70000.0
2023-05-04,HAY_POINT,DHAMRA,Coking Coal,537.8,Coking Coal,70000.0
2023-05-04,NEWCASTLE,DHAMRA,Thermal Coal,537.8,Thermal Coal,70000.0
2023-05-04,HAY_POINT,PARADIP,Coking Coal,537.8,Coking Coal,70000.0
2023-05-04,BALIKPAPAN,KAMARAJAR,Thermal Coal,537.8,Thermal Coal,70000.0
2023-05-04,TANJUNG_BARA,DHAMRA,Thermal Coal,537.8,Thermal Coal,70000.0
2023-05-04,GLADSTONE,PARADIP,Coking Coal,537.8,Coking Coal,70000.0
2023-05-04,RICHARDS_BAY,PARADIP,Thermal Coal,537.8,Thermal Coal,70000.0
2023-05-05,MAPUTO,VISAKHAPATNAM,Coking Coal,541.6,Coking Coal,70000.0
2023-05-05,HAY_POINT,VISAKHAPATNAM,Coking Coal,541.6,Coking Coal,70000.0
2023-05-05,TANJUNG_BARA,DHAMRA,Thermal Coal,541.6,Thermal Coal,70000.0
2023-05-05,NEWCASTLE,DHAMRA,Thermal Coal,541.6,Thermal Coal,70000.0
2023-05-05,GLADSTONE,PARADIP,Coking Coal,541.6,Coking Coal,70000.0
2023-05-05,BALIKPAPAN,KAMARAJAR,Thermal Coal,541.6,Thermal Coal,70000.0
2023-05-05,HAY_POINT,PARADIP,Coking Coal,541.6,Coking Coal,70000.0
2023-05-05,HAY_POINT,DHAMRA,Coking Coal,541.6,Coking Coal,70000.0
2023-05-05,RICHARDS_BAY,PARADIP,Thermal Coal,541.6,Thermal Coal,70000.0
2023-05-05,TANJUNG_BARA,PARADIP,Thermal Coal,541.6,Thermal Coal,70000.0
2023-05-06,HAY_POINT,VISAKHAPATNAM,Coking Coal,545.1,Coking Coal,70000.0
2023-05-06,NEWCASTLE,DHAMRA,Thermal Coal,545.1,Thermal Coal,70000.0
2023-05-06,HAY_POINT,DHAMRA,Coking Coal,545.1,Coking Coal,70000.0
2023-05-06,BALIKPAPAN,KAMARAJAR,Thermal Coal,545.1,Thermal Coal,70000.0
2023-05-06,RICHARDS_BAY,PARADIP,Thermal Coal,545.1,Thermal Coal,70000.0
2023-05-06,MAPUTO,VISAKHAPATNAM,Coking Coal,545.1,Coking Coal,70000.0
2023-05-06,HAY_POINT,PARADIP,Coking Coal,545.1,Coking Coal,70000.0
2023-05-06,GLADSTONE,PARADIP,Coking Coal,545.1,Coking Coal,70000.0
2023-05-06,TANJUNG_BARA,DHAMRA,Thermal Coal,545.1,Thermal Coal,70000.0
2023-05-06,TANJUNG_BARA,PARADIP,Thermal Coal,545.1,Thermal Coal,70000.0
2023-05-07,RICHARDS_BAY,PARADIP,Thermal Coal,541.9,Thermal Coal,70000.0
2023-05-07,HAY_POINT,VISAKHAPATNAM,Coking Coal,541.9,Coking Coal,70000.0
2023-05-07,NEWCASTLE,DHAMRA,Thermal Coal,541.9,Thermal Coal,70000.0
2023-05-07,TANJUNG_BARA,DHAMRA,Thermal Coal,541.9,Thermal Coal,70000.0
2023-05-07,BALIKPAPAN,KAMARAJAR,Thermal Coal,541.9,Thermal Coal,70000.0
2023-05-07,HAY_POINT,DHAMRA,Coking Coal,541.9,Coking Coal,70000.0
2023-05-07,MAPUTO,VISAKHAPATNAM,Coking Coal,541.9,Coking Coal,70000.0
2023-05-07,HAY_POINT,PARADIP,Coking Coal,541.9,Coking Coal,70000.0
2023-05-07,GLADSTONE,PARADIP,Coking Coal,541.9,Coking Coal,70000.0
2023-05-07,TANJUNG_BARA,PARADIP,Thermal Coal,541.9,Thermal Coal,70000.0
2023-05-08,RICHARDS_BAY,PARADIP,Thermal Coal,533.4,Thermal Coal,70000.0
2023-05-08,HAY_POINT,DHAMRA,Coking Coal,533.4,Coking Coal,70000.0
2023-05-08,MAPUTO,VISAKHAPATNAM,Coking Coal,533.4,Coking Coal,70000.0
2023-05-08,GLADSTONE,PARADIP,Coking Coal,533.4,Coking Coal,70000.0
2023-05-08,HAY_POINT,VISAKHAPATNAM,Coking Coal,533.4,Coking Coal,70000.0
2023-05-08,TANJUNG_BARA,PARADIP,Thermal Coal,533.4,Thermal Coal,70000.0
2023-05-08,TANJUNG_BARA,DHAMRA,Thermal Coal,533.4,Thermal Coal,70000.0
2023-05-08,BALIKPAPAN,KAMARAJAR,Thermal Coal,533.4,Thermal Coal,70000.0
2023-05-08,NEWCASTLE,DHAMRA,Thermal Coal,533.4,Thermal Coal,70000.0
2023-05-08,HAY_POINT,PARADIP,Coking Coal,533.4,Coking Coal,70000.0
2023-05-09,HAY_POINT,VISAKHAPATNAM,Coking Coal,534.0,Coking Coal,70000.0
2023-05-09,RICHARDS_BAY,PARADIP,Thermal Coal,534.0,Thermal Coal,70000.0
2023-05-09,HAY_POINT,DHAMRA,Coking Coal,534.0,Coking Coal,70000.0
2023-05-09,TANJUNG_BARA,PARADIP,Thermal Coal,534.0,Thermal Coal,70000.0
2023-05-09,MAPUTO,VISAKHAPATNAM,Coking Coal,534.0,Coking Coal,70000.0
2023-05-09,BALIKPAPAN,KAMARAJAR,Thermal Coal,534.0,Thermal Coal,70000.0
2023-05-09,HAY_POINT,PARADIP,Coking Coal,534.0,Coking Coal,70000.0
2023-05-09,TANJUNG_BARA,DHAMRA,Thermal Coal,534.0,Thermal Coal,70000.0
2023-05-09,GLADSTONE,PARADIP,Coking Coal,534.0,Coking Coal,70000.0
2023-05-09,NEWCASTLE,DHAMRA,Thermal Coal,534.0,Thermal Coal,70000.0
2023-05-10,MAPUTO,VISAKHAPATNAM,Coking Coal,537.8,Coking Coal,70000.0
2023-05-10,TANJUNG_BARA,DHAMRA,Thermal Coal,537.8,Thermal Coal,70000.0
2023-05-10,HAY_POINT,DHAMRA,Coking Coal,537.8,Coking Coal,70000.0
2023-05-10,GLADSTONE,PARADIP,Coking Coal,537.8,Coking Coal,70000.0
2023-05-10,NEWCASTLE,DHAMRA,Thermal Coal,537.8,Thermal Coal,70000.0
2023-05-10,HAY_POINT,PARADIP,Coking Coal,537.8,Coking Coal,70000.0
2023-05-10,HAY_POINT,VISAKHAPATNAM,Coking Coal,537.8,Coking Coal,70000.0
2023-05-10,BALIKPAPAN,KAMARAJAR,Thermal Coal,537.8,Thermal Coal,70000.0
2023-05-10,TANJUNG_BARA,PARADIP,Thermal Coal,537.8,Thermal Coal,70000.0
2023-05-10,RICHARDS_BAY,PARADIP,Thermal Coal,537.8,Thermal Coal,70000.0
2023-05-11,TANJUNG_BARA,PARADIP,Thermal Coal,539.8,Thermal Coal,70000.0
2023-05-11,GLADSTONE,PARADIP,Coking Coal,539.8,Coking Coal,70000.0
2023-05-11,HAY_POINT,VISAKHAPATNAM,Coking Coal,539.8,Coking Coal,70000.0
2023-05-11,TANJUNG_BARA,DHAMRA,Thermal Coal,539.8,Thermal Coal,70000.0
2023-05-11,HAY_POINT,PARADIP,Coking Coal,539.8,Coking Coal,70000.0
2023-05-11,MAPUTO,VISAKHAPATNAM,Coking Coal,539.8,Coking Coal,70000.0
2023-05-11,BALIKPAPAN,KAMARAJAR,Thermal Coal,539.8,Thermal Coal,70000.0
2023-05-11,HAY_POINT,DHAMRA,Coking Coal,539.8,Coking Coal,70000.0
2023-05-11,RICHARDS_BAY,PARADIP,Thermal Coal,539.8,Thermal Coal,70000.0
2023-05-11,NEWCASTLE,DHAMRA,Thermal Coal,539.8,Thermal Coal,70000.0
2023-05-12,HAY_POINT,DHAMRA,Coking Coal,544.5,Coking Coal,70000.0
2023-05-12,GLADSTONE,PARADIP,Coking Coal,544.5,Coking Coal,70000.0
2023-05-12,TANJUNG_BARA,PARADIP,Thermal Coal,544.5,Thermal Coal,70000.0
2023-05-12,HAY_POINT,VISAKHAPATNAM,Coking Coal,544.5,Coking Coal,70000.0
2023-05-12,TANJUNG_BARA,DHAMRA,Thermal Coal,544.5,Thermal Coal,70000.0
2023-05-12,RICHARDS_BAY,PARADIP,Thermal Coal,544.5,Thermal Coal,70000.0
2023-05-12,BALIKPAPAN,KAMARAJAR,Thermal Coal,544.5,Thermal Coal,70000.0
2023-05-12,MAPUTO,VISAKHAPATNAM,Coking Coal,544.5,Coking Coal,70000.0
2023-05-12,HAY_POINT,PARADIP,Coking Coal,544.5,Coking Coal,70000.0
2023-05-12,NEWCASTLE,DHAMRA,Thermal Coal,544.5,Thermal Coal,70000.0
2023-05-13,HAY_POINT,VISAKHAPATNAM,Coking Coal,549.9,Coking Coal,70000.0
2023-05-13,RICHARDS_BAY,PARADIP,Thermal Coal,549.9,Thermal Coal,70000.0
2023-05-13,GLADSTONE,PARADIP,Coking Coal,549.9,Coking Coal,70000.0
2023-05-13,HAY_POINT,PARADIP,Coking Coal,549.9,Coking Coal,70000.0
2023-05-13,TANJUNG_BARA,PARADIP,Thermal Coal,549.9,Thermal Coal,70000.0
2023-05-13,TANJUNG_BARA,DHAMRA,Thermal Coal,549.9,Thermal Coal,70000.0
2023-05-13,BALIKPAPAN,KAMARAJAR,Thermal Coal,549.9,Thermal Coal,70000.0
2023-05-13,NEWCASTLE,DHAMRA,Thermal Coal,549.9,Thermal Coal,70000.0
2023-05-13,MAPUTO,VISAKHAPATNAM,Coking Coal,549.9,Coking Coal,70000.0
2023-05-13,HAY_POINT,DHAMRA,Coking Coal,549.9,Coking Coal,70000.0
2023-05-14,TANJUNG_BARA,PARADIP,Thermal Coal,543.5,Thermal Coal,70000.0
2023-05-14,HAY_POINT,VISAKHAPATNAM,Coking Coal,543.5,Coking Coal,70000.0
2023-05-14,BALIKPAPAN,KAMARAJAR,Thermal Coal,543.5,Thermal Coal,70000.0
2023-05-14,NEWCASTLE,DHAMRA,Thermal Coal,543.5,Thermal Coal,70000.0
2023-05-14,MAPUTO,VISAKHAPATNAM,Coking Coal,543.5,Coking Coal,70000.0
2023-05-14,RICHARDS_BAY,PARADIP,Thermal Coal,543.5,Thermal Coal,70000.0
2023-05-14,TANJUNG_BARA,DHAMRA,Thermal Coal,543.5,Thermal Coal,70000.0
2023-05-14,HAY_POINT,DHAMRA,Coking Coal,543.5,Coking Coal,70000.0
2023-05-14,GLADSTONE,PARADIP,Coking Coal,543.5,Coking Coal,70000.0
2023-05-14,HAY_POINT,PARADIP,Coking Coal,543.5,Coking Coal,70000.0
2023-05-15,BALIKPAPAN,KAMARAJAR,Thermal Coal,543.7,Thermal Coal,70000.0
2023-05-15,GLADSTONE,PARADIP,Coking Coal,543.7,Coking Coal,70000.0
2023-05-15,RICHARDS_BAY,PARADIP,Thermal Coal,543.7,Thermal Coal,70000.0
2023-05-15,TANJUNG_BARA,PARADIP,Thermal Coal,543.7,Thermal Coal,70000.0
2023-05-15,TANJUNG_BARA,DHAMRA,Thermal Coal,543.7,Thermal Coal,70000.0
2023-05-15,HAY_POINT,DHAMRA,Coking Coal,543.7,Coking Coal,70000.0
2023-05-15,HAY_POINT,PARADIP,Coking Coal,543.7,Coking Coal,70000.0
2023-05-15,HAY_POINT,VISAKHAPATNAM,Coking Coal,543.7,Coking Coal,70000.0
2023-05-15,MAPUTO,VISAKHAPATNAM,Coking Coal,543.7,Coking Coal,70000.0
2023-05-15,NEWCASTLE,DHAMRA,Thermal Coal,543.7,Thermal Coal,70000.0
2023-05-16,RICHARDS_BAY,PARADIP,Thermal Coal,539.4,Thermal Coal,70000.0
2023-05-16,GLADSTONE,PARADIP,Coking Coal,539.4,Coking Coal,70000.0
2023-05-16,HAY_POINT,PARADIP,Coking Coal,539.4,Coking Coal,70000.0
2023-05-16,HAY_POINT,DHAMRA,Coking Coal,539.4,Coking Coal,70000.0
2023-05-16,MAPUTO,VISAKHAPATNAM,Coking Coal,539.4,Coking Coal,70000.0
2023-05-16,NEWCASTLE,DHAMRA,Thermal Coal,539.4,Thermal Coal,70000.0
2023-05-16,BALIKPAPAN,KAMARAJAR,Thermal Coal,539.4,Thermal Coal,70000.0
2023-05-16,TANJUNG_BARA,PARADIP,Thermal Coal,539.4,Thermal Coal,70000.0
2023-05-16,HAY_POINT,VISAKHAPATNAM,Coking Coal,539.4,Coking Coal,70000.0
2023-05-16,TANJUNG_BARA,DHAMRA,Thermal Coal,539.4,Thermal Coal,70000.0
2023-05-17,MAPUTO,VISAKHAPATNAM,Coking Coal,541.5,Coking Coal,70000.0
2023-05-17,HAY_POINT,PARADIP,Coking Coal,541.5,Coking Coal,70000.0
2023-05-17,BALIKPAPAN,KAMARAJAR,Thermal Coal,541.5,Thermal Coal,70000.0
2023-05-17,HAY_POINT,VISAKHAPATNAM,Coking Coal,541.5,Coking Coal,70000.0
2023-05-17,RICHARDS_BAY,PARADIP,Thermal Coal,541.5,Thermal Coal,70000.0
2023-05-17,TANJUNG_BARA,PARADIP,Thermal Coal,541.5,Thermal Coal,70000.0
2023-05-17,GLADSTONE,PARADIP,Coking Coal,541.5,Coking Coal,70000.0
2023-05-17,HAY_POINT,DHAMRA,Coking Coal,541.5,Coking Coal,70000.0
2023-05-17,TANJUNG_BARA,DHAMRA,Thermal Coal,541.5,Thermal Coal,70000.0
2023-05-17,NEWCASTLE,DHAMRA,Thermal Coal,541.5,Thermal Coal,70000.0
2023-05-18,BALIKPAPAN,KAMARAJAR,Thermal Coal,535.4,Thermal Coal,70000.0
2023-05-18,TANJUNG_BARA,DHAMRA,Thermal Coal,535.4,Thermal Coal,70000.0
2023-05-18,HAY_POINT,DHAMRA,Coking Coal,535.4,Coking Coal,70000.0
2023-05-18,MAPUTO,VISAKHAPATNAM,Coking Coal,535.4,Coking Coal,70000.0
2023-05-18,GLADSTONE,PARADIP,Coking Coal,535.4,Coking Coal,70000.0
2023-05-18,HAY_POINT,VISAKHAPATNAM,Coking Coal,535.4,Coking Coal,70000.0
2023-05-18,TANJUNG_BARA,PARADIP,Thermal Coal,535.4,Thermal Coal,70000.0
2023-05-18,RICHARDS_BAY,PARADIP,Thermal Coal,535.4,Thermal Coal,70000.0
2023-05-18,NEWCASTLE,DHAMRA,Thermal Coal,535.4,Thermal Coal,70000.0
2023-05-18,HAY_POINT,PARADIP,Coking Coal,535.4,Coking Coal,70000.0
2023-05-19,MAPUTO,VISAKHAPATNAM,Coking Coal,532.4,Coking Coal,70000.0
2023-05-19,GLADSTONE,PARADIP,Coking Coal,532.4,Coking Coal,70000.0
2023-05-19,TANJUNG_BARA,DHAMRA,Thermal Coal,532.4,Thermal Coal,70000.0
2023-05-19,NEWCASTLE,DHAMRA,Thermal Coal,532.4,Thermal Coal,70000.0
2023-05-19,HAY_POINT,VISAKHAPATNAM,Coking Coal,532.4,Coking Coal,70000.0
2023-05-19,TANJUNG_BARA,PARADIP,Thermal Coal,532.4,Thermal Coal,70000.0
2023-05-19,HAY_POINT,DHAMRA,Coking Coal,532.4,Coking Coal,70000.0
2023-05-19,RICHARDS_BAY,PARADIP,Thermal Coal,532.4,Thermal Coal,70000.0
2023-05-19,BALIKPAPAN,KAMARAJAR,Thermal Coal,532.4,Thermal Coal,70000.0
2023-05-19,HAY_POINT,PARADIP,Coking Coal,532.4,Coking Coal,70000.0
2023-05-20,TANJUNG_BARA,DHAMRA,Thermal Coal,537.1,Thermal Coal,70000.0
2023-05-20,HAY_POINT,VISAKHAPATNAM,Coking Coal,537.1,Coking Coal,70000.0
2023-05-20,HAY_POINT,DHAMRA,Coking Coal,537.1,Coking Coal,70000.0
2023-05-20,RICHARDS_BAY,PARADIP,Thermal Coal,537.1,Thermal Coal,70000.0
2023-05-20,NEWCASTLE,DHAMRA,Thermal Coal,537.1,Thermal Coal,70000.0
2023-05-20,BALIKPAPAN,KAMARAJAR,Thermal Coal,537.1,Thermal Coal,70000.0
2023-05-20,TANJUNG_BARA,PARADIP,Thermal Coal,537.1,Thermal Coal,70000.0
2023-05-20,HAY_POINT,PARADIP,Coking Coal,537.1,Coking Coal,70000.0
2023-05-20,GLADSTONE,PARADIP,Coking Coal,537.1,Coking Coal,70000.0
2023-05-20,MAPUTO,VISAKHAPATNAM,Coking Coal,537.1,Coking Coal,70000.0
2023-05-21,GLADSTONE,PARADIP,Coking Coal,544.1,Coking Coal,70000.0
2023-05-21,MAPUTO,VISAKHAPATNAM,Coking Coal,544.1,Coking Coal,70000.0
2023-05-21,HAY_POINT,VISAKHAPATNAM,Coking Coal,544.1,Coking Coal,70000.0
2023-05-21,TANJUNG_BARA,DHAMRA,Thermal Coal,544.1,Thermal Coal,70000.0
2023-05-21,HAY_POINT,PARADIP,Coking Coal,544.1,Coking Coal,70000.0
2023-05-21,NEWCASTLE,DHAMRA,Thermal Coal,544.1,Thermal Coal,70000.0
2023-05-21,HAY_POINT,DHAMRA,Coking Coal,544.1,Coking Coal,70000.0
2023-05-21,TANJUNG_BARA,PARADIP,Thermal Coal,544.1,Thermal Coal,70000.0
2023-05-21,BALIKPAPAN,KAMARAJAR,Thermal Coal,544.1,Thermal Coal,70000.0
2023-05-21,RICHARDS_BAY,PARADIP,Thermal Coal,544.1,Thermal Coal,70000.0
2023-05-22,HAY_POINT,PARADIP,Coking Coal,546.7,Coking Coal,70000.0
2023-05-22,HAY_POINT,VISAKHAPATNAM,Coking Coal,546.7,Coking Coal,70000.0
2023-05-22,BALIKPAPAN,KAMARAJAR,Thermal Coal,546.7,Thermal Coal,70000.0
2023-05-22,NEWCASTLE,DHAMRA,Thermal Coal,546.7,Thermal Coal,70000.0
2023-05-22,HAY_POINT,DHAMRA,Coking Coal,546.7,Coking Coal,70000.0
2023-05-22,MAPUTO,VISAKHAPATNAM,Coking Coal,546.7,Coking Coal,70000.0
2023-05-22,GLADSTONE,PARADIP,Coking Coal,546.7,Coking Coal,70000.0
2023-05-22,TANJUNG_BARA,DHAMRA,Thermal Coal,546.7,Thermal Coal,70000.0
2023-05-22,RICHARDS_BAY,PARADIP,Thermal Coal,546.7,Thermal Coal,70000.0
2023-05-22,TANJUNG_BARA,PARADIP,Thermal Coal,546.7,Thermal Coal,70000.0
2023-05-23,HAY_POINT,PARADIP,Coking Coal,549.4,Coking Coal,70000.0
2023-05-23,HAY_POINT,DHAMRA,Coking Coal,549.4,Coking Coal,70000.0
2023-05-23,NEWCASTLE,DHAMRA,Thermal Coal,549.4,Thermal Coal,70000.0
2023-05-23,MAPUTO,VISAKHAPATNAM,Coking Coal,549.4,Coking Coal,70000.0
2023-05-23,RICHARDS_BAY,PARADIP,Thermal Coal,549.4,Thermal Coal,70000.0
2023-05-23,GLADSTONE,PARADIP,Coking Coal,549.4,Coking Coal,70000.0
2023-05-23,TANJUNG_BARA,PARADIP,Thermal Coal,549.4,Thermal Coal,70000.0
2023-05-23,HAY_POINT,VISAKHAPATNAM,Coking Coal,549.4,Coking Coal,70000.0
2023-05-23,TANJUNG_BARA,DHAMRA,Thermal Coal,549.4,Thermal Coal,70000.0
2023-05-23,BALIKPAPAN,KAMARAJAR,Thermal Coal,549.4,Thermal Coal,70000.0
2023-05-24,HAY_POINT,VISAKHAPATNAM,Coking Coal,544.7,Coking Coal,70000.0
2023-05-24,MAPUTO,VISAKHAPATNAM,Coking Coal,544.7,Coking Coal,70000.0
2023-05-24,TANJUNG_BARA,DHAMRA,Thermal Coal,544.7,Thermal Coal,70000.0
2023-05-24,TANJUNG_BARA,PARADIP,Thermal Coal,544.7,Thermal Coal,70000.0
2023-05-24,HAY_POINT,PARADIP,Coking Coal,544.7,Coking Coal,70000.0
2023-05-24,GLADSTONE,PARADIP,Coking Coal,544.7,Coking Coal,70000.0
2023-05-24,RICHARDS_BAY,PARADIP,Thermal Coal,544.7,Thermal Coal,70000.0
2023-05-24,NEWCASTLE,DHAMRA,Thermal Coal,544.7,Thermal Coal,70000.0
2023-05-24,HAY_POINT,DHAMRA,Coking Coal,544.7,Coking Coal,70000.0
2023-05-24,BALIKPAPAN,KAMARAJAR,Thermal Coal,544.7,Thermal Coal,70000.0
2023-05-25,TANJUNG_BARA,DHAMRA,Thermal Coal,547.6,Thermal Coal,70000.0
2023-05-25,GLADSTONE,PARADIP,Coking Coal,547.6,Coking Coal,70000.0
2023-05-25,TANJUNG_BARA,PARADIP,Thermal Coal,547.6,Thermal Coal,70000.0
2023-05-25,HAY_POINT,DHAMRA,Coking Coal,547.6,Coking Coal,70000.0
2023-05-25,HAY_POINT,VISAKHAPATNAM,Coking Coal,547.6,Coking Coal,70000.0
2023-05-25,MAPUTO,VISAKHAPATNAM,Coking Coal,547.6,Coking Coal,70000.0
2023-05-25,NEWCASTLE,DHAMRA,Thermal Coal,547.6,Thermal Coal,70000.0
2023-05-25,RICHARDS_BAY,PARADIP,Thermal Coal,547.6,Thermal Coal,70000.0
2023-05-25,BALIKPAPAN,KAMARAJAR,Thermal Coal,547.6,Thermal Coal,70000.0
2023-05-25,HAY_POINT,PARADIP,Coking Coal,547.6,Coking Coal,70000.0
2023-05-26,HAY_POINT,VISAKHAPATNAM,Coking Coal,554.1,Coking Coal,70000.0
2023-05-26,NEWCASTLE,DHAMRA,Thermal Coal,554.1,Thermal Coal,70000.0
2023-05-26,HAY_POINT,PARADIP,Coking Coal,554.1,Coking Coal,70000.0
2023-05-26,GLADSTONE,PARADIP,Coking Coal,554.1,Coking Coal,70000.0
2023-05-26,BALIKPAPAN,KAMARAJAR,Thermal Coal,554.1,Thermal Coal,70000.0
2023-05-26,TANJUNG_BARA,PARADIP,Thermal Coal,554.1,Thermal Coal,70000.0
2023-05-26,RICHARDS_BAY,PARADIP,Thermal Coal,554.1,Thermal Coal,70000.0
2023-05-26,MAPUTO,VISAKHAPATNAM,Coking Coal,554.1,Coking Coal,70000.0
2023-05-26,HAY_POINT,DHAMRA,Coking Coal,554.1,Coking Coal,70000.0
2023-05-26,TANJUNG_BARA,DHAMRA,Thermal Coal,554.1,Thermal Coal,70000.0
2023-05-27,TANJUNG_BARA,DHAMRA,Thermal Coal,553.9,Thermal Coal,70000.0
2023-05-27,HAY_POINT,VISAKHAPATNAM,Coking Coal,553.9,Coking Coal,70000.0
2023-05-27,NEWCASTLE,DHAMRA,Thermal Coal,553.9,Thermal Coal,70000.0
2023-05-27,GLADSTONE,PARADIP,Coking Coal,553.9,Coking Coal,70000.0
2023-05-27,RICHARDS_BAY,PARADIP,Thermal Coal,553.9,Thermal Coal,70000.0
2023-05-27,HAY_POINT,PARADIP,Coking Coal,553.9,Coking Coal,70000.0
2023-05-27,HAY_POINT,DHAMRA,Coking Coal,553.9,Coking Coal,70000.0
2023-05-27,TANJUNG_BARA,PARADIP,Thermal Coal,553.9,Thermal Coal,70000.0
2023-05-27,BALIKPAPAN,KAMARAJAR,Thermal Coal,553.9,Thermal Coal,70000.0
2023-05-27,MAPUTO,VISAKHAPATNAM,Coking Coal,553.9,Coking Coal,70000.0
2023-05-28,RICHARDS_BAY,PARADIP,Thermal Coal,545.6,Thermal Coal,70000.0
2023-05-28,HAY_POINT,PARADIP,Coking Coal,545.6,Coking Coal,70000.0
2023-05-28,HAY_POINT,DHAMRA,Coking Coal,545.6,Coking Coal,70000.0
2023-05-28,TANJUNG_BARA,PARADIP,Thermal Coal,545.6,Thermal Coal,70000.0
2023-05-28,HAY_POINT,VISAKHAPATNAM,Coking Coal,545.6,Coking Coal,70000.0
2023-05-28,GLADSTONE,PARADIP,Coking Coal,545.6,Coking Coal,70000.0
2023-05-28,NEWCASTLE,DHAMRA,Thermal Coal,545.6,Thermal Coal,70000.0
2023-05-28,BALIKPAPAN,KAMARAJAR,Thermal Coal,545.6,Thermal Coal,70000.0
2023-05-28,TANJUNG_BARA,DHAMRA,Thermal Coal,545.6,Thermal Coal,70000.0
2023-05-28,MAPUTO,VISAKHAPATNAM,Coking Coal,545.6,Coking Coal,70000.0
2023-05-29,TANJUNG_BARA,DHAMRA,Thermal Coal,548.3,Thermal Coal,70000.0
2023-05-29,BALIKPAPAN,KAMARAJAR,Thermal Coal,548.3,Thermal Coal,70000.0
2023-05-29,RICHARDS_BAY,PARADIP,Thermal Coal,548.3,Thermal Coal,70000.0
2023-05-29,NEWCASTLE,DHAMRA,Thermal Coal,548.3,Thermal Coal,70000.0
2023-05-29,HAY_POINT,PARADIP,Coking Coal,548.3,Coking Coal,70000.0
2023-05-29,TANJUNG_BARA,PARADIP,Thermal Coal,548.3,Thermal Coal,70000.0
2023-05-29,MAPUTO,VISAKHAPATNAM,Coking Coal,548.3,Coking Coal,70000.0
2023-05-29,HAY_POINT,DHAMRA,Coking Coal,548.3,Coking Coal,70000.0
2023-05-29,HAY_POINT,VISAKHAPATNAM,Coking Coal,548.3,Coking Coal,70000.0
2023-05-29,GLADSTONE,PARADIP,Coking Coal,548.3,Coking Coal,70000.0
2023-05-30,HAY_POINT,VISAKHAPATNAM,Coking Coal,546.2,Coking Coal,70000.0
2023-05-30,MAPUTO,VISAKHAPATNAM,Coking Coal,546.2,Coking Coal,70000.0
2023-05-30,TANJUNG_BARA,DHAMRA,Thermal Coal,546.2,Thermal Coal,70000.0
2023-05-30,TANJUNG_BARA,PARADIP,Thermal Coal,546.2,Thermal Coal,70000.0
2023-05-30,BALIKPAPAN,KAMARAJAR,Thermal Coal,546.2,Thermal Coal,70000.0
2023-05-30,GLADSTONE,PARADIP,Coking Coal,546.2,Coking Coal,70000.0
2023-05-30,RICHARDS_BAY,PARADIP,Thermal Coal,546.2,Thermal Coal,70000.0
2023-05-30,HAY_POINT,DHAMRA,Coking Coal,546.2,Coking Coal,70000.0
2023-05-30,NEWCASTLE,DHAMRA,Thermal Coal,546.2,Thermal Coal,70000.0
2023-05-30,HAY_POINT,PARADIP,Coking Coal,546.2,Coking Coal,70000.0
2023-05-31,RICHARDS_BAY,PARADIP,Thermal Coal,550.0,Thermal Coal,70000.0
2023-05-31,NEWCASTLE,DHAMRA,Thermal Coal,550.0,Thermal Coal,70000.0
2023-05-31,BALIKPAPAN,KAMARAJAR,Thermal Coal,550.0,Thermal Coal,70000.0
2023-05-31,TANJUNG_BARA,DHAMRA,Thermal Coal,550.0,Thermal Coal,70000.0
2023-05-31,HAY_POINT,DHAMRA,Coking Coal,550.0,Coking Coal,70000.0
2023-05-31,MAPUTO,VISAKHAPATNAM,Coking Coal,550.0,Coking Coal,70000.0
2023-05-31,TANJUNG_BARA,PARADIP,Thermal Coal,550.0,Thermal Coal,70000.0
2023-05-31,HAY_POINT,VISAKHAPATNAM,Coking Coal,550.0,Coking Coal,70000.0
2023-05-31,HAY_POINT,PARADIP,Coking Coal,550.0,Coking Coal,70000.0
2023-05-31,GLADSTONE,PARADIP,Coking Coal,550.0,Coking Coal,70000.0
2023-06-01,NEWCASTLE,DHAMRA,Thermal Coal,547.9,Thermal Coal,70000.0
2023-06-01,TANJUNG_BARA,DHAMRA,Thermal Coal,547.9,Thermal Coal,70000.0
2023-06-01,HAY_POINT,DHAMRA,Coking Coal,547.9,Coking Coal,70000.0
2023-06-01,HAY_POINT,VISAKHAPATNAM,Coking Coal,547.9,Coking Coal,70000.0
2023-06-01,MAPUTO,VISAKHAPATNAM,Coking Coal,547.9,Coking Coal,70000.0
2023-06-01,HAY_POINT,PARADIP,Coking Coal,547.9,Coking Coal,70000.0
2023-06-01,TANJUNG_BARA,PARADIP,Thermal Coal,547.9,Thermal Coal,70000.0
2023-06-01,BALIKPAPAN,KAMARAJAR,Thermal Coal,547.9,Thermal Coal,70000.0
2023-06-01,RICHARDS_BAY,PARADIP,Thermal Coal,547.9,Thermal Coal,70000.0
2023-06-01,GLADSTONE,PARADIP,Coking Coal,547.9,Coking Coal,70000.0
2023-06-02,RICHARDS_BAY,PARADIP,Thermal Coal,543.8,Thermal Coal,70000.0
2023-06-02,TANJUNG_BARA,PARADIP,Thermal Coal,543.8,Thermal Coal,70000.0
2023-06-02,HAY_POINT,VISAKHAPATNAM,Coking Coal,543.8,Coking Coal,70000.0
2023-06-02,NEWCASTLE,DHAMRA,Thermal Coal,543.8,Thermal Coal,70000.0
2023-06-02,TANJUNG_BARA,DHAMRA,Thermal Coal,543.8,Thermal Coal,70000.0
2023-06-02,GLADSTONE,PARADIP,Coking Coal,543.8,Coking Coal,70000.0
2023-06-02,HAY_POINT,PARADIP,Coking Coal,543.8,Coking Coal,70000.0
2023-06-02,HAY_POINT,DHAMRA,Coking Coal,543.8,Coking Coal,70000.0
2023-06-02,MAPUTO,VISAKHAPATNAM,Coking Coal,543.8,Coking Coal,70000.0
2023-06-02,BALIKPAPAN,KAMARAJAR,Thermal Coal,543.8,Thermal Coal,70000.0
2023-06-03,HAY_POINT,DHAMRA,Coking Coal,551.6,Coking Coal,70000.0
2023-06-03,HAY_POINT,PARADIP,Coking Coal,551.6,Coking Coal,70000.0
2023-06-03,NEWCASTLE,DHAMRA,Thermal Coal,551.6,Thermal Coal,70000.0
2023-06-03,MAPUTO,VISAKHAPATNAM,Coking Coal,551.6,Coking Coal,70000.0
2023-06-03,HAY_POINT,VISAKHAPATNAM,Coking Coal,551.6,Coking Coal,70000.0
2023-06-03,TANJUNG_BARA,DHAMRA,Thermal Coal,551.6,Thermal Coal,70000.0
2023-06-03,TANJUNG_BARA,PARADIP,Thermal Coal,551.6,Thermal Coal,70000.0
2023-06-03,RICHARDS_BAY,PARADIP,Thermal Coal,551.6,Thermal Coal,70000.0
2023-06-03,BALIKPAPAN,KAMARAJAR,Thermal Coal,551.6,Thermal Coal,70000.0
2023-06-03,GLADSTONE,PARADIP,Coking Coal,551.6,Coking Coal,70000.0
2023-06-04,TANJUNG_BARA,PARADIP,Thermal Coal,552.5,Thermal Coal,70000.0
2023-06-04,TANJUNG_BARA,DHAMRA,Thermal Coal,552.5,Thermal Coal,70000.0
2023-06-04,HAY_POINT,DHAMRA,Coking Coal,552.5,Coking Coal,70000.0
2023-06-04,RICHARDS_BAY,PARADIP,Thermal Coal,552.5,Thermal Coal,70000.0
2023-06-04,HAY_POINT,PARADIP,Coking Coal,552.5,Coking Coal,70000.0
2023-06-04,HAY_POINT,VISAKHAPATNAM,Coking Coal,552.5,Coking Coal,70000.0
2023-06-04,NEWCASTLE,DHAMRA,Thermal Coal,552.5,Thermal Coal,70000.0
2023-06-04,GLADSTONE,PARADIP,Coking Coal,552.5,Coking Coal,70000.0
2023-06-04,BALIKPAPAN,KAMARAJAR,Thermal Coal,552.5,Thermal Coal,70000.0
2023-06-04,MAPUTO,VISAKHAPATNAM,Coking Coal,552.5,Coking Coal,70000.0
2023-06-05,TANJUNG_BARA,DHAMRA,Thermal Coal,554.9,Thermal Coal,70000.0
2023-06-05,HAY_POINT,DHAMRA,Coking Coal,554.9,Coking Coal,70000.0
2023-06-05,NEWCASTLE,DHAMRA,Thermal Coal,554.9,Thermal Coal,70000.0
2023-06-05,RICHARDS_BAY,PARADIP,Thermal Coal,554.9,Thermal Coal,70000.0
2023-06-05,TANJUNG_BARA,PARADIP,Thermal Coal,554.9,Thermal Coal,70000.0
2023-06-05,GLADSTONE,PARADIP,Coking Coal,554.9,Coking Coal,70000.0
2023-06-05,HAY_POINT,PARADIP,Coking Coal,554.9,Coking Coal,70000.0
2023-06-05,MAPUTO,VISAKHAPATNAM,Coking Coal,554.9,Coking Coal,70000.0
2023-06-05,BALIKPAPAN,KAMARAJAR,Thermal Coal,554.9,Thermal Coal,70000.0
2023-06-05,HAY_POINT,VISAKHAPATNAM,Coking Coal,554.9,Coking Coal,70000.0
2023-06-06,GLADSTONE,PARADIP,Coking Coal,552.6,Coking Coal,70000.0
2023-06-06,TANJUNG_BARA,DHAMRA,Thermal Coal,552.6,Thermal Coal,70000.0
2023-06-06,HAY_POINT,PARADIP,Coking Coal,552.6,Coking Coal,70000.0
2023-06-06,HAY_POINT,DHAMRA,Coking Coal,552.6,Coking Coal,70000.0
2023-06-06,NEWCASTLE,DHAMRA,Thermal Coal,552.6,Thermal Coal,70000.0
2023-06-06,RICHARDS_BAY,PARADIP,Thermal Coal,552.6,Thermal Coal,70000.0
2023-06-06,HAY_POINT,VISAKHAPATNAM,Coking Coal,552.6,Coking Coal,70000.0
2023-06-06,MAPUTO,VISAKHAPATNAM,Coking Coal,552.6,Coking Coal,70000.0
2023-06-06,BALIKPAPAN,KAMARAJAR,Thermal Coal,552.6,Thermal Coal,70000.0
2023-06-06,TANJUNG_BARA,PARADIP,Thermal Coal,552.6,Thermal Coal,70000.0
2023-06-07,HAY_POINT,VISAKHAPATNAM,Coking Coal,546.6,Coking Coal,70000.0
2023-06-07,RICHARDS_BAY,PARADIP,Thermal Coal,546.6,Thermal Coal,70000.0
2023-06-07,GLADSTONE,PARADIP,Coking Coal,546.6,Coking Coal,70000.0
2023-06-07,BALIKPAPAN,KAMARAJAR,Thermal Coal,546.6,Thermal Coal,70000.0
2023-06-07,MAPUTO,VISAKHAPATNAM,Coking Coal,546.6,Coking Coal,70000.0
2023-06-07,TANJUNG_BARA,DHAMRA,Thermal Coal,546.6,Thermal Coal,70000.0
2023-06-07,HAY_POINT,DHAMRA,Coking Coal,546.6,Coking Coal,70000.0
2023-06-07,NEWCASTLE,DHAMRA,Thermal Coal,546.6,Thermal Coal,70000.0
2023-06-07,HAY_POINT,PARADIP,Coking Coal,546.6,Coking Coal,70000.0
2023-06-07,TANJUNG_BARA,PARADIP,Thermal Coal,546.6,Thermal Coal,70000.0
2023-06-08,HAY_POINT,VISAKHAPATNAM,Coking Coal,545.6,Coking Coal,70000.0
2023-06-08,HAY_POINT,DHAMRA,Coking Coal,545.6,Coking Coal,70000.0
2023-06-08,TANJUNG_BARA,PARADIP,Thermal Coal,545.6,Thermal Coal,70000.0
2023-06-08,NEWCASTLE,DHAMRA,Thermal Coal,545.6,Thermal Coal,70000.0
2023-06-08,BALIKPAPAN,KAMARAJAR,Thermal Coal,545.6,Thermal Coal,70000.0
2023-06-08,MAPUTO,VISAKHAPATNAM,Coking Coal,545.6,Coking Coal,70000.0
2023-06-08,GLADSTONE,PARADIP,Coking Coal,545.6,Coking Coal,70000.0
2023-06-08,RICHARDS_BAY,PARADIP,Thermal Coal,545.6,Thermal Coal,70000.0
2023-06-08,TANJUNG_BARA,DHAMRA,Thermal Coal,545.6,Thermal Coal,70000.0
2023-06-08,HAY_POINT,PARADIP,Coking Coal,545.6,Coking Coal,70000.0
2023-06-09,TANJUNG_BARA,DHAMRA,Thermal Coal,557.9,Thermal Coal,70000.0
2023-06-09,BALIKPAPAN,KAMARAJAR,Thermal Coal,557.9,Thermal Coal,70000.0
2023-06-09,HAY_POINT,PARADIP,Coking Coal,557.9,Coking Coal,70000.0
2023-06-09,RICHARDS_BAY,PARADIP,Thermal Coal,557.9,Thermal Coal,70000.0
2023-06-09,HAY_POINT,VISAKHAPATNAM,Coking Coal,557.9,Coking Coal,70000.0
2023-06-09,HAY_POINT,DHAMRA,Coking Coal,557.9,Coking Coal,70000.0
2023-06-09,GLADSTONE,PARADIP,Coking Coal,557.9,Coking Coal,70000.0
2023-06-09,NEWCASTLE,DHAMRA,Thermal Coal,557.9,Thermal Coal,70000.0
2023-06-09,MAPUTO,VISAKHAPATNAM,Coking Coal,557.9,Coking Coal,70000.0
2023-06-09,TANJUNG_BARA,PARADIP,Thermal Coal,557.9,Thermal Coal,70000.0
2023-06-10,BALIKPAPAN,KAMARAJAR,Thermal Coal,554.1,Thermal Coal,70000.0
2023-06-10,RICHARDS_BAY,PARADIP,Thermal Coal,554.1,Thermal Coal,70000.0
2023-06-10,NEWCASTLE,DHAMRA,Thermal Coal,554.1,Thermal Coal,70000.0
2023-06-10,MAPUTO,VISAKHAPATNAM,Coking Coal,554.1,Coking Coal,70000.0
2023-06-10,HAY_POINT,VISAKHAPATNAM,Coking Coal,554.1,Coking Coal,70000.0
2023-06-10,GLADSTONE,PARADIP,Coking Coal,554.1,Coking Coal,70000.0
2023-06-10,HAY_POINT,PARADIP,Coking Coal,554.1,Coking Coal,70000.0
2023-06-10,HAY_POINT,DHAMRA,Coking Coal,554.1,Coking Coal,70000.0
2023-06-10,TANJUNG_BARA,PARADIP,Thermal Coal,554.1,Thermal Coal,70000.0
2023-06-10,TANJUNG_BARA,DHAMRA,Thermal Coal,554.1,Thermal Coal,70000.0
2023-06-11,NEWCASTLE,DHAMRA,Thermal Coal,551.0,Thermal Coal,70000.0
2023-06-11,HAY_POINT,DHAMRA,Coking Coal,551.0,Coking Coal,70000.0
2023-06-11,GLADSTONE,PARADIP,Coking Coal,551.0,Coking Coal,70000.0
2023-06-11,TANJUNG_BARA,DHAMRA,Thermal Coal,551.0,Thermal Coal,70000.0
2023-06-11,MAPUTO,VISAKHAPATNAM,Coking Coal,551.0,Coking Coal,70000.0
2023-06-11,HAY_POINT,VISAKHAPATNAM,Coking Coal,551.0,Coking Coal,70000.0
2023-06-11,HAY_POINT,PARADIP,Coking Coal,551.0,Coking Coal,70000.0
2023-06-11,BALIKPAPAN,KAMARAJAR,Thermal Coal,551.0,Thermal Coal,70000.0
2023-06-11,TANJUNG_BARA,PARADIP,Thermal Coal,551.0,Thermal Coal,70000.0
2023-06-11,RICHARDS_BAY,PARADIP,Thermal Coal,551.0,Thermal Coal,70000.0
2023-06-12,NEWCASTLE,DHAMRA,Thermal Coal,546.7,Thermal Coal,70000.0
2023-06-12,BALIKPAPAN,KAMARAJAR,Thermal Coal,546.7,Thermal Coal,70000.0
2023-06-12,TANJUNG_BARA,PARADIP,Thermal Coal,546.7,Thermal Coal,70000.0
2023-06-12,RICHARDS_BAY,PARADIP,Thermal Coal,546.7,Thermal Coal,70000.0
2023-06-12,HAY_POINT,DHAMRA,Coking Coal,546.7,Coking Coal,70000.0
2023-06-12,HAY_POINT,VISAKHAPATNAM,Coking Coal,546.7,Coking Coal,70000.0
2023-06-12,GLADSTONE,PARADIP,Coking Coal,546.7,Coking Coal,70000.0
2023-06-12,MAPUTO,VISAKHAPATNAM,Coking Coal,546.7,Coking Coal,70000.0
2023-06-12,TANJUNG_BARA,DHAMRA,Thermal Coal,546.7,Thermal Coal,70000.0
2023-06-12,HAY_POINT,PARADIP,Coking Coal,546.7,Coking Coal,70000.0
2023-06-13,RICHARDS_BAY,PARADIP,Thermal Coal,546.7,Thermal Coal,70000.0
2023-06-13,TANJUNG_BARA,DHAMRA,Thermal Coal,546.7,Thermal Coal,70000.0
2023-06-13,TANJUNG_BARA,PARADIP,Thermal Coal,546.7,Thermal Coal,70000.0
2023-06-13,NEWCASTLE,DHAMRA,Thermal Coal,546.7,Thermal Coal,70000.0
2023-06-13,MAPUTO,VISAKHAPATNAM,Coking Coal,546.7,Coking Coal,70000.0
2023-06-13,GLADSTONE,PARADIP,Coking Coal,546.7,Coking Coal,70000.0
2023-06-13,BALIKPAPAN,KAMARAJAR,Thermal Coal,546.7,Thermal Coal,70000.0
2023-06-13,HAY_POINT,PARADIP,Coking Coal,546.7,Coking Coal,70000.0
2023-06-13,HAY_POINT,DHAMRA,Coking Coal,546.7,Coking Coal,70000.0
2023-06-13,HAY_POINT,VISAKHAPATNAM,Coking Coal,546.7,Coking Coal,70000.0
2023-06-14,MAPUTO,VISAKHAPATNAM,Coking Coal,543.2,Coking Coal,70000.0
2023-06-14,TANJUNG_BARA,DHAMRA,Thermal Coal,543.2,Thermal Coal,70000.0
2023-06-14,NEWCASTLE,DHAMRA,Thermal Coal,543.2,Thermal Coal,70000.0
2023-06-14,HAY_POINT,DHAMRA,Coking Coal,543.2,Coking Coal,70000.0
2023-06-14,HAY_POINT,PARADIP,Coking Coal,543.2,Coking Coal,70000.0
2023-06-14,TANJUNG_BARA,PARADIP,Thermal Coal,543.2,Thermal Coal,70000.0
2023-06-14,GLADSTONE,PARADIP,Coking Coal,543.2,Coking Coal,70000.0
2023-06-14,HAY_POINT,VISAKHAPATNAM,Coking Coal,543.2,Coking Coal,70000.0
2023-06-14,BALIKPAPAN,KAMARAJAR,Thermal Coal,543.2,Thermal Coal,70000.0
2023-06-14,RICHARDS_BAY,PARADIP,Thermal Coal,543.2,Thermal Coal,70000.0
2023-06-15,TANJUNG_BARA,DHAMRA,Thermal Coal,539.1,Thermal Coal,70000.0
2023-06-15,GLADSTONE,PARADIP,Coking Coal,539.1,Coking Coal,70000.0
2023-06-15,HAY_POINT,DHAMRA,Coking Coal,539.1,Coking Coal,70000.0
2023-06-15,HAY_POINT,PARADIP,Coking Coal,539.1,Coking Coal,70000.0
2023-06-15,NEWCASTLE,DHAMRA,Thermal Coal,539.1,Thermal Coal,70000.0
2023-06-15,BALIKPAPAN,KAMARAJAR,Thermal Coal,539.1,Thermal Coal,70000.0
2023-06-15,HAY_POINT,VISAKHAPATNAM,Coking Coal,539.1,Coking Coal,70000.0
2023-06-15,TANJUNG_BARA,PARADIP,Thermal Coal,539.1,Thermal Coal,70000.0
2023-06-15,MAPUTO,VISAKHAPATNAM,Coking Coal,539.1,Coking Coal,70000.0
2023-06-15,RICHARDS_BAY,PARADIP,Thermal Coal,539.1,Thermal Coal,70000.0
2023-06-16,HAY_POINT,DHAMRA,Coking Coal,533.6,Coking Coal,70000.0
2023-06-16,TANJUNG_BARA,DHAMRA,Thermal Coal,533.6,Thermal Coal,70000.0
2023-06-16,TANJUNG_BARA,PARADIP,Thermal Coal,533.6,Thermal Coal,70000.0
2023-06-16,GLADSTONE,PARADIP,Coking Coal,533.6,Coking Coal,70000.0
2023-06-16,NEWCASTLE,DHAMRA,Thermal Coal,533.6,Thermal Coal,70000.0
2023-06-16,MAPUTO,VISAKHAPATNAM,Coking Coal,533.6,Coking Coal,70000.0
2023-06-16,HAY_POINT,PARADIP,Coking Coal,533.6,Coking Coal,70000.0
2023-06-16,BALIKPAPAN,KAMARAJAR,Thermal Coal,533.6,Thermal Coal,70000.0
2023-06-16,HAY_POINT,VISAKHAPATNAM,Coking Coal,533.6,Coking Coal,70000.0
2023-06-16,RICHARDS_BAY,PARADIP,Thermal Coal,533.6,Thermal Coal,70000.0
2023-06-17,GLADSTONE,PARADIP,Coking Coal,528.0,Coking Coal,70000.0
2023-06-17,TANJUNG_BARA,DHAMRA,Thermal Coal,528.0,Thermal Coal,70000.0
2023-06-17,BALIKPAPAN,KAMARAJAR,Thermal Coal,528.0,Thermal Coal,70000.0
2023-06-17,NEWCASTLE,DHAMRA,Thermal Coal,528.0,Thermal Coal,70000.0
2023-06-17,MAPUTO,VISAKHAPATNAM,Coking Coal,528.0,Coking Coal,70000.0
2023-06-17,HAY_POINT,PARADIP,Coking Coal,528.0,Coking Coal,70000.0
2023-06-17,TANJUNG_BARA,PARADIP,Thermal Coal,528.0,Thermal Coal,70000.0
2023-06-17,HAY_POINT,VISAKHAPATNAM,Coking Coal,528.0,Coking Coal,70000.0
2023-06-17,HAY_POINT,DHAMRA,Coking Coal,528.0,Coking Coal,70000.0
2023-06-17,RICHARDS_BAY,PARADIP,Thermal Coal,528.0,Thermal Coal,70000.0
2023-06-18,RICHARDS_BAY,PARADIP,Thermal Coal,526.0,Thermal Coal,70000.0
2023-06-18,BALIKPAPAN,KAMARAJAR,Thermal Coal,526.0,Thermal Coal,70000.0
2023-06-18,GLADSTONE,PARADIP,Coking Coal,526.0,Coking Coal,70000.0
2023-06-18,TANJUNG_BARA,PARADIP,Thermal Coal,526.0,Thermal Coal,70000.0
2023-06-18,HAY_POINT,VISAKHAPATNAM,Coking Coal,526.0,Coking Coal,70000.0
2023-06-18,TANJUNG_BARA,DHAMRA,Thermal Coal,526.0,Thermal Coal,70000.0
2023-06-18,HAY_POINT,DHAMRA,Coking Coal,526.0,Coking Coal,70000.0
2023-06-18,HAY_POINT,PARADIP,Coking Coal,526.0,Coking Coal,70000.0
2023-06-18,NEWCASTLE,DHAMRA,Thermal Coal,526.0,Thermal Coal,70000.0
2023-06-18,MAPUTO,VISAKHAPATNAM,Coking Coal,526.0,Coking Coal,70000.0
2023-06-19,HAY_POINT,DHAMRA,Coking Coal,526.2,Coking Coal,70000.0
2023-06-19,HAY_POINT,VISAKHAPATNAM,Coking Coal,526.2,Coking Coal,70000.0
2023-06-19,MAPUTO,VISAKHAPATNAM,Coking Coal,526.2,Coking Coal,70000.0
2023-06-19,TANJUNG_BARA,PARADIP,Thermal Coal,526.2,Thermal Coal,70000.0
2023-06-19,HAY_POINT,PARADIP,Coking Coal,526.2,Coking Coal,70000.0
2023-06-19,GLADSTONE,PARADIP,Coking Coal,526.2,Coking Coal,70000.0
2023-06-19,NEWCASTLE,DHAMRA,Thermal Coal,526.2,Thermal Coal,70000.0
2023-06-19,RICHARDS_BAY,PARADIP,Thermal Coal,526.2,Thermal Coal,70000.0
2023-06-19,BALIKPAPAN,KAMARAJAR,Thermal Coal,526.2,Thermal Coal,70000.0
2023-06-19,TANJUNG_BARA,DHAMRA,Thermal Coal,526.2,Thermal Coal,70000.0
2023-06-20,HAY_POINT,DHAMRA,Coking Coal,526.0,Coking Coal,70000.0
2023-06-20,RICHARDS_BAY,PARADIP,Thermal Coal,526.0,Thermal Coal,70000.0
2023-06-20,NEWCASTLE,DHAMRA,Thermal Coal,526.0,Thermal Coal,70000.0
2023-06-20,HAY_POINT,PARADIP,Coking Coal,526.0,Coking Coal,70000.0
2023-06-20,MAPUTO,VISAKHAPATNAM,Coking Coal,526.0,Coking Coal,70000.0
2023-06-20,TANJUNG_BARA,DHAMRA,Thermal Coal,526.0,Thermal Coal,70000.0
2023-06-20,TANJUNG_BARA,PARADIP,Thermal Coal,526.0,Thermal Coal,70000.0
2023-06-20,BALIKPAPAN,KAMARAJAR,Thermal Coal,526.0,Thermal Coal,70000.0
2023-06-20,HAY_POINT,VISAKHAPATNAM,Coking Coal,526.0,Coking Coal,70000.0
2023-06-20,GLADSTONE,PARADIP,Coking Coal,526.0,Coking Coal,70000.0
2023-06-21,RICHARDS_BAY,PARADIP,Thermal Coal,523.7,Thermal Coal,70000.0
2023-06-21,NEWCASTLE,DHAMRA,Thermal Coal,523.7,Thermal Coal,70000.0
2023-06-21,HAY_POINT,DHAMRA,Coking Coal,523.7,Coking Coal,70000.0
2023-06-21,TANJUNG_BARA,PARADIP,Thermal Coal,523.7,Thermal Coal,70000.0
2023-06-21,BALIKPAPAN,KAMARAJAR,Thermal Coal,523.7,Thermal Coal,70000.0
2023-06-21,MAPUTO,VISAKHAPATNAM,Coking Coal,523.7,Coking Coal,70000.0
2023-06-21,GLADSTONE,PARADIP,Coking Coal,523.7,Coking Coal,70000.0
2023-06-21,HAY_POINT,PARADIP,Coking Coal,523.7,Coking Coal,70000.0
2023-06-21,TANJUNG_BARA,DHAMRA,Thermal Coal,523.7,Thermal Coal,70000.0
2023-06-21,HAY_POINT,VISAKHAPATNAM,Coking Coal,523.7,Coking Coal,70000.0
2023-06-22,HAY_POINT,VISAKHAPATNAM,Coking Coal,519.8,Coking Coal,70000.0
2023-06-22,GLADSTONE,PARADIP,Coking Coal,519.8,Coking Coal,70000.0
2023-06-22,BALIKPAPAN,KAMARAJAR,Thermal Coal,519.8,Thermal Coal,70000.0
2023-06-22,NEWCASTLE,DHAMRA,Thermal Coal,519.8,Thermal Coal,70000.0
2023-06-22,TANJUNG_BARA,PARADIP,Thermal Coal,519.8,Thermal Coal,70000.0
2023-06-22,RICHARDS_BAY,PARADIP,Thermal Coal,519.8,Thermal Coal,70000.0
2023-06-22,MAPUTO,VISAKHAPATNAM,Coking Coal,519.8,Coking Coal,70000.0
2023-06-22,HAY_POINT,DHAMRA,Coking Coal,519.8,Coking Coal,70000.0
2023-06-22,HAY_POINT,PARADIP,Coking Coal,519.8,Coking Coal,70000.0
2023-06-22,TANJUNG_BARA,DHAMRA,Thermal Coal,519.8,Thermal Coal,70000.0
2023-06-23,HAY_POINT,PARADIP,Coking Coal,513.1,Coking Coal,70000.0
2023-06-23,HAY_POINT,DHAMRA,Coking Coal,513.1,Coking Coal,70000.0
2023-06-23,NEWCASTLE,DHAMRA,Thermal Coal,513.1,Thermal Coal,70000.0
2023-06-23,GLADSTONE,PARADIP,Coking Coal,513.1,Coking Coal,70000.0
2023-06-23,TANJUNG_BARA,PARADIP,Thermal Coal,513.1,Thermal Coal,70000.0
2023-06-23,TANJUNG_BARA,DHAMRA,Thermal Coal,513.1,Thermal Coal,70000.0
2023-06-23,MAPUTO,VISAKHAPATNAM,Coking Coal,513.1,Coking Coal,70000.0
2023-06-23,HAY_POINT,VISAKHAPATNAM,Coking Coal,513.1,Coking Coal,70000.0
2023-06-23,RICHARDS_BAY,PARADIP,Thermal Coal,513.1,Thermal Coal,70000.0
2023-06-23,BALIKPAPAN,KAMARAJAR,Thermal Coal,513.1,Thermal Coal,70000.0
2023-06-24,TANJUNG_BARA,DHAMRA,Thermal Coal,515.4,Thermal Coal,70000.0
2023-06-24,GLADSTONE,PARADIP,Coking Coal,515.4,Coking Coal,70000.0
2023-06-24,MAPUTO,VISAKHAPATNAM,Coking Coal,515.4,Coking Coal,70000.0
2023-06-24,HAY_POINT,PARADIP,Coking Coal,515.4,Coking Coal,70000.0
2023-06-24,HAY_POINT,VISAKHAPATNAM,Coking Coal,515.4,Coking Coal,70000.0
2023-06-24,RICHARDS_BAY,PARADIP,Thermal Coal,515.4,Thermal Coal,70000.0
2023-06-24,HAY_POINT,DHAMRA,Coking Coal,515.4,Coking Coal,70000.0
2023-06-24,TANJUNG_BARA,PARADIP,Thermal Coal,515.4,Thermal Coal,70000.0
2023-06-24,BALIKPAPAN,KAMARAJAR,Thermal Coal,515.4,Thermal Coal,70000.0
2023-06-24,NEWCASTLE,DHAMRA,Thermal Coal,515.4,Thermal Coal,70000.0
2023-06-25,NEWCASTLE,DHAMRA,Thermal Coal,508.9,Thermal Coal,70000.0
2023-06-25,GLADSTONE,PARADIP,Coking Coal,508.9,Coking Coal,70000.0
2023-06-25,TANJUNG_BARA,DHAMRA,Thermal Coal,508.9,Thermal Coal,70000.0
2023-06-25,MAPUTO,VISAKHAPATNAM,Coking Coal,508.9,Coking Coal,70000.0
2023-06-25,BALIKPAPAN,KAMARAJAR,Thermal Coal,508.9,Thermal Coal,70000.0
2023-06-25,HAY_POINT,VISAKHAPATNAM,Coking Coal,508.9,Coking Coal,70000.0
2023-06-25,RICHARDS_BAY,PARADIP,Thermal Coal,508.9,Thermal Coal,70000.0
2023-06-25,HAY_POINT,PARADIP,Coking Coal,508.9,Coking Coal,70000.0
2023-06-25,TANJUNG_BARA,PARADIP,Thermal Coal,508.9,Thermal Coal,70000.0
2023-06-25,HAY_POINT,DHAMRA,Coking Coal,508.9,Coking Coal,70000.0
2023-06-26,HAY_POINT,DHAMRA,Coking Coal,505.3,Coking Coal,70000.0
2023-06-26,NEWCASTLE,DHAMRA,Thermal Coal,505.3,Thermal Coal,70000.0
2023-06-26,TANJUNG_BARA,DHAMRA,Thermal Coal,505.3,Thermal Coal,70000.0
2023-06-26,RICHARDS_BAY,PARADIP,Thermal Coal,505.3,Thermal Coal,70000.0
2023-06-26,MAPUTO,VISAKHAPATNAM,Coking Coal,505.3,Coking Coal,70000.0
2023-06-26,GLADSTONE,PARADIP,Coking Coal,505.3,Coking Coal,70000.0
2023-06-26,TANJUNG_BARA,PARADIP,Thermal Coal,505.3,Thermal Coal,70000.0
2023-06-26,BALIKPAPAN,KAMARAJAR,Thermal Coal,505.3,Thermal Coal,70000.0
2023-06-26,HAY_POINT,PARADIP,Coking Coal,505.3,Coking Coal,70000.0
2023-06-26,HAY_POINT,VISAKHAPATNAM,Coking Coal,505.3,Coking Coal,70000.0
2023-06-27,HAY_POINT,PARADIP,Coking Coal,505.0,Coking Coal,70000.0
2023-06-27,HAY_POINT,DHAMRA,Coking Coal,505.0,Coking Coal,70000.0
2023-06-27,TANJUNG_BARA,PARADIP,Thermal Coal,505.0,Thermal Coal,70000.0
2023-06-27,HAY_POINT,VISAKHAPATNAM,Coking Coal,505.0,Coking Coal,70000.0
2023-06-27,MAPUTO,VISAKHAPATNAM,Coking Coal,505.0,Coking Coal,70000.0
2023-06-27,NEWCASTLE,DHAMRA,Thermal Coal,505.0,Thermal Coal,70000.0
2023-06-27,BALIKPAPAN,KAMARAJAR,Thermal Coal,505.0,Thermal Coal,70000.0
2023-06-27,GLADSTONE,PARADIP,Coking Coal,505.0,Coking Coal,70000.0
2023-06-27,RICHARDS_BAY,PARADIP,Thermal Coal,505.0,Thermal Coal,70000.0
2023-06-27,TANJUNG_BARA,DHAMRA,Thermal Coal,505.0,Thermal Coal,70000.0
2023-06-28,MAPUTO,VISAKHAPATNAM,Coking Coal,505.2,Coking Coal,70000.0
2023-06-28,RICHARDS_BAY,PARADIP,Thermal Coal,505.2,Thermal Coal,70000.0
2023-06-28,NEWCASTLE,DHAMRA,Thermal Coal,505.2,Thermal Coal,70000.0
2023-06-28,HAY_POINT,VISAKHAPATNAM,Coking Coal,505.2,Coking Coal,70000.0
2023-06-28,TANJUNG_BARA,DHAMRA,Thermal Coal,505.2,Thermal Coal,70000.0
2023-06-28,GLADSTONE,PARADIP,Coking Coal,505.2,Coking Coal,70000.0
2023-06-28,HAY_POINT,PARADIP,Coking Coal,505.2,Coking Coal,70000.0
2023-06-28,BALIKPAPAN,KAMARAJAR,Thermal Coal,505.2,Thermal Coal,70000.0
2023-06-28,HAY_POINT,DHAMRA,Coking Coal,505.2,Coking Coal,70000.0
2023-06-28,TANJUNG_BARA,PARADIP,Thermal Coal,505.2,Thermal Coal,70000.0
2023-06-29,RICHARDS_BAY,PARADIP,Thermal Coal,509.2,Thermal Coal,70000.0
2023-06-29,GLADSTONE,PARADIP,Coking Coal,509.2,Coking Coal,70000.0
2023-06-29,MAPUTO,VISAKHAPATNAM,Coking Coal,509.2,Coking Coal,70000.0
2023-06-29,HAY_POINT,DHAMRA,Coking Coal,509.2,Coking Coal,70000.0
2023-06-29,NEWCASTLE,DHAMRA,Thermal Coal,509.2,Thermal Coal,70000.0
2023-06-29,HAY_POINT,PARADIP,Coking Coal,509.2,Coking Coal,70000.0
2023-06-29,HAY_POINT,VISAKHAPATNAM,Coking Coal,509.2,Coking Coal,70000.0
2023-06-29,BALIKPAPAN,KAMARAJAR,Thermal Coal,509.2,Thermal Coal,70000.0
2023-06-29,TANJUNG_BARA,DHAMRA,Thermal Coal,509.2,Thermal Coal,70000.0
2023-06-29,TANJUNG_BARA,PARADIP,Thermal Coal,509.2,Thermal Coal,70000.0
2023-06-30,HAY_POINT,PARADIP,Coking Coal,504.7,Coking Coal,70000.0
2023-06-30,TANJUNG_BARA,PARADIP,Thermal Coal,504.7,Thermal Coal,70000.0
2023-06-30,BALIKPAPAN,KAMARAJAR,Thermal Coal,504.7,Thermal Coal,70000.0
2023-06-30,HAY_POINT,DHAMRA,Coking Coal,504.7,Coking Coal,70000.0
2023-06-30,HAY_POINT,VISAKHAPATNAM,Coking Coal,504.7,Coking Coal,70000.0
2023-06-30,TANJUNG_BARA,DHAMRA,Thermal Coal,504.7,Thermal Coal,70000.0
2023-06-30,RICHARDS_BAY,PARADIP,Thermal Coal,504.7,Thermal Coal,70000.0
2023-06-30,NEWCASTLE,DHAMRA,Thermal Coal,504.7,Thermal Coal,70000.0
2023-06-30,GLADSTONE,PARADIP,Coking Coal,504.7,Coking Coal,70000.0
2023-06-30,MAPUTO,VISAKHAPATNAM,Coking Coal,504.7,Coking Coal,70000.0
2023-07-01,GLADSTONE,PARADIP,Coking Coal,494.8,Coking Coal,70000.0
2023-07-01,TANJUNG_BARA,DHAMRA,Thermal Coal,494.8,Thermal Coal,70000.0
2023-07-01,NEWCASTLE,DHAMRA,Thermal Coal,494.8,Thermal Coal,70000.0
2023-07-01,TANJUNG_BARA,PARADIP,Thermal Coal,494.8,Thermal Coal,70000.0
2023-07-01,MAPUTO,VISAKHAPATNAM,Coking Coal,494.8,Coking Coal,70000.0
2023-07-01,BALIKPAPAN,KAMARAJAR,Thermal Coal,494.8,Thermal Coal,70000.0
2023-07-01,HAY_POINT,DHAMRA,Coking Coal,494.8,Coking Coal,70000.0
2023-07-01,HAY_POINT,PARADIP,Coking Coal,494.8,Coking Coal,70000.0
2023-07-01,HAY_POINT,VISAKHAPATNAM,Coking Coal,494.8,Coking Coal,70000.0
2023-07-01,RICHARDS_BAY,PARADIP,Thermal Coal,494.8,Thermal Coal,70000.0
2023-07-02,MAPUTO,VISAKHAPATNAM,Coking Coal,494.0,Coking Coal,70000.0
2023-07-02,GLADSTONE,PARADIP,Coking Coal,494.0,Coking Coal,70000.0
2023-07-02,RICHARDS_BAY,PARADIP,Thermal Coal,494.0,Thermal Coal,70000.0
2023-07-02,HAY_POINT,VISAKHAPATNAM,Coking Coal,494.0,Coking Coal,70000.0
2023-07-02,TANJUNG_BARA,DHAMRA,Thermal Coal,494.0,Thermal Coal,70000.0
2023-07-02,TANJUNG_BARA,PARADIP,Thermal Coal,494.0,Thermal Coal,70000.0
2023-07-02,HAY_POINT,PARADIP,Coking Coal,494.0,Coking Coal,70000.0
2023-07-02,HAY_POINT,DHAMRA,Coking Coal,494.0,Coking Coal,70000.0
2023-07-02,BALIKPAPAN,KAMARAJAR,Thermal Coal,494.0,Thermal Coal,70000.0
2023-07-02,NEWCASTLE,DHAMRA,Thermal Coal,494.0,Thermal Coal,70000.0
2023-07-03,TANJUNG_BARA,PARADIP,Thermal Coal,494.3,Thermal Coal,70000.0
2023-07-03,NEWCASTLE,DHAMRA,Thermal Coal,494.3,Thermal Coal,70000.0
2023-07-03,HAY_POINT,DHAMRA,Coking Coal,494.3,Coking Coal,70000.0
2023-07-03,BALIKPAPAN,KAMARAJAR,Thermal Coal,494.3,Thermal Coal,70000.0
2023-07-03,MAPUTO,VISAKHAPATNAM,Coking Coal,494.3,Coking Coal,70000.0
2023-07-03,HAY_POINT,PARADIP,Coking Coal,494.3,Coking Coal,70000.0
2023-07-03,GLADSTONE,PARADIP,Coking Coal,494.3,Coking Coal,70000.0
2023-07-03,HAY_POINT,VISAKHAPATNAM,Coking Coal,494.3,Coking Coal,70000.0
2023-07-03,TANJUNG_BARA,DHAMRA,Thermal Coal,494.3,Thermal Coal,70000.0
2023-07-03,RICHARDS_BAY,PARADIP,Thermal Coal,494.3,Thermal Coal,70000.0
2023-07-04,MAPUTO,VISAKHAPATNAM,Coking Coal,495.4,Coking Coal,70000.0
2023-07-04,HAY_POINT,VISAKHAPATNAM,Coking Coal,495.4,Coking Coal,70000.0
2023-07-04,NEWCASTLE,DHAMRA,Thermal Coal,495.4,Thermal Coal,70000.0
2023-07-04,TANJUNG_BARA,DHAMRA,Thermal Coal,495.4,Thermal Coal,70000.0
2023-07-04,GLADSTONE,PARADIP,Coking Coal,495.4,Coking Coal,70000.0
2023-07-04,HAY_POINT,PARADIP,Coking Coal,495.4,Coking Coal,70000.0
2023-07-04,TANJUNG_BARA,PARADIP,Thermal Coal,495.4,Thermal Coal,70000.0
2023-07-04,RICHARDS_BAY,PARADIP,Thermal Coal,495.4,Thermal Coal,70000.0
2023-07-04,HAY_POINT,DHAMRA,Coking Coal,495.4,Coking Coal,70000.0
2023-07-04,BALIKPAPAN,KAMARAJAR,Thermal Coal,495.4,Thermal Coal,70000.0
2023-07-05,HAY_POINT,PARADIP,Coking Coal,493.4,Coking Coal,70000.0
2023-07-05,RICHARDS_BAY,PARADIP,Thermal Coal,493.4,Thermal Coal,70000.0
2023-07-05,BALIKPAPAN,KAMARAJAR,Thermal Coal,493.4,Thermal Coal,70000.0
2023-07-05,HAY_POINT,DHAMRA,Coking Coal,493.4,Coking Coal,70000.0
2023-07-05,GLADSTONE,PARADIP,Coking Coal,493.4,Coking Coal,70000.0
2023-07-05,TANJUNG_BARA,DHAMRA,Thermal Coal,493.4,Thermal Coal,70000.0
2023-07-05,TANJUNG_BARA,PARADIP,Thermal Coal,493.4,Thermal Coal,70000.0
2023-07-05,HAY_POINT,VISAKHAPATNAM,Coking Coal,493.4,Coking Coal,70000.0
2023-07-05,MAPUTO,VISAKHAPATNAM,Coking Coal,493.4,Coking Coal,70000.0
2023-07-05,NEWCASTLE,DHAMRA,Thermal Coal,493.4,Thermal Coal,70000.0
2023-07-06,HAY_POINT,PARADIP,Coking Coal,491.7,Coking Coal,70000.0
2023-07-06,HAY_POINT,VISAKHAPATNAM,Coking Coal,491.7,Coking Coal,70000.0
2023-07-06,TANJUNG_BARA,DHAMRA,Thermal Coal,491.7,Thermal Coal,70000.0
2023-07-06,RICHARDS_BAY,PARADIP,Thermal Coal,491.7,Thermal Coal,70000.0
2023-07-06,MAPUTO,VISAKHAPATNAM,Coking Coal,491.7,Coking Coal,70000.0
2023-07-06,HAY_POINT,DHAMRA,Coking Coal,491.7,Coking Coal,70000.0
2023-07-06,BALIKPAPAN,KAMARAJAR,Thermal Coal,491.7,Thermal Coal,70000.0
2023-07-06,NEWCASTLE,DHAMRA,Thermal Coal,491.7,Thermal Coal,70000.0
2023-07-06,TANJUNG_BARA,PARADIP,Thermal Coal,491.7,Thermal Coal,70000.0
2023-07-06,GLADSTONE,PARADIP,Coking Coal,491.7,Coking Coal,70000.0
2023-07-07,BALIKPAPAN,KAMARAJAR,Thermal Coal,495.2,Thermal Coal,70000.0
2023-07-07,HAY_POINT,DHAMRA,Coking Coal,495.2,Coking Coal,70000.0
2023-07-07,MAPUTO,VISAKHAPATNAM,Coking Coal,495.2,Coking Coal,70000.0
2023-07-07,HAY_POINT,PARADIP,Coking Coal,495.2,Coking Coal,70000.0
2023-07-07,GLADSTONE,PARADIP,Coking Coal,495.2,Coking Coal,70000.0
2023-07-07,TANJUNG_BARA,DHAMRA,Thermal Coal,495.2,Thermal Coal,70000.0
2023-07-07,HAY_POINT,VISAKHAPATNAM,Coking Coal,495.2,Coking Coal,70000.0
2023-07-07,TANJUNG_BARA,PARADIP,Thermal Coal,495.2,Thermal Coal,70000.0
2023-07-07,NEWCASTLE,DHAMRA,Thermal Coal,495.2,Thermal Coal,70000.0
2023-07-07,RICHARDS_BAY,PARADIP,Thermal Coal,495.2,Thermal Coal,70000.0
2023-07-08,HAY_POINT,DHAMRA,Coking Coal,493.6,Coking Coal,70000.0
2023-07-08,HAY_POINT,PARADIP,Coking Coal,493.6,Coking Coal,70000.0
2023-07-08,TANJUNG_BARA,DHAMRA,Thermal Coal,493.6,Thermal Coal,70000.0
2023-07-08,TANJUNG_BARA,PARADIP,Thermal Coal,493.6,Thermal Coal,70000.0
2023-07-08,HAY_POINT,VISAKHAPATNAM,Coking Coal,493.6,Coking Coal,70000.0
2023-07-08,BALIKPAPAN,KAMARAJAR,Thermal Coal,493.6,Thermal Coal,70000.0
2023-07-08,MAPUTO,VISAKHAPATNAM,Coking Coal,493.6,Coking Coal,70000.0
2023-07-08,RICHARDS_BAY,PARADIP,Thermal Coal,493.6,Thermal Coal,70000.0
2023-07-08,NEWCASTLE,DHAMRA,Thermal Coal,493.6,Thermal Coal,70000.0
2023-07-08,GLADSTONE,PARADIP,Coking Coal,493.6,Coking Coal,70000.0
2023-07-09,HAY_POINT,VISAKHAPATNAM,Coking Coal,486.1,Coking Coal,70000.0
2023-07-09,TANJUNG_BARA,PARADIP,Thermal Coal,486.1,Thermal Coal,70000.0
2023-07-09,GLADSTONE,PARADIP,Coking Coal,486.1,Coking Coal,70000.0
2023-07-09,MAPUTO,VISAKHAPATNAM,Coking Coal,486.1,Coking Coal,70000.0
2023-07-09,NEWCASTLE,DHAMRA,Thermal Coal,486.1,Thermal Coal,70000.0
2023-07-09,HAY_POINT,DHAMRA,Coking Coal,486.1,Coking Coal,70000.0
2023-07-09,TANJUNG_BARA,DHAMRA,Thermal Coal,486.1,Thermal Coal,70000.0
2023-07-09,HAY_POINT,PARADIP,Coking Coal,486.1,Coking Coal,70000.0
2023-07-09,BALIKPAPAN,KAMARAJAR,Thermal Coal,486.1,Thermal Coal,70000.0
2023-07-09,RICHARDS_BAY,PARADIP,Thermal Coal,486.1,Thermal Coal,70000.0
2023-07-10,MAPUTO,VISAKHAPATNAM,Coking Coal,492.8,Coking Coal,70000.0
2023-07-10,NEWCASTLE,DHAMRA,Thermal Coal,492.8,Thermal Coal,70000.0
2023-07-10,TANJUNG_BARA,PARADIP,Thermal Coal,492.8,Thermal Coal,70000.0
2023-07-10,HAY_POINT,PARADIP,Coking Coal,492.8,Coking Coal,70000.0
2023-07-10,HAY_POINT,VISAKHAPATNAM,Coking Coal,492.8,Coking Coal,70000.0
2023-07-10,RICHARDS_BAY,PARADIP,Thermal Coal,492.8,Thermal Coal,70000.0
2023-07-10,GLADSTONE,PARADIP,Coking Coal,492.8,Coking Coal,70000.0
2023-07-10,BALIKPAPAN,KAMARAJAR,Thermal Coal,492.8,Thermal Coal,70000.0
2023-07-10,TANJUNG_BARA,DHAMRA,Thermal Coal,492.8,Thermal Coal,70000.0
2023-07-10,HAY_POINT,DHAMRA,Coking Coal,492.8,Coking Coal,70000.0
2023-07-11,HAY_POINT,PARADIP,Coking Coal,496.1,Coking Coal,70000.0
2023-07-11,BALIKPAPAN,KAMARAJAR,Thermal Coal,496.1,Thermal Coal,70000.0
2023-07-11,HAY_POINT,DHAMRA,Coking Coal,496.1,Coking Coal,70000.0
2023-07-11,GLADSTONE,PARADIP,Coking Coal,496.1,Coking Coal,70000.0
2023-07-11,NEWCASTLE,DHAMRA,Thermal Coal,496.1,Thermal Coal,70000.0
2023-07-11,TANJUNG_BARA,PARADIP,Thermal Coal,496.1,Thermal Coal,70000.0
2023-07-11,RICHARDS_BAY,PARADIP,Thermal Coal,496.1,Thermal Coal,70000.0
2023-07-11,MAPUTO,VISAKHAPATNAM,Coking Coal,496.1,Coking Coal,70000.0
2023-07-11,HAY_POINT,VISAKHAPATNAM,Coking Coal,496.1,Coking Coal,70000.0
2023-07-11,TANJUNG_BARA,DHAMRA,Thermal Coal,496.1,Thermal Coal,70000.0
2023-07-12,RICHARDS_BAY,PARADIP,Thermal Coal,499.2,Thermal Coal,70000.0
2023-07-12,TANJUNG_BARA,DHAMRA,Thermal Coal,499.2,Thermal Coal,70000.0
2023-07-12,MAPUTO,VISAKHAPATNAM,Coking Coal,499.2,Coking Coal,70000.0
2023-07-12,TANJUNG_BARA,PARADIP,Thermal Coal,499.2,Thermal Coal,70000.0
2023-07-12,HAY_POINT,VISAKHAPATNAM,Coking Coal,499.2,Coking Coal,70000.0
2023-07-12,GLADSTONE,PARADIP,Coking Coal,499.2,Coking Coal,70000.0
2023-07-12,BALIKPAPAN,KAMARAJAR,Thermal Coal,499.2,Thermal Coal,70000.0
2023-07-12,NEWCASTLE,DHAMRA,Thermal Coal,499.2,Thermal Coal,70000.0
2023-07-12,HAY_POINT,DHAMRA,Coking Coal,499.2,Coking Coal,70000.0
2023-07-12,HAY_POINT,PARADIP,Coking Coal,499.2,Coking Coal,70000.0
2023-07-13,BALIKPAPAN,KAMARAJAR,Thermal Coal,500.6,Thermal Coal,70000.0
2023-07-13,HAY_POINT,DHAMRA,Coking Coal,500.6,Coking Coal,70000.0
2023-07-13,GLADSTONE,PARADIP,Coking Coal,500.6,Coking Coal,70000.0
2023-07-13,TANJUNG_BARA,DHAMRA,Thermal Coal,500.6,Thermal Coal,70000.0
2023-07-13,TANJUNG_BARA,PARADIP,Thermal Coal,500.6,Thermal Coal,70000.0
2023-07-13,NEWCASTLE,DHAMRA,Thermal Coal,500.6,Thermal Coal,70000.0
2023-07-13,HAY_POINT,VISAKHAPATNAM,Coking Coal,500.6,Coking Coal,70000.0
2023-07-13,RICHARDS_BAY,PARADIP,Thermal Coal,500.6,Thermal Coal,70000.0
2023-07-13,HAY_POINT,PARADIP,Coking Coal,500.6,Coking Coal,70000.0
2023-07-13,MAPUTO,VISAKHAPATNAM,Coking Coal,500.6,Coking Coal,70000.0
2023-07-14,HAY_POINT,PARADIP,Coking Coal,509.6,Coking Coal,70000.0
2023-07-14,HAY_POINT,VISAKHAPATNAM,Coking Coal,509.6,Coking Coal,70000.0
2023-07-14,MAPUTO,VISAKHAPATNAM,Coking Coal,509.6,Coking Coal,70000.0
2023-07-14,HAY_POINT,DHAMRA,Coking Coal,509.6,Coking Coal,70000.0
2023-07-14,BALIKPAPAN,KAMARAJAR,Thermal Coal,509.6,Thermal Coal,70000.0
2023-07-14,GLADSTONE,PARADIP,Coking Coal,509.6,Coking Coal,70000.0
2023-07-14,RICHARDS_BAY,PARADIP,Thermal Coal,509.6,Thermal Coal,70000.0
2023-07-14,NEWCASTLE,DHAMRA,Thermal Coal,509.6,Thermal Coal,70000.0
2023-07-14,TANJUNG_BARA,PARADIP,Thermal Coal,509.6,Thermal Coal,70000.0
2023-07-14,TANJUNG_BARA,DHAMRA,Thermal Coal,509.6,Thermal Coal,70000.0
2023-07-15,BALIKPAPAN,KAMARAJAR,Thermal Coal,507.8,Thermal Coal,70000.0
2023-07-15,RICHARDS_BAY,PARADIP,Thermal Coal,507.8,Thermal Coal,70000.0
2023-07-15,TANJUNG_BARA,PARADIP,Thermal Coal,507.8,Thermal Coal,70000.0
2023-07-15,HAY_POINT,DHAMRA,Coking Coal,507.8,Coking Coal,70000.0
2023-07-15,NEWCASTLE,DHAMRA,Thermal Coal,507.8,Thermal Coal,70000.0
2023-07-15,HAY_POINT,VISAKHAPATNAM,Coking Coal,507.8,Coking Coal,70000.0
2023-07-15,MAPUTO,VISAKHAPATNAM,Coking Coal,507.8,Coking Coal,70000.0
2023-07-15,TANJUNG_BARA,DHAMRA,Thermal Coal,507.8,Thermal Coal,70000.0
2023-07-15,GLADSTONE,PARADIP,Coking Coal,507.8,Coking Coal,70000.0
2023-07-15,HAY_POINT,PARADIP,Coking Coal,507.8,Coking Coal,70000.0
2023-07-16,TANJUNG_BARA,PARADIP,Thermal Coal,504.4,Thermal Coal,70000.0
2023-07-16,TANJUNG_BARA,DHAMRA,Thermal Coal,504.4,Thermal Coal,70000.0
2023-07-16,RICHARDS_BAY,PARADIP,Thermal Coal,504.4,Thermal Coal,70000.0
2023-07-16,BALIKPAPAN,KAMARAJAR,Thermal Coal,504.4,Thermal Coal,70000.0
2023-07-16,GLADSTONE,PARADIP,Coking Coal,504.4,Coking Coal,70000.0
2023-07-16,HAY_POINT,PARADIP,Coking Coal,504.4,Coking Coal,70000.0
2023-07-16,HAY_POINT,VISAKHAPATNAM,Coking Coal,504.4,Coking Coal,70000.0
2023-07-16,HAY_POINT,DHAMRA,Coking Coal,504.4,Coking Coal,70000.0
2023-07-16,NEWCASTLE,DHAMRA,Thermal Coal,504.4,Thermal Coal,70000.0
2023-07-16,MAPUTO,VISAKHAPATNAM,Coking Coal,504.4,Coking Coal,70000.0
2023-07-17,TANJUNG_BARA,PARADIP,Thermal Coal,506.3,Thermal Coal,70000.0
2023-07-17,HAY_POINT,VISAKHAPATNAM,Coking Coal,506.3,Coking Coal,70000.0
2023-07-17,HAY_POINT,PARADIP,Coking Coal,506.3,Coking Coal,70000.0
2023-07-17,BALIKPAPAN,KAMARAJAR,Thermal Coal,506.3,Thermal Coal,70000.0
2023-07-17,MAPUTO,VISAKHAPATNAM,Coking Coal,506.3,Coking Coal,70000.0
2023-07-17,RICHARDS_BAY,PARADIP,Thermal Coal,506.3,Thermal Coal,70000.0
2023-07-17,TANJUNG_BARA,DHAMRA,Thermal Coal,506.3,Thermal Coal,70000.0
2023-07-17,HAY_POINT,DHAMRA,Coking Coal,506.3,Coking Coal,70000.0
2023-07-17,GLADSTONE,PARADIP,Coking Coal,506.3,Coking Coal,70000.0
2023-07-17,NEWCASTLE,DHAMRA,Thermal Coal,506.3,Thermal Coal,70000.0
2023-07-18,NEWCASTLE,DHAMRA,Thermal Coal,504.3,Thermal Coal,70000.0
2023-07-18,HAY_POINT,DHAMRA,Coking Coal,504.3,Coking Coal,70000.0
2023-07-18,HAY_POINT,PARADIP,Coking Coal,504.3,Coking Coal,70000.0
2023-07-18,TANJUNG_BARA,DHAMRA,Thermal Coal,504.3,Thermal Coal,70000.0
2023-07-18,MAPUTO,VISAKHAPATNAM,Coking Coal,504.3,Coking Coal,70000.0
2023-07-18,GLADSTONE,PARADIP,Coking Coal,504.3,Coking Coal,70000.0
2023-07-18,HAY_POINT,VISAKHAPATNAM,Coking Coal,504.3,Coking Coal,70000.0
2023-07-18,TANJUNG_BARA,PARADIP,Thermal Coal,504.3,Thermal Coal,70000.0
2023-07-18,BALIKPAPAN,KAMARAJAR,Thermal Coal,504.3,Thermal Coal,70000.0
2023-07-18,RICHARDS_BAY,PARADIP,Thermal Coal,504.3,Thermal Coal,70000.0
2023-07-19,RICHARDS_BAY,PARADIP,Thermal Coal,502.5,Thermal Coal,70000.0
2023-07-19,MAPUTO,VISAKHAPATNAM,Coking Coal,502.5,Coking Coal,70000.0
2023-07-19,GLADSTONE,PARADIP,Coking Coal,502.5,Coking Coal,70000.0
2023-07-19,HAY_POINT,VISAKHAPATNAM,Coking Coal,502.5,Coking Coal,70000.0
2023-07-19,HAY_POINT,DHAMRA,Coking Coal,502.5,Coking Coal,70000.0
2023-07-19,NEWCASTLE,DHAMRA,Thermal Coal,502.5,Thermal Coal,70000.0
2023-07-19,TANJUNG_BARA,DHAMRA,Thermal Coal,502.5,Thermal Coal,70000.0
2023-07-19,BALIKPAPAN,KAMARAJAR,Thermal Coal,502.5,Thermal Coal,70000.0
2023-07-19,TANJUNG_BARA,PARADIP,Thermal Coal,502.5,Thermal Coal,70000.0
2023-07-19,HAY_POINT,PARADIP,Coking Coal,502.5,Coking Coal,70000.0
